{"type":"FeatureCollection","features":[{"type":"Feature","geometry":{"type":"Polygon","coordinates":[[[77.6381295,12.957419],[77.6382029,12.9577458],[77.6357934,12.9580494],[77.6346862,12.9612776],[77.6342715,12.961713],[77.6345299,12.9617283],[77.6348452,12.9626],[77.6352207,12.9625026],[77.6351419,12.9634021],[77.6342424,12.9634392],[77.6342815,12.965417],[77.6350588,12.9652129],[77.6370078,12.9669343],[77.63598,12.9690284],[77.6360023,12.9716273],[77.6339573,12.9709132],[77.6340221,12.9704759],[77.6336887,12.9701865],[77.6330015,12.9687844],[77.6293134,12.9684509],[77.6289606,12.9684528],[77.6289312,12.9682322],[77.6265717,12.9681594],[77.6264682,12.9702565],[77.6255801,12.9721505],[77.6281002,12.9737988],[77.6269807,12.9745139],[77.6278228,12.9757181],[77.6296488,12.9742092],[77.6295195,12.9739697],[77.6310274,12.9733456],[77.6331585,12.9732474],[77.6325166,12.9753558],[77.6315268,12.976512],[77.6285365,12.9781052],[77.6270887,12.9771741],[77.626386,12.9759356],[77.621706,12.972871],[77.6201296,12.9727098],[77.6193228,12.972479],[77.619525,12.9718501],[77.6202434,12.9673168],[77.6205155,12.9666839],[77.6195521,12.9655216],[77.6176715,12.9653224],[77.6206057,12.958637],[77.6212018,12.957618],[77.6209455,12.9559183],[77.6233664,12.9546906],[77.6233097,12.9543661],[77.6238522,12.9542375],[77.6237913,12.9539979],[77.6248089,12.953619],[77.6261523,12.9517253],[77.62712,12.9496525],[77.6268032,12.949476],[77.6276158,12.9486403],[77.6299975,12.9443383],[77.6333024,12.9373408],[77.6357842,12.9348291],[77.6390506,12.9307884],[77.6395458,12.9304957],[77.6397021,12.9296471],[77.6417688,12.9293244],[77.6418237,12.9279778],[77.6413336,12.9262075],[77.6408163,12.9259532],[77.639313,12.9259197],[77.6391158,12.9256698],[77.6392906,12.9240577],[77.6413746,12.9233783],[77.6455117,12.9244747],[77.6496308,12.9246407],[77.6516371,12.9242352],[77.6515009,12.9211978],[77.6535999,12.9209619],[77.6536118,12.9204514],[77.654664,12.9204497],[77.6603541,12.9163445],[77.6619953,12.9182611],[77.6627896,12.921198],[77.6611605,12.9216122],[77.6618286,12.9238526],[77.6627575,12.9267285],[77.6619474,12.926523],[77.6622088,12.9279361],[77.6626312,12.9285372],[77.6618169,12.9289614],[77.6610932,12.9298217],[77.6591243,12.929418],[77.6550655,12.9349074],[77.6592307,12.9374772],[77.6605643,12.9380296],[77.6604083,12.9382976],[77.6589099,12.9382971],[77.6589215,12.9379797],[77.6581389,12.9378962],[77.658056,12.9398506],[77.656775,12.9401076],[77.654676,12.9402196],[77.6510327,12.9421957],[77.6501083,12.9426862],[77.6487322,12.9435304],[77.6448709,12.9470506],[77.6441879,12.9473979],[77.6442757,12.9476099],[77.6437252,12.9478274],[77.6437703,12.948038],[77.6406492,12.950653],[77.6401833,12.9511679],[77.6399169,12.9511933],[77.6366108,12.955417],[77.6363436,12.9565807],[77.6369592,12.9564863],[77.6372063,12.9569742],[77.6375274,12.9569439],[77.6381295,12.957419]]]},"properties":{"ward_key":"ward_369_final.1","ward_no":24,"ward_name":"Agaram","ward_name_kn":"ಅಗರಂ","corporation":"Central"}},{"type":"Feature","geometry":{"type":"Polygon","coordinates":[[[77.5657501,13.0465121],[77.5733878,13.0472725],[77.5748602,13.0473508],[77.5759577,13.0474422],[77.5759545,13.0488],[77.5757523,13.0495969],[77.5748385,13.0508799],[77.5749031,13.0525888],[77.5768273,13.0573488],[77.5789602,13.0563873],[77.5797436,13.0581934],[77.5816338,13.0574637],[77.5819694,13.058381],[77.5838283,13.0581451],[77.5839826,13.0585332],[77.5807096,13.0589581],[77.5766804,13.0598868],[77.5757838,13.0628865],[77.5730347,13.0607797],[77.5715651,13.0586507],[77.5641453,13.045593],[77.5657501,13.0465121]]]},"properties":{"ward_key":"ward_369_final.10","ward_no":13,"ward_name":"Kodigehalli","ward_name_kn":"ಕೊಡಿಗೆಹಳ್ಳಿ","corporation":"North"}},{"type":"Feature","geometry":{"type":"GeometryCollection","geometries":[{"type":"LineString","coordinates":[[77.5541287,13.0150546],[77.5540197,13.0148751]]},{"type":"Polygon","coordinates":[[[77.5366341,13.0261986],[77.5349594,13.0264764],[77.5341383,13.0250038],[77.5310218,13.0266691],[77.5284557,13.0210027],[77.527697,13.0210605],[77.5274136,13.0208928],[77.5274314,13.020654],[77.5280737,13.0198989],[77.5286147,13.0197844],[77.5286582,13.0193814],[77.5292531,13.0194531],[77.5292706,13.018821],[77.5304415,13.0186779],[77.5303775,13.0184278],[77.5316896,13.018275],[77.532635,13.0221466],[77.5355638,13.0214234],[77.5398419,13.0190878],[77.5442351,13.0263361],[77.5513704,13.0222979],[77.5531531,13.0190709],[77.5540734,13.0156752],[77.5541287,13.0150546],[77.5558077,13.0157677],[77.5500402,13.0260516],[77.5466142,13.0335389],[77.544358,13.0376142],[77.5429546,13.0392901],[77.5419507,13.0383125],[77.5400813,13.0288159],[77.5394219,13.0271938],[77.5386132,13.0276438],[77.5384071,13.0261513],[77.5366341,13.0261986]]]}]},"properties":{"ward_key":"ward_369_final.100","ward_no":35,"ward_name":"Goraguntepalya","ward_name_kn":"ಗೋರಗುಂಟೆಪಾಳ್ಯ","corporation":"West"}},{"type":"Feature","geometry":{"type":"Polygon","coordinates":[[[77.5092502,12.9882006],[77.5104389,12.9882009],[77.5111661,12.9883218],[77.5122839,12.9879015],[77.5114468,12.9857489],[77.5107114,12.9844057],[77.5110373,12.9819822],[77.5109903,12.9810244],[77.5160734,12.9800962],[77.5143019,12.9770539],[77.5134614,12.9746645],[77.5150086,12.9742357],[77.5148879,12.9727529],[77.5143685,12.9710042],[77.5154407,12.9706629],[77.5156053,12.9704277],[77.5159356,12.9703533],[77.5179397,12.9698234],[77.518535,12.9709052],[77.5178793,12.9720556],[77.5181021,12.9729095],[77.5176266,12.9732066],[77.5173118,12.9732221],[77.5178215,12.975128],[77.5185989,12.9755563],[77.5184356,12.9765315],[77.5193118,12.9789116],[77.519725,12.9796338],[77.5191686,12.9804207],[77.5187639,12.9812742],[77.5182392,12.9824659],[77.519462,12.9844417],[77.519823,12.985807],[77.5198962,12.9863868],[77.520331,12.9871438],[77.520061,12.9877697],[77.5211635,12.9908849],[77.5217823,12.9921846],[77.5223871,12.9923188],[77.5230049,12.9933025],[77.5231971,12.9943802],[77.5238609,12.9957556],[77.5247094,12.9966608],[77.5249703,12.997727],[77.5254709,12.9978666],[77.5261895,12.9978069],[77.526204,12.9982593],[77.5259931,12.9985437],[77.520864,12.9972497],[77.5160299,12.9951376],[77.5133973,12.9939247],[77.508213,12.9927013],[77.5076475,12.9891281],[77.5086058,12.9889163],[77.5092502,12.9882006]]]},"properties":{"ward_key":"ward_369_final.101","ward_no":28,"ward_name":"Kottegepalya","ward_name_kn":"ಕೊಟ್ಟಿಗೆಪಾಳ್ಯ","corporation":"West"}},{"type":"Feature","geometry":{"type":"Polygon","coordinates":[[[77.5119449,13.0500773],[77.5149515,13.0492635],[77.5134123,13.0443082],[77.5130481,13.0428994],[77.5166433,13.0415576],[77.5183874,13.0399356],[77.5221339,13.0459525],[77.5115594,13.053356],[77.5108081,13.0510444],[77.5120239,13.0505472],[77.5119449,13.0500773]]]},"properties":{"ward_key":"ward_369_final.102","ward_no":72,"ward_name":"Dasarahalli","ward_name_kn":"ದಾಸರಹಳ್ಳಿ","corporation":"North"}},{"type":"Feature","geometry":{"type":"Polygon","coordinates":[[[77.5443769,12.9808042],[77.5428101,12.9808865],[77.5425691,12.9832775],[77.5420288,12.9831691],[77.5418776,12.9852533],[77.5423572,12.9851259],[77.5424278,12.9857016],[77.5392227,12.9872407],[77.5376984,12.9878795],[77.537494,12.9878022],[77.5370532,12.9834077],[77.5372393,12.9821163],[77.5367975,12.9806782],[77.541921,12.9786206],[77.5440304,12.9782368],[77.5443769,12.9808042]]]},"properties":{"ward_key":"ward_369_final.103","ward_no":69,"ward_name":"Agrahara Dasarahalli","ward_name_kn":"ಅಗ್ರಹಾರ ದಾಸರಹಳ್ಳಿ","corporation":"West"}},{"type":"Feature","geometry":{"type":"Polygon","coordinates":[[[77.5942276,13.0655087],[77.5949605,13.0653012],[77.5946834,13.064487],[77.5963873,13.0640677],[77.5962045,13.0612174],[77.6000404,13.0601274],[77.5992673,13.0589973],[77.5988608,13.0589449],[77.598463,13.0572852],[77.6007294,13.0567263],[77.6020571,13.0588066],[77.6021051,13.0602196],[77.6031302,13.0604257],[77.6046085,13.0615295],[77.6057639,13.0620305],[77.607429,13.0629589],[77.6081241,13.0632783],[77.6083461,13.0635312],[77.6092851,13.06343],[77.6097738,13.0666025],[77.6067375,13.0676193],[77.6066709,13.0646222],[77.60389,13.0645014],[77.6038615,13.0658451],[77.6041127,13.0657863],[77.6042609,13.0685139],[77.6034433,13.0688077],[77.6038388,13.0714143],[77.6015014,13.071209],[77.6018557,13.0728462],[77.5986509,13.0728033],[77.5974409,13.0687052],[77.5984973,13.0680226],[77.5982378,13.0660586],[77.5948158,13.0669218],[77.5942276,13.0655087]]]},"properties":{"ward_key":"ward_369_final.104","ward_no":16,"ward_name":"Amruthahalli","ward_name_kn":"ಅಮೃತಹಳ್ಳಿ","corporation":"North"}},{"type":"Feature","geometry":{"type":"Polygon","coordinates":[[[77.5619201,12.9134551],[77.5597292,12.9137988],[77.5578661,12.9134204],[77.5578822,12.9161762],[77.5574149,12.9161869],[77.5577972,12.9176455],[77.5571379,12.9178383],[77.5572651,12.9182278],[77.5569102,12.9183198],[77.5572262,12.9194703],[77.5579397,12.9193924],[77.5587212,12.9221797],[77.5562531,12.9229735],[77.5556991,12.9210233],[77.5539466,12.9209386],[77.5527048,12.9198077],[77.5521942,12.9197517],[77.5520019,12.9182274],[77.5514786,12.9169778],[77.5506125,12.915824],[77.5505052,12.9153186],[77.5524894,12.9148667],[77.5536342,12.9143473],[77.5521663,12.9118811],[77.5504006,12.9130956],[77.5500509,12.9115859],[77.5514464,12.9109914],[77.5523045,12.9116793],[77.5541452,12.9113236],[77.5548392,12.9115749],[77.5560133,12.9115892],[77.5571912,12.9116876],[77.5584586,12.9115429],[77.558374,12.9104776],[77.5585296,12.9087023],[77.5596777,12.9094968],[77.5601328,12.9099218],[77.5608077,12.9095391],[77.5619576,12.91086],[77.5621036,12.9121441],[77.562738,12.9120622],[77.56285,12.9129496],[77.5618722,12.9130678],[77.5619201,12.9134551]]]},"properties":{"ward_key":"ward_369_final.105","ward_no":1,"ward_name":"Padmanabhanagara","ward_name_kn":"ಪದ್ಮನಾಭನಗರ","corporation":"South"}},{"type":"Feature","geometry":{"type":"Polygon","coordinates":[[[77.5502083,12.9682974],[77.5511646,12.9677486],[77.5535299,12.9686311],[77.5545758,12.9689097],[77.5516365,12.9699243],[77.5528658,12.9713443],[77.5497294,12.9727475],[77.5470229,12.9722634],[77.5462665,12.9704569],[77.5464296,12.9703869],[77.5459803,12.9693849],[77.548457,12.9686824],[77.5481197,12.9679863],[77.5493372,12.9671206],[77.5502083,12.9682974]]]},"properties":{"ward_key":"ward_369_final.106","ward_no":86,"ward_name":"Vidyaranyanagara","ward_name_kn":"ವಿದ್ಯಾರಣ್ಯನಗರ","corporation":"West"}},{"type":"Feature","geometry":{"type":"Polygon","coordinates":[[[77.5826112,12.9962178],[77.5805805,12.9969436],[77.5773791,12.9938514],[77.5771079,12.9936573],[77.5779184,12.9921497],[77.5775715,12.9917366],[77.5798824,12.9909534],[77.5757957,12.9849555],[77.574798,12.9842968],[77.5749105,12.9841175],[77.5774452,12.9837094],[77.5766926,12.982644],[77.5767073,12.9813384],[77.5774343,12.9805847],[77.5810946,12.9800989],[77.5844508,12.9779289],[77.5810931,12.9730631],[77.5834763,12.971263],[77.5844437,12.9703627],[77.5845,12.9685868],[77.5852652,12.9677582],[77.5874398,12.9668117],[77.5866235,12.9657685],[77.5899498,12.9628105],[77.594132,12.9621872],[77.5951985,12.9625945],[77.5966238,12.9641917],[77.5968879,12.9647699],[77.5958784,12.9652042],[77.5950658,12.9665686],[77.5940009,12.9720868],[77.5951988,12.973556],[77.5993206,12.9766649],[77.5975122,12.980544],[77.5977464,12.9807369],[77.5923316,12.9826646],[77.5922911,12.9831142],[77.5932751,12.9857405],[77.5888942,12.9876666],[77.5890407,12.9865269],[77.5888836,12.9863659],[77.5874775,12.9878726],[77.5861164,12.9889279],[77.5857981,12.9895243],[77.5847657,12.9960052],[77.5829737,12.9955582],[77.5826112,12.9962178]]]},"properties":{"ward_key":"ward_369_final.107","ward_no":4,"ward_name":"Sampangirama Nagar","ward_name_kn":"ಸಂಪಂಗಿರಾಮ ನಗರ","corporation":"Central"}},{"type":"Feature","geometry":{"type":"Polygon","coordinates":[[[77.621706,12.972871],[77.626386,12.9759356],[77.6274536,12.9775421],[77.6282855,12.9779174],[77.6284069,12.9781895],[77.6264257,12.978677],[77.6264397,12.9792969],[77.6256943,12.9794817],[77.6258793,12.9802647],[77.6255016,12.9803215],[77.6255748,12.9807669],[77.6243124,12.9809016],[77.6245577,12.9818917],[77.6229285,12.9817399],[77.622314,12.9809744],[77.6219508,12.9800458],[77.6215808,12.9792112],[77.6205608,12.978643],[77.6202869,12.9780841],[77.6202695,12.9759438],[77.6200458,12.9737328],[77.6201296,12.9727098],[77.621706,12.972871]]]},"properties":{"ward_key":"ward_369_final.108","ward_no":8,"ward_name":"Halasuru","ward_name_kn":"ಹಲಸೂರು","corporation":"Central"}},{"type":"Feature","geometry":{"type":"Polygon","coordinates":[[[77.4970218,12.958468],[77.4974951,12.9585898],[77.5000399,12.9576234],[77.5005563,12.9588174],[77.5031838,12.9576111],[77.5047937,12.9621377],[77.5050778,12.9635615],[77.5048377,12.965642],[77.506803,12.9706335],[77.509389,12.9748846],[77.5095314,12.9752241],[77.5077252,12.9758301],[77.5076008,12.9756233],[77.5069368,12.9757293],[77.5069836,12.9759093],[77.5038313,12.9770172],[77.5040404,12.9777678],[77.5015867,12.9782839],[77.5020717,12.9798202],[77.4969959,12.9817738],[77.4957514,12.9791735],[77.4933442,12.9799424],[77.4933015,12.9788573],[77.4933787,12.9780255],[77.493542,12.9780892],[77.49377,12.9767595],[77.4941938,12.9761744],[77.4953271,12.9759117],[77.4945468,12.9738514],[77.494654,12.9714979],[77.4951957,12.9713628],[77.4955257,12.9709124],[77.4954613,12.9703405],[77.4971685,12.9701716],[77.4983905,12.970135],[77.4980149,12.9697766],[77.4985121,12.9695692],[77.4967829,12.9677099],[77.4969718,12.9672982],[77.4968327,12.9668161],[77.4965925,12.9665677],[77.4963688,12.9653829],[77.4965666,12.9650693],[77.4968772,12.9650369],[77.496801,12.9643894],[77.4962222,12.9642549],[77.4959738,12.9639411],[77.4952814,12.9625243],[77.4962865,12.9623212],[77.4961817,12.9618567],[77.4973077,12.961647],[77.4971512,12.9606624],[77.4963298,12.9608315],[77.4960103,12.9590206],[77.497075,12.9588382],[77.4970218,12.958468]]]},"properties":{"ward_key":"ward_369_final.109","ward_no":26,"ward_name":"Mallathahalli","ward_name_kn":"ಮಲ್ಲತ್ತಹಳ್ಳಿ","corporation":"West"}},{"type":"Feature","geometry":{"type":"Polygon","coordinates":[[[77.6729437,13.0069103],[77.672941,13.0072097],[77.6746076,13.0072248],[77.674464,13.0068221],[77.6749068,13.0062294],[77.6751486,13.0054712],[77.6756779,13.0056137],[77.6771247,13.0049897],[77.6769984,13.0033609],[77.6771112,13.0007411],[77.6831867,13.000547],[77.6834054,13.0016613],[77.6823265,13.0036167],[77.685021,13.0051109],[77.6821639,13.009876],[77.6807694,13.0109791],[77.6785429,13.0116961],[77.675503,13.011414],[77.6697066,13.0117771],[77.6694295,13.0108661],[77.6678199,13.0111145],[77.6676844,13.0102348],[77.6700518,13.0098692],[77.6699413,13.0092644],[77.6696873,13.009298],[77.6695996,13.0087269],[77.6708839,13.0086777],[77.6707122,13.0069419],[77.6729437,13.0069103]]]},"properties":{"ward_key":"ward_369_final.11","ward_no":16,"ward_name":"Kotthur","ward_name_kn":"ಕೊತ್ತೂರು","corporation":"East"}},{"type":"Feature","geometry":{"type":"Polygon","coordinates":[[[77.5082472,13.0515356],[77.5089269,13.0531078],[77.5092362,13.0538299],[77.5109605,13.053438],[77.5110912,13.0538164],[77.5114306,13.0537614],[77.5092559,13.0570836],[77.5072471,13.0567817],[77.5068164,13.0611446],[77.5009428,13.0701169],[77.4995979,13.0720321],[77.4994164,13.0719984],[77.498344,13.0732922],[77.4930138,13.073423],[77.4926848,13.0650954],[77.4929448,13.0621257],[77.4926783,13.0619146],[77.4919701,13.0600071],[77.4941953,13.0584203],[77.4962216,13.0572708],[77.4986144,13.057143],[77.4985366,13.056878],[77.5014485,13.0563131],[77.5013402,13.0557995],[77.5036449,13.0553441],[77.5035996,13.0542868],[77.5056874,13.0539563],[77.5052271,13.0523695],[77.5075297,13.0519277],[77.5078755,13.0519143],[77.5078421,13.0516166],[77.5082472,13.0515356]]]},"properties":{"ward_key":"ward_369_final.110","ward_no":69,"ward_name":"Bagalagunte","ward_name_kn":"ಬಾಗಲಗುಂಟೆ","corporation":"North"}},{"type":"Feature","geometry":{"type":"Polygon","coordinates":[[[77.7055872,13.0064785],[77.7053533,13.0064739],[77.7052876,13.0061991],[77.7057966,13.0061019],[77.7052084,13.0045075],[77.7083306,13.0042553],[77.708718,13.004263],[77.7143011,13.0045927],[77.7182941,13.0045485],[77.7191401,13.007042],[77.7197228,13.0100825],[77.719362,13.0101798],[77.7178068,13.0099096],[77.7179514,13.0112998],[77.7184333,13.0112254],[77.7185025,13.0122763],[77.7171099,13.0122318],[77.7170312,13.0141682],[77.7163395,13.0139375],[77.7155792,13.0131254],[77.7155657,13.0128448],[77.7144892,13.01299],[77.7143178,13.0116963],[77.7137444,13.0112563],[77.7121153,13.011053],[77.7100503,13.0111308],[77.7098175,13.0097268],[77.7046665,13.0104462],[77.7024564,13.0103811],[77.7022234,13.0105764],[77.7018674,13.0080336],[77.7030083,13.0078228],[77.7047131,13.0078405],[77.7046639,13.0073385],[77.70575,13.0071894],[77.7055872,13.0064785]]]},"properties":{"ward_key":"ward_369_final.111","ward_no":11,"ward_name":"Basavanapura","ward_name_kn":"ಬಸವನಪುರ","corporation":"East"}},{"type":"Feature","geometry":{"type":"Polygon","coordinates":[[[77.5415018,13.0008413],[77.5443206,13.0005794],[77.5443479,13.0000804],[77.5454658,12.9998285],[77.5462829,12.9999515],[77.5463857,12.9989873],[77.5477253,12.9988539],[77.5498904,12.9994836],[77.5486276,13.006882],[77.5487512,13.0077002],[77.5472963,13.007944],[77.5477971,13.010495],[77.5472606,13.0106197],[77.5470015,13.0092587],[77.5458438,13.0094537],[77.5451991,13.0090259],[77.5450038,13.0093161],[77.5442662,13.0088414],[77.5437267,13.0089159],[77.5435446,13.0086145],[77.5431527,13.0086653],[77.5430226,13.0080165],[77.5426201,13.0080911],[77.5423485,13.0071707],[77.542707,13.0070543],[77.5422109,13.0058719],[77.5411198,13.0061578],[77.5408645,13.0041927],[77.5381234,13.0050785],[77.5367034,13.0035986],[77.5365664,13.0033412],[77.5358191,13.0037201],[77.5365938,13.001237],[77.5402421,13.0022156],[77.5406686,13.002418],[77.5406818,13.0022512],[77.5411027,13.0024193],[77.5415018,13.0008413]]]},"properties":{"ward_key":"ward_369_final.112","ward_no":41,"ward_name":"Nagapura","ward_name_kn":"ನಾಗಪುರ","corporation":"West"}},{"type":"Feature","geometry":{"type":"GeometryCollection","geometries":[{"type":"LineString","coordinates":[[77.513832,12.9357882],[77.5133273,12.9356259]]},{"type":"Polygon","coordinates":[[[77.5186884,12.9449141],[77.5188237,12.9458949],[77.5186085,12.9459113],[77.5186614,12.9463494],[77.5196779,12.9461625],[77.5197282,12.9466113],[77.5200706,12.9465766],[77.5205811,12.9495732],[77.5219784,12.9493606],[77.5221815,12.9499036],[77.5225344,12.9493961],[77.5238539,12.9495714],[77.5266623,12.9486686],[77.5270341,12.9511755],[77.5254603,12.9515681],[77.5235414,12.9517532],[77.5236128,12.9524314],[77.5213857,12.9527143],[77.5214317,12.9528855],[77.5199559,12.9532063],[77.5197004,12.9545037],[77.5194571,12.9570663],[77.5188832,12.9581768],[77.5193938,12.9597784],[77.5203699,12.9606322],[77.5208511,12.9634024],[77.5204953,12.9635912],[77.5205173,12.9637541],[77.5198318,12.9639659],[77.5200489,12.9645462],[77.5192469,12.964622],[77.5195388,12.9666182],[77.5175054,12.9666024],[77.5175471,12.9659348],[77.5184434,12.9654554],[77.517912,12.9640956],[77.5174623,12.9636568],[77.517761,12.9619592],[77.5174505,12.9617713],[77.5160569,12.961804],[77.5156477,12.9599852],[77.5148818,12.9589389],[77.5144765,12.9577084],[77.5136455,12.9582303],[77.513257,12.9581358],[77.512007,12.959328],[77.5116077,12.9591851],[77.5116567,12.9586719],[77.5120013,12.9584766],[77.511866,12.9569276],[77.5120339,12.9564781],[77.5117499,12.9555088],[77.5121406,12.9548176],[77.5118452,12.9541932],[77.5112176,12.953646],[77.511342,12.9522415],[77.5113703,12.9514716],[77.5110418,12.9503465],[77.5113082,12.9498143],[77.5128373,12.9483178],[77.5126886,12.948011],[77.5151272,12.9466773],[77.516981,12.9446108],[77.5168043,12.9440763],[77.5161393,12.9439809],[77.5156149,12.9422664],[77.5151077,12.9420946],[77.514656,12.942056],[77.5145715,12.9409264],[77.5144783,12.9405373],[77.5146375,12.9398664],[77.5137407,12.9386757],[77.512794,12.938363],[77.5127574,12.9374135],[77.513832,12.9357882],[77.5177882,12.9363792],[77.5184903,12.9406382],[77.5214278,12.9418334],[77.5213242,12.9421295],[77.5205902,12.9420412],[77.5204934,12.9428482],[77.5199955,12.9428341],[77.519963,12.9439037],[77.5184121,12.9441758],[77.5184808,12.9449233],[77.5186884,12.9449141]]]}]},"properties":{"ward_key":"ward_369_final.113","ward_no":79,"ward_name":"Nagarbhavi","ward_name_kn":"ನಾಗರಭಾವಿ","corporation":"West"}},{"type":"Feature","geometry":{"type":"Polygon","coordinates":[[[77.7170312,13.0141682],[77.7171099,13.0122318],[77.7185025,13.0122763],[77.7184333,13.0112254],[77.7179514,13.0112998],[77.7178068,13.0099096],[77.719362,13.0101798],[77.7261899,13.0102042],[77.7280957,13.0106109],[77.7288002,13.0147567],[77.730116,13.0190546],[77.7301047,13.019454],[77.7298933,13.0199874],[77.7294445,13.020373],[77.7256631,13.0259398],[77.7251532,13.0259276],[77.724814,13.0286533],[77.7119818,13.0215041],[77.7043554,13.0170183],[77.7011281,13.0154968],[77.7002826,13.0144987],[77.6992618,13.0124639],[77.7007924,13.0119016],[77.7011635,13.0103994],[77.7022234,13.0105764],[77.7026841,13.0103388],[77.7064595,13.0103079],[77.7098175,13.0097268],[77.7100503,13.0111308],[77.7128122,13.0111396],[77.7139584,13.0113675],[77.7143775,13.0118946],[77.7144892,13.01299],[77.7155657,13.0128448],[77.7155792,13.0131254],[77.7163395,13.0139375],[77.7170312,13.0141682]]]},"properties":{"ward_key":"ward_369_final.114","ward_no":10,"ward_name":"Medahalli","ward_name_kn":"ಮೇಡಹಳ್ಳಿ","corporation":"East"}},{"type":"Feature","geometry":{"type":"Polygon","coordinates":[[[77.5095048,13.0224069],[77.5142634,13.0194949],[77.5138022,13.0187292],[77.5150803,13.0181194],[77.5155322,13.0189138],[77.5175219,13.0181737],[77.5176977,13.0180242],[77.5188111,13.0180742],[77.5188029,13.0172562],[77.517655,13.0173964],[77.5175689,13.0160112],[77.5177685,13.0156693],[77.518292,13.0155674],[77.5181472,13.0147696],[77.5187038,13.0147008],[77.5185456,13.013554],[77.517942,13.0136433],[77.5178712,13.0133829],[77.5182229,13.0132459],[77.5181248,13.0127853],[77.5208232,13.0124985],[77.5211171,13.0125804],[77.5221486,13.0126415],[77.5230337,13.012931],[77.5221026,13.0164704],[77.5220045,13.0182693],[77.5267856,13.0215204],[77.5232089,13.0228371],[77.5216482,13.0238043],[77.5197453,13.0285198],[77.5145961,13.0264472],[77.5111103,13.0250622],[77.5095048,13.0224069]]]},"properties":{"ward_key":"ward_369_final.115","ward_no":4,"ward_name":"Parvathi Nagar","ward_name_kn":"ಪಾರ್ವತಿ ನಗರ","corporation":"West"}},{"type":"Feature","geometry":{"type":"GeometryCollection","geometries":[{"type":"LineString","coordinates":[[77.4974113,12.988675],[77.4975477,12.9887102]]},{"type":"MultiPolygon","coordinates":[[[[77.4841805,12.9696458],[77.4853977,12.9681371],[77.4850921,12.9667313],[77.4877422,12.9661104],[77.4880893,12.9679598],[77.4877738,12.9691214],[77.4880951,12.9713683],[77.4918699,12.9700242],[77.4946234,12.9703889],[77.4958794,12.970122],[77.4966818,12.9701018],[77.4954613,12.9703405],[77.4955257,12.9709124],[77.4951957,12.9713628],[77.4946417,12.9716426],[77.4945468,12.9738514],[77.495117,12.9755434],[77.4953271,12.9759117],[77.4939888,12.9762669],[77.49377,12.9767595],[77.493542,12.9780892],[77.4933787,12.9780255],[77.4931963,12.9792492],[77.4939382,12.981642],[77.4956273,12.9853042],[77.4958806,12.9864481],[77.4974113,12.988675],[77.4837454,12.9849708],[77.4795158,12.9856344],[77.4741256,12.9879421],[77.4700047,12.9897797],[77.4684461,12.9866974],[77.470738,12.985788],[77.4722587,12.9848465],[77.473454,12.9833187],[77.4745434,12.9777932],[77.475083,12.9716204],[77.4790061,12.9711601],[77.4798042,12.9706583],[77.4812486,12.970358],[77.4816344,12.9713287],[77.482446,12.9710701],[77.4827379,12.9715037],[77.4846204,12.9708154],[77.4841805,12.9696458]]],[[[77.4966818,12.9701018],[77.4980149,12.9697766],[77.4983905,12.970135],[77.4966818,12.9701018]]]]}]},"properties":{"ward_key":"ward_369_final.116","ward_no":15,"ward_name":"Byadarahalli","ward_name_kn":"ಬ್ಯಾಡರಹಳ್ಳಿ","corporation":"West"}},{"type":"Feature","geometry":{"type":"Polygon","coordinates":[[[77.5659776,12.9128893],[77.5619201,12.9134551],[77.5618722,12.9130678],[77.56285,12.9129496],[77.562738,12.9120622],[77.5621036,12.9121441],[77.5618968,12.9106338],[77.5608077,12.9095391],[77.5599949,12.9098622],[77.5593655,12.9091186],[77.5585296,12.9087023],[77.5584005,12.9112096],[77.5584586,12.9115429],[77.5563673,12.9117456],[77.5558279,12.9115204],[77.5549114,12.9096109],[77.5546729,12.9095284],[77.5535627,12.9063321],[77.5500408,12.9075567],[77.5492139,12.9076405],[77.5482956,12.9048801],[77.5483829,12.9034839],[77.5490903,12.903916],[77.5490726,12.9042053],[77.5503171,12.9039808],[77.5502501,12.9044739],[77.5508918,12.9043513],[77.5510302,12.9039185],[77.5518285,12.9035742],[77.5523184,12.9038043],[77.5537914,12.9033157],[77.5554541,12.9032589],[77.5563469,12.9029383],[77.5569335,12.9045625],[77.5620986,12.9087739],[77.5642102,12.9094446],[77.566796,12.9095105],[77.5673583,12.9122772],[77.5662415,12.9137308],[77.5659776,12.9128893]]]},"properties":{"ward_key":"ward_369_final.117","ward_no":6,"ward_name":"Gowdanapalya","ward_name_kn":"ಗೌಡನಪಾಳ್ಯ","corporation":"South"}},{"type":"Feature","geometry":{"type":"Polygon","coordinates":[[[77.662708,13.0073913],[77.6633019,13.0026912],[77.663592,12.9982592],[77.6640442,12.9975263],[77.6671348,12.9992032],[77.6670232,12.9993928],[77.6675918,12.9996307],[77.6677256,13.0028663],[77.6680149,13.0033846],[77.6691523,13.0032214],[77.6691567,13.0030099],[77.6707313,13.0030778],[77.6708476,13.0036352],[77.6700867,13.0037549],[77.6706034,13.0054082],[77.6708083,13.007391],[77.6708839,13.0086777],[77.6695996,13.0087269],[77.6696873,13.009298],[77.6699413,13.0092644],[77.6700518,13.0098692],[77.6676844,13.0102348],[77.6678199,13.0111145],[77.6694295,13.0108661],[77.6698822,13.0138615],[77.6699062,13.0143915],[77.6700654,13.0144232],[77.6700981,13.0149367],[77.6665635,13.0152497],[77.6651206,13.0145385],[77.6635363,13.0133609],[77.6631108,13.0132967],[77.6630897,13.0130513],[77.662279,13.0132668],[77.662708,13.0073913]]]},"properties":{"ward_key":"ward_369_final.118","ward_no":18,"ward_name":"Dooravaninagar","ward_name_kn":"ದೂರವಾಣಿನಗರ","corporation":"East"}},{"type":"Feature","geometry":{"type":"Polygon","coordinates":[[[77.7264662,12.9891647],[77.7341877,12.9878259],[77.7332612,12.9933008],[77.7315512,12.9966106],[77.7249918,12.9955138],[77.7215995,12.9955906],[77.7198839,12.9959155],[77.7220676,12.9988595],[77.7233968,13.0027314],[77.7234941,13.0035966],[77.7264505,13.0037524],[77.7273919,13.0038767],[77.7277989,13.0042673],[77.7281386,13.0041963],[77.7293182,13.0054809],[77.7304558,13.0050227],[77.7306579,13.0055375],[77.7343016,13.0058073],[77.7355522,13.0063945],[77.7355753,13.0070074],[77.7361466,13.0076148],[77.7362319,13.0107625],[77.7353794,13.0108209],[77.7338691,13.0102478],[77.7324408,13.0108013],[77.7280825,13.0105449],[77.7249074,13.0101804],[77.7197817,13.0100682],[77.7188317,13.0057941],[77.7182941,13.0045485],[77.7143011,13.0045927],[77.7078434,13.0042457],[77.7071252,13.0042895],[77.706436,13.0014611],[77.7058743,12.999308],[77.7086947,12.998697],[77.7087162,12.9978203],[77.7093456,12.9978499],[77.7092956,12.9974858],[77.7089427,12.9975287],[77.708258,12.9967283],[77.7082602,12.9960835],[77.7092902,12.9950091],[77.7090672,12.9928418],[77.7118359,12.9925338],[77.7144422,12.9918083],[77.7167063,12.9922701],[77.7197891,12.9920475],[77.7223222,12.9907122],[77.725159,12.9898311],[77.7264662,12.9891647]]]},"properties":{"ward_key":"ward_369_final.119","ward_no":29,"ward_name":"Hoodi","ward_name_kn":"ಹೂಡಿ","corporation":"East"}},{"type":"Feature","geometry":{"type":"Polygon","coordinates":[[[77.6992618,13.0124639],[77.7007579,13.0151645],[77.702,13.0160486],[77.7043554,13.0170183],[77.7011517,13.0176165],[77.6978935,13.0178922],[77.6968654,13.0183997],[77.696169,13.0176787],[77.6953841,13.0161719],[77.6966332,13.0162782],[77.697507,13.0160818],[77.6967383,13.0130109],[77.6967199,13.012279],[77.6961015,13.0117606],[77.6937687,13.0122855],[77.6931312,13.0100555],[77.6929476,13.0082198],[77.6924843,13.0081747],[77.6928425,13.0028246],[77.6952324,13.0026627],[77.6977499,13.0073382],[77.6981646,13.007134],[77.699211,13.0090641],[77.6986146,13.0092705],[77.7011635,13.0103994],[77.7007924,13.0119016],[77.6992618,13.0124639]]]},"properties":{"ward_key":"ward_369_final.12","ward_no":14,"ward_name":"K.R Pura","ward_name_kn":"ಕೆ ಆರ್ ಪುರ","corporation":"East"}},{"type":"Feature","geometry":{"type":"Polygon","coordinates":[[[77.5555873,12.9915271],[77.5545157,12.9915642],[77.5544033,12.9899644],[77.5561271,12.9899483],[77.5579139,12.9910193],[77.5569067,12.9923627],[77.559124,12.9927765],[77.5587918,12.9952138],[77.5592073,12.995247],[77.5599919,12.9968544],[77.5605664,12.9971762],[77.5566759,12.9985539],[77.5547285,12.9985019],[77.5530784,12.998185],[77.5541817,12.9965525],[77.5555049,12.9943219],[77.5553183,12.9941593],[77.5555873,12.9915271]]]},"properties":{"ward_key":"ward_369_final.120","ward_no":60,"ward_name":"Prakash Nagara","ward_name_kn":"ಪ್ರಕಾಶ ನಗರ","corporation":"West"}},{"type":"Feature","geometry":{"type":"Polygon","coordinates":[[[77.5651104,12.9885068],[77.5679321,12.9884213],[77.5678109,12.9933801],[77.563461,12.9936799],[77.5630995,12.9918568],[77.5637535,12.9917692],[77.5638356,12.9915607],[77.565182,12.9913323],[77.5651805,12.9910024],[77.5638657,12.9910283],[77.5638442,12.9901666],[77.5620902,12.9902336],[77.561958,12.9892875],[77.5637944,12.989226],[77.5637374,12.9886173],[77.5640494,12.9885866],[77.5639896,12.9883631],[77.5651043,12.9883013],[77.5651104,12.9885068]]]},"properties":{"ward_key":"ward_369_final.121","ward_no":58,"ward_name":"Dayanand Nagara","ward_name_kn":"ದಯಾನಂದ ನಗರ","corporation":"West"}},{"type":"Feature","geometry":{"type":"Polygon","coordinates":[[[77.505725,12.929576],[77.5051077,12.9295812],[77.5034408,12.9289075],[77.5027955,12.9281277],[77.5041762,12.9268845],[77.5051541,12.9255408],[77.5065922,12.92557],[77.5066574,12.9253758],[77.5085463,12.9250349],[77.5092642,12.9247316],[77.5104804,12.9245167],[77.510426,12.9238509],[77.5114434,12.9236657],[77.5116623,12.9211771],[77.5116209,12.9206953],[77.5117974,12.9201266],[77.5114885,12.9192825],[77.5117844,12.9178477],[77.5124301,12.9165562],[77.5125051,12.9162401],[77.5121182,12.9149717],[77.512075,12.913379],[77.5125386,12.9119935],[77.5130017,12.9118322],[77.5127604,12.910886],[77.513556,12.910836],[77.5131731,12.9091924],[77.5120784,12.9082814],[77.5121163,12.9069507],[77.5124034,12.9053272],[77.5123149,12.9040263],[77.5203,12.9026091],[77.5213111,12.90285],[77.5210663,12.9053913],[77.5208319,12.9130878],[77.5206958,12.9148783],[77.5229609,12.9147561],[77.5235404,12.9170129],[77.5232246,12.9171322],[77.5234064,12.9178276],[77.523793,12.9177984],[77.5240907,12.9188754],[77.5240311,12.919225],[77.5245649,12.9192267],[77.5247055,12.9212918],[77.5239833,12.9212989],[77.5240095,12.9216394],[77.5222316,12.9220526],[77.5231179,12.9252915],[77.5218745,12.9259361],[77.5200345,12.9265822],[77.5209041,12.9299252],[77.5187666,12.931715],[77.5176914,12.9322231],[77.517673,12.9330308],[77.5180283,12.9336748],[77.5180782,12.9344076],[77.5178238,12.9347366],[77.5182945,12.9359846],[77.518245,12.9363814],[77.5144314,12.935962],[77.5109383,12.9347273],[77.5089687,12.9331122],[77.5093179,12.9329813],[77.5109738,12.9324541],[77.5109672,12.9289049],[77.5098549,12.9289015],[77.5098074,12.9291009],[77.5068748,12.9291781],[77.505725,12.929576]]]},"properties":{"ward_key":"ward_369_final.122","ward_no":23,"ward_name":"Rajarajeshwari Nagara","ward_name_kn":"ರಾಜರಾಜೇಶ್ವರಿ ನಗರ","corporation":"West"}},{"type":"Feature","geometry":{"type":"Polygon","coordinates":[[[77.5788589,12.9636196],[77.583012,12.9634628],[77.5852359,12.9638358],[77.584097,12.961492],[77.5882703,12.9610358],[77.5871333,12.9595504],[77.5893703,12.9590382],[77.5898937,12.9608095],[77.590659,12.9605991],[77.5907431,12.9608406],[77.5913574,12.9606499],[77.5915701,12.9613832],[77.5909166,12.9615384],[77.5911682,12.9625815],[77.5895739,12.9630175],[77.5866235,12.9657685],[77.5874398,12.9668117],[77.5850602,12.9679743],[77.5843619,12.9687045],[77.5844437,12.9703627],[77.5828708,12.9718427],[77.5827912,12.9703237],[77.5829786,12.9701253],[77.5818463,12.9675211],[77.5812952,12.966508],[77.5786656,12.9679583],[77.5768528,12.9641598],[77.5788589,12.9636196]]]},"properties":{"ward_key":"ward_369_final.123","ward_no":33,"ward_name":"Dharmaraya Swamy Temple Ward","ward_name_kn":"ಧರ್ಮರಾಯ ಸ್ವಾಮಿ ದೇವಸ್ಥಾನ ವಾರ್ಡ್","corporation":"Central"}},{"type":"Feature","geometry":{"type":"Polygon","coordinates":[[[77.5443769,12.9808042],[77.5440683,12.9782256],[77.5458935,12.9773542],[77.5496072,12.9739657],[77.5506516,12.9737258],[77.5531457,12.9754194],[77.5544935,12.9755744],[77.5550502,12.9770879],[77.5545599,12.9773771],[77.55527,12.9801191],[77.5537448,12.9798393],[77.5538473,12.9805993],[77.5490234,12.9808084],[77.5490787,12.984416],[77.5429566,12.985533],[77.5424278,12.9857016],[77.5423572,12.9851259],[77.5418776,12.9852533],[77.5420288,12.9831691],[77.5425691,12.9832775],[77.5428101,12.9808865],[77.5443769,12.9808042]]]},"properties":{"ward_key":"ward_369_final.124","ward_no":70,"ward_name":"Dr Rajkumar Ward","ward_name_kn":"ಡಾ. ರಾಜ್‌ಕುಮಾರ್ ವಾರ್ಡ್","corporation":"West"}},{"type":"Feature","geometry":{"type":"GeometryCollection","geometries":[{"type":"LineString","coordinates":[[77.6085273,12.9248244],[77.6082713,12.924784]]},{"type":"Polygon","coordinates":[[[77.6091257,12.9250172],[77.6088118,12.9250945],[77.6085273,12.9248244],[77.6087316,12.9238794],[77.6084211,12.923747],[77.6088966,12.9227275],[77.6083832,12.9208745],[77.6072371,12.9165922],[77.6142693,12.9164486],[77.6143296,12.9178313],[77.6126517,12.9178655],[77.6127468,12.9189065],[77.6120643,12.919074],[77.6121669,12.9196619],[77.612972,12.9196367],[77.61355,12.9212684],[77.6148898,12.920653],[77.6152288,12.9213015],[77.6146897,12.9217366],[77.6154146,12.923164],[77.6144867,12.9235128],[77.613706,12.9235723],[77.6128676,12.9240279],[77.6107665,12.9246781],[77.6091257,12.9250172]]]}]},"properties":{"ward_key":"ward_369_final.125","ward_no":19,"ward_name":"New Tavarekere","ward_name_kn":"ಹೊಸ ತಾವರೆಕೆರೆ","corporation":"South"}},{"type":"Feature","geometry":{"type":"GeometryCollection","geometries":[{"type":"LineString","coordinates":[[77.6480519,12.9867734],[77.6479347,12.9868514]]},{"type":"Polygon","coordinates":[[[77.6639287,12.9855366],[77.6672623,12.9851714],[77.6679506,12.985532],[77.6675239,12.9860182],[77.6674101,12.9886712],[77.6676288,12.989526],[77.6683637,12.9901949],[77.6660839,12.9917753],[77.6641603,12.9944817],[77.6480519,12.9867734],[77.6483812,12.9852647],[77.6511584,12.9807217],[77.6527176,12.9790492],[77.6577373,12.9811435],[77.6584239,12.9815494],[77.658771,12.9831949],[77.6604131,12.9841508],[77.6609948,12.9839893],[77.6614831,12.9833515],[77.6628741,12.9832767],[77.6637339,12.9839278],[77.6639287,12.9855366]]]}]},"properties":{"ward_key":"ward_369_final.126","ward_no":14,"ward_name":"Nagavarapalya","ward_name_kn":"ನಾಗವಾರಪಾಳ್ಯ","corporation":"Central"}},{"type":"Feature","geometry":{"type":"Polygon","coordinates":[[[77.5617832,13.0267792],[77.5620205,13.0282137],[77.5627095,13.0300541],[77.5643475,13.0297316],[77.5669364,13.0280938],[77.5705632,13.0277888],[77.5714976,13.0275931],[77.5714432,13.0284544],[77.5712515,13.028462],[77.5699893,13.0319957],[77.5678703,13.0349845],[77.5649765,13.038282],[77.5646517,13.0380988],[77.5645697,13.0362599],[77.5633285,13.0362986],[77.5631867,13.0356245],[77.5641986,13.0347386],[77.563872,13.0319588],[77.5623478,13.0320709],[77.5619105,13.0294026],[77.5616167,13.0286566],[77.5599755,13.0309305],[77.5584133,13.0272388],[77.5606613,13.0263433],[77.5589376,13.0220185],[77.560188,13.0215531],[77.5602705,13.0218167],[77.561493,13.0214308],[77.5615926,13.0221764],[77.5631191,13.0224877],[77.5617832,13.0267792]]]},"properties":{"ward_key":"ward_369_final.127","ward_no":49,"ward_name":"Aramane Nagara","ward_name_kn":"ಅರಮನೆ ನಗರ","corporation":"West"}},{"type":"Feature","geometry":{"type":"Polygon","coordinates":[[[77.5429206,12.9089331],[77.5428139,12.9084265],[77.5420774,12.90739],[77.5427705,12.9072757],[77.5435328,12.9089864],[77.5438229,12.9089072],[77.5428712,12.9066263],[77.5434127,12.9064721],[77.54414,12.9083262],[77.5439273,12.9084163],[77.544201,12.9089812],[77.5439558,12.9091059],[77.5443764,12.9098829],[77.5453656,12.9101803],[77.5468484,12.9107725],[77.5467705,12.9098254],[77.5492188,12.9091512],[77.550223,12.9097797],[77.5511251,12.9095061],[77.5512837,12.9100119],[77.5521629,12.9098139],[77.5519913,12.9092699],[77.5544383,12.9086686],[77.5546729,12.9095284],[77.5551176,12.9099815],[77.5558187,12.9114563],[77.5546032,12.9114778],[77.5541452,12.9113236],[77.5523045,12.9116793],[77.5514464,12.9109914],[77.5500509,12.9115859],[77.5504006,12.9130956],[77.5521663,12.9118811],[77.5536342,12.9143473],[77.55087,12.9153038],[77.5505052,12.9153186],[77.5506043,12.9157841],[77.5480355,12.9164924],[77.5481501,12.9171624],[77.5484552,12.9171749],[77.5486239,12.9180305],[77.5468435,12.9183268],[77.5467242,12.9180298],[77.544759,12.918244],[77.544698,12.9175188],[77.5427487,12.9176611],[77.5424685,12.9170653],[77.5429412,12.9160817],[77.5436847,12.9158599],[77.5434993,12.9164627],[77.5448069,12.9161311],[77.5439658,12.9139362],[77.5437328,12.9139965],[77.5430467,12.9121612],[77.54278,12.9122337],[77.5423702,12.9108195],[77.5395423,12.9116879],[77.5393939,12.9109917],[77.5388425,12.911083],[77.5387072,12.9105161],[77.5393513,12.9103316],[77.538465,12.9085305],[77.5389631,12.9086013],[77.5398347,12.9081039],[77.5422169,12.9091523],[77.5429206,12.9089331]]]},"properties":{"ward_key":"ward_369_final.128","ward_no":50,"ward_name":"Sarvabhouma Nagar","ward_name_kn":"ಸಾರ್ವಭೌಮ ನಗರ","corporation":"South"}},{"type":"Feature","geometry":{"type":"Polygon","coordinates":[[[77.6572252,13.0183502],[77.6452066,13.0234719],[77.6448369,13.0149791],[77.6490243,13.0143325],[77.6477573,13.0125575],[77.6471228,13.0120506],[77.6489144,13.009677],[77.6497796,13.009198],[77.6508845,13.0088472],[77.6500426,13.0073065],[77.6514657,13.0067341],[77.6512618,13.006079],[77.6528764,13.0058152],[77.6550134,13.0078282],[77.6563236,13.0091557],[77.6595143,13.0112173],[77.6622976,13.0123891],[77.6619359,13.016204],[77.6572252,13.0183502]]]},"properties":{"ward_key":"ward_369_final.129","ward_no":32,"ward_name":"Banaswadi","ward_name_kn":"ಬಾಣಸವಾಡಿ","corporation":"North"}},{"type":"Feature","geometry":{"type":"Polygon","coordinates":[[[77.6223092,12.8733261],[77.6223765,12.8726221],[77.6217519,12.8713052],[77.6218105,12.8703431],[77.6221822,12.8695191],[77.6217695,12.8693964],[77.620582,12.8670998],[77.6196701,12.8660044],[77.6166537,12.8638279],[77.6172668,12.8616922],[77.6169739,12.8603277],[77.6193619,12.8600619],[77.6258765,12.8643751],[77.6280546,12.8655734],[77.630198,12.8664855],[77.6302868,12.867661],[77.6306371,12.8684504],[77.631362,12.868494],[77.6318976,12.8700112],[77.6316999,12.8707638],[77.6322168,12.8723721],[77.6325134,12.8723554],[77.6339343,12.8742295],[77.6327865,12.8761703],[77.6328967,12.8779645],[77.6324772,12.8785436],[77.6268966,12.8778198],[77.6273278,12.8804979],[77.6276272,12.880464],[77.6277744,12.8816385],[77.6247551,12.881984],[77.624924,12.8845707],[77.625547,12.8866375],[77.6255553,12.8885546],[77.6214479,12.8887681],[77.6213887,12.8886312],[77.6198273,12.8887862],[77.6190699,12.8876231],[77.6182147,12.8847487],[77.6178498,12.8847467],[77.6176189,12.8816897],[77.6186742,12.8812418],[77.6180644,12.879368],[77.6178835,12.8789655],[77.6182807,12.8788035],[77.6178518,12.8776251],[77.6175881,12.8767878],[77.617696,12.8764288],[77.6182592,12.8773661],[77.6190232,12.8775783],[77.6192291,12.877983],[77.6212962,12.8775682],[77.6231905,12.8772564],[77.6247882,12.8772771],[77.6248298,12.8758173],[77.6242905,12.8758221],[77.6240656,12.8740168],[77.6224,12.8745062],[77.6217192,12.8734169],[77.6223092,12.8733261]]]},"properties":{"ward_key":"ward_369_final.13","ward_no":36,"ward_name":"Beguru","ward_name_kn":"ಬೇಗೂರು","corporation":"South"}},{"type":"Feature","geometry":{"type":"Polygon","coordinates":[[[77.485123,12.9852756],[77.4932622,12.9875471],[77.4969944,12.9885784],[77.4969367,12.9895013],[77.4981526,12.990397],[77.4984338,12.9909821],[77.4992359,12.991315],[77.5005779,12.9957779],[77.5014693,12.9965579],[77.5014782,12.9968933],[77.4997851,12.997999],[77.4999528,12.9985327],[77.499112,12.9987692],[77.4990454,12.9985703],[77.498684,12.9987576],[77.4988363,12.9990516],[77.4970448,12.9996268],[77.4962244,13.0001432],[77.4951152,13.0003736],[77.4946104,12.9987241],[77.4934718,12.998939],[77.493245,12.9981679],[77.494864,12.9979706],[77.4937813,12.9964416],[77.4934399,12.9966967],[77.4930301,12.9960855],[77.4943359,12.9953164],[77.4938615,12.9944831],[77.494745,12.993897],[77.4944716,12.993526],[77.4914134,12.9945133],[77.4901431,12.9946696],[77.4900931,12.9941859],[77.4889211,12.9942027],[77.4887321,12.9937463],[77.4882759,12.9938877],[77.4884283,12.9943063],[77.4879885,12.9944247],[77.4875026,12.9924174],[77.48816,12.9922358],[77.4876303,12.9915742],[77.4852248,12.9920902],[77.4847942,12.9865907],[77.485123,12.9852756]]]},"properties":{"ward_key":"ward_369_final.130","ward_no":14,"ward_name":"Herohalli","ward_name_kn":"ಹೆರೋಹಳ್ಳಿ","corporation":"West"}},{"type":"Feature","geometry":{"type":"Polygon","coordinates":[[[77.5609597,12.9891974],[77.5611522,12.9891959],[77.5614501,12.988282],[77.5639615,12.9882618],[77.5640494,12.9885866],[77.5637374,12.9886173],[77.5637944,12.989226],[77.561958,12.9892875],[77.5620902,12.9902336],[77.5638442,12.9901666],[77.5638657,12.9910283],[77.5651805,12.9910024],[77.565182,12.9913323],[77.5638356,12.9915607],[77.5637535,12.9917692],[77.5630995,12.9918568],[77.563461,12.9936799],[77.5601254,12.9939778],[77.5603842,12.9944563],[77.5591505,12.9949857],[77.5592073,12.995247],[77.5587918,12.9952138],[77.559124,12.9927765],[77.5569067,12.9923627],[77.5579121,12.9910218],[77.559281,12.991772],[77.5604004,12.9920036],[77.5610376,12.9902987],[77.5607601,12.9901385],[77.5609597,12.9891974]]]},"properties":{"ward_key":"ward_369_final.131","ward_no":59,"ward_name":"Bandi Reddy Circle Ward","ward_name_kn":"ಬಂಡಿ ರೆಡ್ಡಿ ವೃತ್ತ ವಾರ್ಡ್","corporation":"West"}},{"type":"Feature","geometry":{"type":"Polygon","coordinates":[[[77.52715,12.9518181],[77.5271363,12.9514128],[77.5277714,12.9513014],[77.527941,12.9524046],[77.5288095,12.9522253],[77.5289143,12.9533789],[77.5295577,12.9532511],[77.5298999,12.9549556],[77.5310298,12.9547617],[77.5310809,12.9551215],[77.5318094,12.9550135],[77.5318438,12.9554759],[77.5326439,12.9553268],[77.5327045,12.9565867],[77.5344041,12.956175],[77.5340382,12.9576429],[77.5330758,12.960031],[77.5314953,12.95998],[77.5296421,12.9605368],[77.5304209,12.9642523],[77.5303873,12.9646963],[77.5291198,12.964909],[77.5265024,12.964602],[77.5265971,12.9639561],[77.5266346,12.9630184],[77.5267143,12.9619933],[77.5263116,12.9620049],[77.5263124,12.9622163],[77.5238237,12.961688],[77.5232807,12.9617262],[77.5231715,12.962195],[77.5222604,12.9618863],[77.5206444,12.9617935],[77.520196,12.9603553],[77.5193218,12.9596605],[77.5255246,12.9586295],[77.5283159,12.9571484],[77.5285706,12.956691],[77.52715,12.9518181]]]},"properties":{"ward_key":"ward_369_final.132","ward_no":82,"ward_name":"Attigupe","ward_name_kn":"ಅತ್ತಿಗುಪ್ಪೆ","corporation":"West"}},{"type":"Feature","geometry":{"type":"Polygon","coordinates":[[[77.5437912,12.9541447],[77.5465192,12.9561429],[77.5483859,12.9566039],[77.5461815,12.9606483],[77.5457364,12.9608336],[77.5440251,12.9610748],[77.543825,12.9591847],[77.5428466,12.9571598],[77.5425742,12.957177],[77.5424607,12.9568882],[77.5413489,12.9570787],[77.5412177,12.9552323],[77.5409049,12.9550586],[77.5407752,12.9533872],[77.5416991,12.9530478],[77.5424759,12.9536396],[77.5437912,12.9541447]]]},"properties":{"ward_key":"ward_369_final.133","ward_no":89,"ward_name":"Bapuji Nagara","ward_name_kn":"ಬಾಪೂಜಿ ನಗರ","corporation":"West"}},{"type":"Feature","geometry":{"type":"Polygon","coordinates":[[[77.5199559,12.9532063],[77.5214317,12.9528855],[77.5213857,12.9527143],[77.5236128,12.9524314],[77.5235414,12.9517532],[77.5259047,12.9515539],[77.5270371,12.9511993],[77.5279156,12.9547165],[77.5286288,12.9568136],[77.5268844,12.958022],[77.5242149,12.9589711],[77.5193748,12.959652],[77.5188832,12.9581768],[77.5196075,12.9566087],[77.519639,12.9542267],[77.5199559,12.9532063]]]},"properties":{"ward_key":"ward_369_final.134","ward_no":80,"ward_name":"Chandra Layout","ward_name_kn":"ಚಂದ್ರ ಲೇಔಟ್","corporation":"West"}},{"type":"Feature","geometry":{"type":"Polygon","coordinates":[[[77.6471023,12.9189171],[77.6472228,12.9194477],[77.6516891,12.9197438],[77.6518955,12.9119872],[77.6490282,12.9119462],[77.6493458,12.9089916],[77.6487332,12.9035301],[77.6502706,12.9036576],[77.6507137,12.9017738],[77.6523843,12.9009606],[77.6534374,12.9006046],[77.6532798,12.8999291],[77.6540412,12.8997547],[77.6540225,12.8994111],[77.654951,12.8992698],[77.6550665,12.899623],[77.6566049,12.8989825],[77.6567942,12.8998926],[77.6555054,12.900185],[77.6549311,12.9002251],[77.6548554,12.902313],[77.6565465,12.9091925],[77.6570559,12.9096392],[77.6590145,12.9094533],[77.6599481,12.9099001],[77.6598646,12.9110778],[77.6605418,12.9138171],[77.6600438,12.9151514],[77.6612058,12.9157162],[77.6620474,12.9177612],[77.6655484,12.9210843],[77.6667619,12.9210133],[77.6677816,12.9216607],[77.6680773,12.9232976],[77.6688665,12.9232895],[77.6689329,12.9271575],[77.6683452,12.9287099],[77.6677817,12.9288158],[77.6680446,12.9312394],[77.6664015,12.9310059],[77.6658552,12.9303509],[77.6649326,12.9281368],[77.6634272,12.9281737],[77.6626312,12.9285372],[77.6622088,12.9279361],[77.6619474,12.926523],[77.6627575,12.9267285],[77.6611605,12.9216122],[77.6627896,12.921198],[77.6619953,12.9182611],[77.6603541,12.9163445],[77.6543811,12.9204819],[77.6536118,12.9204514],[77.6535999,12.9209619],[77.6515009,12.9211978],[77.6516371,12.9242352],[77.649126,12.9243271],[77.6474427,12.92387],[77.6451031,12.921993],[77.6449535,12.9191033],[77.6471023,12.9189171]]]},"properties":{"ward_key":"ward_369_final.135","ward_no":70,"ward_name":"Iblur","ward_name_kn":"ಇಬ್ಬಲೂರು","corporation":"South"}},{"type":"Feature","geometry":{"type":"Polygon","coordinates":[[[77.5891428,12.9545837],[77.5896355,12.9567738],[77.5887151,12.9570557],[77.5885365,12.9564637],[77.5878533,12.9566739],[77.5880363,12.9573687],[77.5873585,12.9575664],[77.5874885,12.9579751],[77.5881022,12.9577889],[77.5883728,12.9585837],[77.5867641,12.9590641],[77.5857191,12.9555552],[77.5836902,12.9563072],[77.5834622,12.9546158],[77.5858463,12.9537299],[77.5871422,12.9527199],[77.5876073,12.9525589],[77.5917936,12.9510603],[77.5931232,12.9495469],[77.594176,12.9474181],[77.59558,12.9459128],[77.5962357,12.9468813],[77.5976784,12.9459235],[77.5982272,12.9466959],[77.5993028,12.9462428],[77.6002624,12.9488998],[77.6019332,12.9485234],[77.6026305,12.9483584],[77.6034233,12.9504372],[77.6002773,12.9497658],[77.5922886,12.9559987],[77.591437,12.9538088],[77.5891428,12.9545837]]]},"properties":{"ward_key":"ward_369_final.136","ward_no":35,"ward_name":"Hombegowda Nagara","ward_name_kn":"ಹೊಂಬೇಗೌಡ ನಗರ","corporation":"Central"}},{"type":"Feature","geometry":{"type":"Polygon","coordinates":[[[77.7029531,12.9665541],[77.7021311,12.9656418],[77.7016249,12.9618868],[77.7035414,12.9617029],[77.7040337,12.962283],[77.7048824,12.9566454],[77.7147612,12.9558835],[77.7165356,12.961035],[77.7170762,12.9628073],[77.71803,12.9644967],[77.7183718,12.9656337],[77.7179501,12.9666758],[77.7162317,12.967531],[77.7140697,12.9677039],[77.7141086,12.9652689],[77.7135606,12.9651631],[77.7136392,12.9647586],[77.7083745,12.9637377],[77.7081046,12.9656237],[77.7070359,12.9677901],[77.7056632,12.9674279],[77.7052405,12.968571],[77.7034308,12.966977],[77.7035021,12.9661748],[77.703305,12.9661317],[77.7031927,12.9665486],[77.7029531,12.9665541]]]},"properties":{"ward_key":"ward_369_final.137","ward_no":42,"ward_name":"Priyadarshini Ward","ward_name_kn":"ಪ್ರಿಯದರ್ಶಿನಿ ವಾರ್ಡ್","corporation":"East"}},{"type":"Feature","geometry":{"type":"Polygon","coordinates":[[[77.6549058,12.8800951],[77.6560911,12.8841189],[77.6565216,12.8849376],[77.6607829,12.8841816],[77.6634386,12.8844346],[77.6665614,12.8841833],[77.6681569,12.8836364],[77.6679685,12.8855237],[77.6723281,12.8846501],[77.6737744,12.8929696],[77.673654,12.8931578],[77.6696294,12.8935924],[77.6672389,12.8939964],[77.6604879,12.8947237],[77.658764,12.8945663],[77.6560105,12.8942496],[77.6526145,12.8947314],[77.6503902,12.893283],[77.6490316,12.8909225],[77.6446751,12.8917197],[77.6438969,12.8912645],[77.6436078,12.8876354],[77.6412172,12.887057],[77.6426314,12.8846971],[77.6438307,12.8852108],[77.6448947,12.8866953],[77.6461849,12.8855097],[77.6493332,12.8861684],[77.6493468,12.8836815],[77.6503864,12.8828354],[77.6518764,12.882411],[77.6525066,12.8813781],[77.6529538,12.8804359],[77.6535693,12.8810392],[77.6539035,12.8803904],[77.6549058,12.8800951]]]},"properties":{"ward_key":"ward_369_final.138","ward_no":32,"ward_name":"Kudlu","ward_name_kn":"ಕೂಡ್ಲು","corporation":"South"}},{"type":"Feature","geometry":{"type":"Polygon","coordinates":[[[77.5436016,12.9303858],[77.5455547,12.9286285],[77.5503519,12.9341981],[77.5509157,12.9347181],[77.5507788,12.9348847],[77.551045,12.9357637],[77.5517439,12.9354448],[77.551886,12.9357126],[77.5521626,12.9355606],[77.5531581,12.9380824],[77.553208,12.9385896],[77.5513557,12.9390394],[77.5497698,12.9379991],[77.5490575,12.9387807],[77.5495123,12.9389712],[77.5494187,12.9396059],[77.5486487,12.9398962],[77.5487583,12.9403722],[77.5466744,12.9406418],[77.5467289,12.9410081],[77.5463026,12.9411359],[77.5464346,12.9414163],[77.5468034,12.9413266],[77.5468944,12.9416281],[77.5460236,12.9417564],[77.5464116,12.9427631],[77.5442168,12.9432101],[77.5407375,12.9434452],[77.538649,12.9435163],[77.5391141,12.9389098],[77.5393418,12.9379126],[77.5405334,12.9376198],[77.5392517,12.933658],[77.5436016,12.9303858]]]},"properties":{"ward_key":"ward_369_final.139","ward_no":95,"ward_name":"Swamy Vivekananda Ward","ward_name_kn":"ಸ್ವಾಮಿ ವಿವೇಕಾನಂದ ವಾರ್ಡ್","corporation":"West"}},{"type":"Feature","geometry":{"type":"Polygon","coordinates":[[[77.6755022,13.0172474],[77.6761435,13.0192739],[77.6729268,13.0209769],[77.6703179,13.0227626],[77.6681981,13.0250909],[77.666033,13.0265204],[77.6651876,13.0273569],[77.6638264,13.0287853],[77.6613225,13.0271536],[77.6594727,13.0249327],[77.6614923,13.0225582],[77.662678,13.0199072],[77.6631108,13.0132967],[77.6637328,13.0135039],[77.666119,13.0150894],[77.6670066,13.0153343],[77.6700981,13.0149367],[77.6700654,13.0144232],[77.6699062,13.0143915],[77.6697066,13.0117771],[77.6735669,13.0115244],[77.6735643,13.0131368],[77.6741622,13.015544],[77.6736593,13.0157198],[77.6735144,13.0154541],[77.672302,13.0159343],[77.6720942,13.0154328],[77.6708509,13.0155735],[77.6710134,13.016278],[77.6704302,13.0163643],[77.6705536,13.0175716],[77.6719669,13.0182878],[77.6733517,13.0177657],[77.6729966,13.016891],[77.6731848,13.0168152],[77.673085,13.01653],[77.6749048,13.0164818],[77.6751127,13.0173453],[77.6755022,13.0172474]]]},"properties":{"ward_key":"ward_369_final.14","ward_no":5,"ward_name":"Hoysala Nagara East","ward_name_kn":"ಹೊಯ್ಸಳ ನಗರ ಪೂರ್ವ","corporation":"East"}},{"type":"Feature","geometry":{"type":"Polygon","coordinates":[[[77.5513963,12.9328046],[77.5516592,12.9327298],[77.5515807,12.9324333],[77.5524226,12.9320991],[77.5528659,12.9321006],[77.5533106,12.9333985],[77.5547941,12.9328419],[77.5555025,12.9345791],[77.5565252,12.9345149],[77.5566111,12.9327793],[77.5579155,12.9335273],[77.5576348,12.9356977],[77.5584937,12.9356529],[77.5585433,12.93524],[77.5588722,12.9351815],[77.559047,12.9359322],[77.5598188,12.9358218],[77.559992,12.9382677],[77.5572036,12.9379736],[77.5550606,12.9384371],[77.553208,12.9385896],[77.5527369,12.9368091],[77.5521626,12.9355606],[77.551886,12.9357126],[77.5517439,12.9354448],[77.551045,12.9357637],[77.5507788,12.9348847],[77.5510591,12.9348461],[77.5507958,12.9340094],[77.5503472,12.9336207],[77.5506363,12.9333142],[77.5510692,12.9336689],[77.5516099,12.9334957],[77.5513963,12.9328046]]]},"properties":{"ward_key":"ward_369_final.140","ward_no":97,"ward_name":"Srinivasa Nagara","ward_name_kn":"ಶ್ರೀನಿವಾಸ ನಗರ","corporation":"West"}},{"type":"Feature","geometry":{"type":"Polygon","coordinates":[[[77.618784,13.0156039],[77.6190029,13.0160508],[77.6204481,13.0154638],[77.6213262,13.0153192],[77.6215323,13.015069],[77.6220689,13.0159252],[77.621903,13.0160231],[77.6220471,13.0162909],[77.6217549,13.0164503],[77.6218532,13.0166262],[77.6222737,13.0164435],[77.6226047,13.0170773],[77.6230243,13.0168829],[77.6234971,13.0199],[77.6230243,13.0224603],[77.621325,13.025457],[77.6200556,13.026204],[77.6196507,13.0248395],[77.6207732,13.024628],[77.6205438,13.0229964],[77.6213796,13.0228326],[77.6211312,13.0217758],[77.6207236,13.0218777],[77.6204196,13.0205524],[77.6190336,13.0206394],[77.6181368,13.0168512],[77.6177483,13.0156637],[77.6183411,13.0154719],[77.6184708,13.0156979],[77.618784,13.0156039]]]},"properties":{"ward_key":"ward_369_final.141","ward_no":27,"ward_name":"K.G.Halli","ward_name_kn":"ಕೆ.ಜಿ.ಹಳ್ಳಿ","corporation":"North"}},{"type":"Feature","geometry":{"type":"Polygon","coordinates":[[[77.6179582,12.9449636],[77.6182683,12.945987],[77.6220074,12.9431827],[77.6254229,12.9398762],[77.6263401,12.9405084],[77.6270048,12.9407617],[77.626746,12.9414867],[77.626156,12.941808],[77.6259931,12.9444203],[77.6263798,12.9445406],[77.6262044,12.945165],[77.6238509,12.9462487],[77.6219956,12.9488002],[77.6210645,12.9481605],[77.6203077,12.9492579],[77.6192315,12.947511],[77.616976,12.9491164],[77.6165164,12.9485399],[77.6160936,12.9466221],[77.6162845,12.9459527],[77.6166181,12.9451984],[77.6169652,12.9449966],[77.6171101,12.9453181],[77.6179582,12.9449636]]]},"properties":{"ward_key":"ward_369_final.142","ward_no":25,"ward_name":"National Games Village","ward_name_kn":"ನ್ಯಾಷನಲ್ ಗೇಮ್ಸ್ ವಿಲೇಜ್","corporation":"South"}},{"type":"Feature","geometry":{"type":"GeometryCollection","geometries":[{"type":"LineString","coordinates":[[77.5264817,12.9460173],[77.5264378,12.9458736]]},{"type":"Polygon","coordinates":[[[77.5374667,12.9633328],[77.5376129,12.9640127],[77.5372968,12.9640464],[77.5375679,12.9653175],[77.5405519,12.964354],[77.5407429,12.9657657],[77.539099,12.9664278],[77.5390996,12.9667144],[77.5385644,12.96687],[77.5388034,12.9681713],[77.5366675,12.9687881],[77.5346344,12.9644042],[77.5328755,12.964718],[77.5303919,12.9646951],[77.5300256,12.9617357],[77.5296421,12.9605368],[77.5314953,12.95998],[77.5330758,12.960031],[77.5344333,12.9565736],[77.5344041,12.956175],[77.5327045,12.9565867],[77.5326439,12.9553268],[77.5318438,12.9554759],[77.5318094,12.9550135],[77.5310809,12.9551215],[77.5310298,12.9547617],[77.5298999,12.9549556],[77.5295577,12.9532511],[77.5289143,12.9533789],[77.5288095,12.9522253],[77.527941,12.9524046],[77.5277714,12.9513014],[77.5271363,12.9514128],[77.5264213,12.9462638],[77.5264817,12.9460173],[77.5293019,12.9504414],[77.5299452,12.951222],[77.5323782,12.9523755],[77.5345308,12.9530482],[77.5358384,12.9540829],[77.5356542,12.9542591],[77.5361553,12.9549614],[77.5354871,12.9556624],[77.5352493,12.9569377],[77.535612,12.9571554],[77.5344356,12.9599985],[77.5351312,12.960039],[77.5352599,12.9603674],[77.535488,12.9602589],[77.5360755,12.9609765],[77.5354679,12.9609497],[77.5355858,12.9613065],[77.5351927,12.9613191],[77.5353178,12.9616526],[77.5349447,12.9616621],[77.5357653,12.963853],[77.5369082,12.9637513],[77.5368469,12.9634121],[77.5374667,12.9633328]]]}]},"properties":{"ward_key":"ward_369_final.143","ward_no":83,"ward_name":"Hampi Nagar","ward_name_kn":"ಹಂಪಿ ನಗರ","corporation":"West"}},{"type":"Feature","geometry":{"type":"Polygon","coordinates":[[[77.5092559,13.0570836],[77.5117462,13.0533687],[77.5187026,13.0483805],[77.519791,13.051826],[77.5210466,13.0581776],[77.5205353,13.0592089],[77.5203821,13.0591912],[77.5194983,13.0593226],[77.5177598,13.060345],[77.5141118,13.0612264],[77.5119673,13.0598346],[77.5115305,13.0599993],[77.5112608,13.0589098],[77.5079922,13.0594601],[77.5071647,13.0608571],[77.5068616,13.061018],[77.5072471,13.0567817],[77.5092559,13.0570836]]]},"properties":{"ward_key":"ward_369_final.144","ward_no":68,"ward_name":"Mallasandra","ward_name_kn":"ಮಲ್ಲಸಂದ್ರ","corporation":"North"}},{"type":"Feature","geometry":{"type":"Polygon","coordinates":[[[77.4986144,13.057143],[77.4962216,13.0572708],[77.4930125,13.0591298],[77.4919458,13.0599366],[77.4909557,13.0569584],[77.4923452,13.0544513],[77.4924725,13.0516237],[77.4972209,13.0506391],[77.4965801,13.0490024],[77.5073034,13.0453336],[77.5079912,13.0475212],[77.5076494,13.0497189],[77.5078755,13.0519143],[77.5058615,13.0521825],[77.5052271,13.0523695],[77.5056874,13.0539563],[77.5035996,13.0542868],[77.5036449,13.0553441],[77.5013402,13.0557995],[77.5014485,13.0563131],[77.4985366,13.056878],[77.4986144,13.057143]]]},"properties":{"ward_key":"ward_369_final.145","ward_no":70,"ward_name":"Manjunatha Nagar","ward_name_kn":"ಮಂಜುನಾಥ ನಗರ","corporation":"North"}},{"type":"Feature","geometry":{"type":"Polygon","coordinates":[[[77.5507019,12.8963178],[77.5489896,12.8976096],[77.5489327,12.896766],[77.5481859,12.8955959],[77.5476697,12.8940133],[77.5471605,12.8941836],[77.5468045,12.8932486],[77.5483423,12.8926021],[77.5488579,12.89348],[77.5496778,12.8935904],[77.5500726,12.8932941],[77.5496056,12.8920953],[77.5501403,12.8917577],[77.5502765,12.8920144],[77.5509588,12.8916839],[77.5513618,12.8928261],[77.5530533,12.8924109],[77.5509312,12.8899613],[77.5523489,12.8895108],[77.5518751,12.8875505],[77.5540071,12.8873235],[77.5545759,12.8868966],[77.555238,12.8894848],[77.5558797,12.8892716],[77.5559575,12.8895054],[77.5574604,12.8889649],[77.5566626,12.8859147],[77.5509551,12.8840279],[77.5537021,12.8836994],[77.5546185,12.8837212],[77.5553104,12.8815095],[77.5567749,12.8813803],[77.5569768,12.8824985],[77.557326,12.8837739],[77.5589389,12.8848054],[77.5594548,12.8855326],[77.5601636,12.8859561],[77.5632067,12.8893456],[77.5681605,12.8938439],[77.5619862,12.8942312],[77.5618311,12.8938504],[77.5614775,12.8939313],[77.5617159,12.8953595],[77.5601651,12.895732],[77.5601118,12.8961356],[77.559712,12.894126],[77.559115,12.894334],[77.5589366,12.8951872],[77.558463,12.8953093],[77.5583251,12.8949944],[77.5562072,12.8960948],[77.5552513,12.8950182],[77.5530065,12.8949434],[77.5526452,12.8952239],[77.5525372,12.8962772],[77.5518019,12.8965878],[77.5507019,12.8963178]]]},"properties":{"ward_key":"ward_369_final.146","ward_no":48,"ward_name":"Vasanthapura","ward_name_kn":"ವಸಂತಪುರ","corporation":"South"}},{"type":"Feature","geometry":{"type":"Polygon","coordinates":[[[77.549081,12.9890744],[77.5488191,12.9891589],[77.5486341,12.9883341],[77.5471284,12.9888385],[77.5466578,12.9874338],[77.5472351,12.9873364],[77.5472017,12.9863707],[77.5454631,12.9867685],[77.5451699,12.9850145],[77.5490787,12.984416],[77.5492011,12.9850854],[77.5532389,12.984418],[77.5541558,12.9843532],[77.5543184,12.9875215],[77.5559481,12.9875034],[77.5559889,12.9899105],[77.5544033,12.9899644],[77.5545157,12.9915642],[77.5555873,12.9915271],[77.5554935,12.9928698],[77.5553183,12.9941593],[77.5555049,12.9943219],[77.5539342,12.9968463],[77.5530547,12.9981818],[77.5502821,12.9975868],[77.5510763,12.9934615],[77.550732,12.9904146],[77.5500453,12.9883099],[77.549081,12.9890744]]]},"properties":{"ward_key":"ward_369_final.147","ward_no":63,"ward_name":"Rajajinagara","ward_name_kn":"ರಾಜಾಜಿನಗರ","corporation":"West"}},{"type":"Feature","geometry":{"type":"Polygon","coordinates":[[[77.4872434,13.0214843],[77.4873024,13.0201265],[77.4858403,13.0202001],[77.4857348,13.0190824],[77.484922,13.0184988],[77.4832678,13.0185613],[77.4839332,13.0196092],[77.4848812,13.0235664],[77.4852836,13.0242866],[77.4864881,13.0249521],[77.4863669,13.0254093],[77.4863104,13.0258689],[77.4857406,13.0259651],[77.4865117,13.0288934],[77.4883554,13.0285404],[77.4890596,13.0300845],[77.4874957,13.0303513],[77.4871514,13.0316562],[77.4875138,13.0332723],[77.4866887,13.0335654],[77.4868035,13.0353042],[77.4864454,13.0357265],[77.48669,13.0364075],[77.4874546,13.0367803],[77.4892594,13.0368526],[77.4894767,13.0387906],[77.4885883,13.0400073],[77.4877448,13.0398166],[77.4871191,13.0398251],[77.4871166,13.0400088],[77.4851483,13.0395285],[77.4825285,13.0407246],[77.4821072,13.040017],[77.4813397,13.0397088],[77.480855,13.0384022],[77.4800968,13.0379278],[77.4797883,13.0355776],[77.4787343,13.0350453],[77.4768731,13.0315219],[77.4795354,13.0291606],[77.4785842,13.0259187],[77.4783399,13.0222847],[77.4788349,13.0221259],[77.4781032,13.0186412],[77.4770374,13.015767],[77.4769388,13.0147894],[77.4752072,13.0129519],[77.4747248,13.0112078],[77.4734429,13.0087625],[77.4730997,13.0088345],[77.4728574,13.0072635],[77.4753065,13.0064724],[77.4749988,13.0048648],[77.4752712,13.0034143],[77.4753773,13.0031624],[77.4747473,13.0007256],[77.4744089,13.000075],[77.4742158,12.9992749],[77.476516,12.9991155],[77.4769495,13.0004588],[77.4779781,13.0002596],[77.4777352,12.9988648],[77.4787581,12.9986181],[77.4796768,13.000376],[77.4801822,13.0028676],[77.4856801,13.0019514],[77.4859799,13.0032554],[77.4858145,13.003288],[77.4860134,13.0044619],[77.4851025,13.004619],[77.4852799,13.0058585],[77.4850131,13.0059309],[77.485097,13.0064093],[77.4861545,13.0062687],[77.4859931,13.0065757],[77.4848644,13.0080218],[77.4891931,13.0082052],[77.4898873,13.0083146],[77.4907911,13.0092155],[77.4918345,13.009637],[77.4921451,13.0108137],[77.496383,13.0101758],[77.4970744,13.0098203],[77.4972061,13.0094056],[77.4992233,13.0085696],[77.4999347,13.0094005],[77.4997638,13.0115698],[77.4999048,13.0120429],[77.4997627,13.0135309],[77.4990051,13.0139509],[77.496491,13.0139395],[77.4941133,13.0141738],[77.4936998,13.0141758],[77.4933438,13.0177086],[77.4935168,13.0188111],[77.4920535,13.0191718],[77.4920959,13.0197674],[77.4915046,13.0198207],[77.4915062,13.0210103],[77.4905934,13.0205348],[77.4902766,13.0216817],[77.4898063,13.0216181],[77.4886584,13.0211981],[77.4887569,13.0221706],[77.4875517,13.0226517],[77.4872434,13.0214843]]]},"properties":{"ward_key":"ward_369_final.148","ward_no":12,"ward_name":"Andrahalli","ward_name_kn":"ಅಂದ್ರಹಳ್ಳಿ","corporation":"West"}},{"type":"Feature","geometry":{"type":"GeometryCollection","geometries":[{"type":"LineString","coordinates":[[77.680014,12.9834137],[77.6797134,12.983628]]},{"type":"Polygon","coordinates":[[[77.6821121,12.9768691],[77.6812378,12.9744107],[77.6822392,12.9740372],[77.6817288,12.971724],[77.6819302,12.9704866],[77.6825674,12.9690488],[77.6826242,12.9671851],[77.6829882,12.9658166],[77.6821364,12.9641139],[77.6810153,12.959902],[77.6810241,12.9584117],[77.6803316,12.9579471],[77.6796303,12.9563692],[77.6799618,12.9550154],[77.6798612,12.9544237],[77.688484,12.9552109],[77.6896353,12.9554204],[77.6892626,12.9601703],[77.6895684,12.9617345],[77.689348,12.9621682],[77.6888655,12.9623245],[77.6884046,12.9670121],[77.6877938,12.9672748],[77.6878055,12.969069],[77.686311,12.9698229],[77.6863903,12.9701303],[77.6861186,12.9703869],[77.6868431,12.9730989],[77.6858439,12.9740375],[77.6856093,12.974711],[77.684271,12.9756358],[77.6840092,12.9759587],[77.6849001,12.9780344],[77.6864479,12.9790755],[77.6868071,12.9795064],[77.6872155,12.9794824],[77.680014,12.9834137],[77.6804164,12.9824972],[77.6793379,12.9779755],[77.681429,12.9776656],[77.6812101,12.9772092],[77.6821121,12.9768691]]]}]},"properties":{"ward_key":"ward_369_final.149","ward_no":23,"ward_name":"Sangama Ward","ward_name_kn":"ಸಂಗಮ ವಾರ್ಡ್","corporation":"East"}},{"type":"Feature","geometry":{"type":"Polygon","coordinates":[[[77.550637,12.9900858],[77.55104,12.9927188],[77.5510763,12.9934615],[77.5472413,12.9934198],[77.5473696,12.9921431],[77.546063,12.9916668],[77.5454631,12.9867685],[77.5472017,12.9863707],[77.5472351,12.9873364],[77.5466578,12.9874338],[77.5471284,12.9888385],[77.5486341,12.9883341],[77.5488191,12.9891589],[77.5493265,12.9889537],[77.5500453,12.9883099],[77.550637,12.9900858]]]},"properties":{"ward_key":"ward_369_final.15","ward_no":64,"ward_name":"Shivanagara","ward_name_kn":"ಶಿವನಗರ","corporation":"West"}},{"type":"Feature","geometry":{"type":"MultiPolygon","coordinates":[[[[77.5109738,12.9324541],[77.5093179,12.9329813],[77.5089687,12.9331122],[77.506271,12.931112],[77.5054658,12.9296117],[77.5059617,12.9295516],[77.5077193,12.9290517],[77.5098074,12.9291009],[77.5098549,12.9289015],[77.5109672,12.9289049],[77.5109738,12.9324541]]],[[[77.4831879,12.9172175],[77.4820341,12.913979],[77.4815069,12.9144906],[77.4801861,12.9105827],[77.480284,12.9097596],[77.4822064,12.910368],[77.4843326,12.9106159],[77.4846623,12.9109742],[77.4851936,12.9127912],[77.4869183,12.9099472],[77.4873735,12.9083573],[77.4900396,12.9088337],[77.4905673,12.9102533],[77.4937676,12.9092261],[77.4974579,12.9081397],[77.500277,12.9065488],[77.503222,12.9050601],[77.5060436,12.9044178],[77.507309,12.9037846],[77.5123149,12.9040263],[77.5122635,12.906684],[77.5120245,12.9080094],[77.5123302,12.9086124],[77.5131731,12.9091924],[77.513556,12.910836],[77.5127604,12.910886],[77.5130017,12.9118322],[77.5125386,12.9119935],[77.5119656,12.9136598],[77.5123352,12.9161212],[77.5125051,12.9162401],[77.5119891,12.917534],[77.5115532,12.9186698],[77.5115655,12.9197855],[77.5118194,12.920315],[77.5116209,12.9206953],[77.5115449,12.9230728],[77.5114434,12.9236657],[77.510426,12.9238509],[77.5103622,12.9246138],[77.508764,12.9248702],[77.5080843,12.9251445],[77.5066574,12.9253758],[77.5064217,12.9255764],[77.5051541,12.9255408],[77.5040687,12.9271318],[77.5027955,12.9281277],[77.4992055,12.9252347],[77.4989021,12.9259876],[77.4852845,12.919762],[77.4843878,12.9189147],[77.4831879,12.9172175]]]]},"properties":{"ward_key":"ward_369_final.150","ward_no":21,"ward_name":"Mylasandra","ward_name_kn":"ಮೈಲಸಂದ್ರ","corporation":"West"}},{"type":"Feature","geometry":{"type":"Polygon","coordinates":[[[77.6084417,12.9372348],[77.6084727,12.9375134],[77.6081296,12.9376089],[77.6084612,12.9390904],[77.6068906,12.9394508],[77.6038247,12.9402451],[77.6038825,12.9404868],[77.6026558,12.9405813],[77.6025359,12.9399765],[77.6022954,12.9398486],[77.6023474,12.9402057],[77.6016952,12.9403105],[77.6013548,12.9396194],[77.6010037,12.9396975],[77.6005594,12.9389847],[77.6019726,12.9387103],[77.6005992,12.9301164],[77.6004345,12.9266138],[77.6011534,12.9267195],[77.6034984,12.9280355],[77.6049145,12.9280371],[77.6047362,12.9274348],[77.6044353,12.9275134],[77.6043687,12.9273364],[77.6045939,12.9271968],[77.6045712,12.9266775],[77.6044655,12.9265329],[77.6044235,12.9263143],[77.6051047,12.9259495],[77.6049432,12.9251448],[77.6059673,12.9254705],[77.6065559,12.9255668],[77.6069595,12.9254555],[77.6069354,12.9250831],[77.6082713,12.924784],[77.6088118,12.9250945],[77.6090559,12.9271073],[77.6091363,12.9275726],[77.6079567,12.9275735],[77.6082543,12.9308955],[77.6079725,12.9313446],[77.60738,12.9313657],[77.6073451,12.9321319],[77.6083797,12.9322241],[77.6084593,12.9328484],[77.6100724,12.9327845],[77.6095859,12.9348357],[77.6086792,12.935436],[77.609389,12.9369678],[77.6084417,12.9372348]]]},"properties":{"ward_key":"ward_369_final.151","ward_no":22,"ward_name":"S.G Palya","ward_name_kn":"ಎಸ್.ಜಿ. ಪಾಳ್ಯ","corporation":"South"}},{"type":"Feature","geometry":{"type":"Polygon","coordinates":[[[77.5329239,12.9909602],[77.5314787,12.9911103],[77.5310998,12.9894626],[77.5304118,12.9880861],[77.5290796,12.9859169],[77.5287623,12.9839362],[77.5305717,12.9832022],[77.53106,12.9823007],[77.5327042,12.9819843],[77.5367975,12.9806782],[77.5372654,12.9825248],[77.5370948,12.9840624],[77.537494,12.9878022],[77.53396,12.9886817],[77.5330079,12.9890986],[77.5335657,12.9896543],[77.5327611,12.9900618],[77.5329239,12.9909602]]]},"properties":{"ward_key":"ward_369_final.152","ward_no":68,"ward_name":"Kamakshipalya","ward_name_kn":"ಕಾಮಾಕ್ಷಿಪಾಳ್ಯ","corporation":"West"}},{"type":"Feature","geometry":{"type":"Polygon","coordinates":[[[77.5940968,12.9395475],[77.5976532,12.9399906],[77.5972553,12.9431873],[77.6026138,12.9421421],[77.6028442,12.944096],[77.6024498,12.9475804],[77.6026299,12.9483567],[77.6019332,12.9485234],[77.6002624,12.9488998],[77.5993028,12.9462428],[77.5982272,12.9466959],[77.5976784,12.9459235],[77.5962357,12.9468813],[77.59558,12.9459128],[77.594176,12.9474181],[77.5930885,12.9466224],[77.5952115,12.9453728],[77.5945113,12.9442269],[77.5947376,12.9435722],[77.5938706,12.9420271],[77.5924879,12.9404905],[77.5925374,12.9385169],[77.5940968,12.9395475]]]},"properties":{"ward_key":"ward_369_final.153","ward_no":36,"ward_name":"Someshwara Nagara","ward_name_kn":"ಸೋಮೇಶ್ವರ ನಗರ","corporation":"Central"}},{"type":"Feature","geometry":{"type":"Polygon","coordinates":[[[77.6138591,12.9906532],[77.6175416,12.9884032],[77.6190144,12.9872304],[77.6193066,12.9872026],[77.6194778,12.9908402],[77.6191064,12.9922898],[77.6174278,12.9952732],[77.6168315,12.9957886],[77.6180507,12.9983245],[77.6191194,12.9989421],[77.6202659,13.000044],[77.6204584,13.0016558],[77.6206654,13.0023911],[77.6195721,13.0033959],[77.6195479,13.0037421],[77.618593,13.0011363],[77.6162222,13.0020351],[77.6138703,13.0020701],[77.6121334,13.0016014],[77.6117368,13.000946],[77.6106907,12.9996788],[77.6078168,12.9944521],[77.6110991,12.991791],[77.6138591,12.9906532]]]},"properties":{"ward_key":"ward_369_final.154","ward_no":47,"ward_name":"Pulakeshi Nagar","ward_name_kn":"ಪುಲಕೇಶಿ ನಗರ","corporation":"North"}},{"type":"Feature","geometry":{"type":"Polygon","coordinates":[[[77.609389,12.9369678],[77.6086792,12.935436],[77.613402,12.9319331],[77.6135745,12.9320797],[77.608022,12.9425557],[77.6062315,12.9422347],[77.6060204,12.9423032],[77.6062965,12.9434867],[77.6061795,12.9440072],[77.60283,12.9444505],[77.6027292,12.9425797],[77.6026138,12.9421421],[77.5972553,12.9431873],[77.5978432,12.939488],[77.5990932,12.9377778],[77.6015944,12.9371275],[77.6019726,12.9387103],[77.6005594,12.9389847],[77.6010037,12.9396975],[77.6013548,12.9396194],[77.6016952,12.9403105],[77.6023474,12.9402057],[77.6022954,12.9398486],[77.6025673,12.9401703],[77.6026558,12.9405813],[77.6038825,12.9404868],[77.6038247,12.9402451],[77.6072805,12.9393818],[77.6084612,12.9390904],[77.6081296,12.9376089],[77.6084727,12.9375134],[77.6084417,12.9372348],[77.609389,12.9369678]]]},"properties":{"ward_key":"ward_369_final.155","ward_no":23,"ward_name":"Lakkasandra","ward_name_kn":"ಲಕ್ಕಸಂದ್ರ","corporation":"South"}},{"type":"Feature","geometry":{"type":"Polygon","coordinates":[[[77.5732433,12.9033484],[77.5733555,12.901371],[77.5724455,12.8988978],[77.5684532,12.89416],[77.5690622,12.8940214],[77.5718761,12.894263],[77.5718814,12.8944448],[77.5729043,12.8947972],[77.5733214,12.8942702],[77.5735271,12.894345],[77.5734846,12.8945803],[77.5747703,12.8948052],[77.5792257,12.8972454],[77.579447,12.8968852],[77.5810692,12.8978448],[77.5826527,12.8978787],[77.58274,12.8986398],[77.5828937,12.8986814],[77.5827368,12.9019129],[77.5817439,12.9016948],[77.5779096,12.9019917],[77.5777871,12.9031257],[77.5775489,12.9033586],[77.5760021,12.9032304],[77.5759858,12.9033789],[77.5732433,12.9033484]]]},"properties":{"ward_key":"ward_369_final.156","ward_no":53,"ward_name":"Jaraganahalli","ward_name_kn":"ಜರಗನಹಳ್ಳಿ","corporation":"South"}},{"type":"Feature","geometry":{"type":"Polygon","coordinates":[[[77.6233459,13.0212232],[77.6262481,13.0211652],[77.6278523,13.0262207],[77.6288789,13.0299185],[77.6314367,13.0291497],[77.6321215,13.0280133],[77.6327852,13.027855],[77.633496,13.0286888],[77.6365802,13.0277726],[77.6376064,13.0279993],[77.6378734,13.029931],[77.6395995,13.0317506],[77.6401149,13.0328848],[77.6410386,13.0342643],[77.6414485,13.0341281],[77.6425683,13.0338309],[77.6433703,13.0338657],[77.6432313,13.0359065],[77.6449275,13.0359353],[77.6443938,13.0363192],[77.6437093,13.0389381],[77.6420845,13.0391351],[77.6414585,13.0395111],[77.6411771,13.0370033],[77.6400202,13.0361905],[77.6388888,13.0343875],[77.6359152,13.0316496],[77.6352872,13.0327927],[77.6347335,13.0327979],[77.6346727,13.032501],[77.6339321,13.0327119],[77.6340784,13.033375],[77.6333773,13.0335811],[77.633308,13.034053],[77.6327023,13.0343974],[77.630135,13.0318977],[77.6274863,13.0369565],[77.6258891,13.0380373],[77.6256133,13.0364078],[77.6243383,13.033671],[77.6256559,13.0332906],[77.625065,13.0308457],[77.6218212,13.0320336],[77.6207537,13.0292465],[77.6200556,13.026204],[77.6204929,13.0260296],[77.6216709,13.0250574],[77.6231795,13.0219483],[77.6233459,13.0212232]]]},"properties":{"ward_key":"ward_369_final.157","ward_no":24,"ward_name":"HBR Layout","ward_name_kn":"ಎಚ್.ಬಿ.ಆರ್. ಲೇಔಟ್","corporation":"North"}},{"type":"Feature","geometry":{"type":"Polygon","coordinates":[[[77.6260185,12.9521354],[77.6203086,12.9532361],[77.6201806,12.9524223],[77.6191348,12.952902],[77.618885,12.9522205],[77.6185192,12.9522397],[77.6172836,12.9507227],[77.61547,12.950851],[77.6113128,12.9497903],[77.6112195,12.949383],[77.6058043,12.9499862],[77.6059601,12.9497717],[77.6114363,12.9490206],[77.6116649,12.9493075],[77.6169514,12.9491855],[77.6192315,12.947511],[77.6214042,12.9514594],[77.6214987,12.9516637],[77.624175,12.9506047],[77.6261302,12.9500183],[77.6268032,12.949476],[77.62712,12.9496525],[77.6261523,12.9517253],[77.6260185,12.9521354]]]},"properties":{"ward_key":"ward_369_final.158","ward_no":27,"ward_name":"Ambedkarnagar","ward_name_kn":"ಅಂಬೇಡ್ಕರ್‌ನಗರ","corporation":"Central"}},{"type":"Feature","geometry":{"type":"Polygon","coordinates":[[[77.4820341,12.913979],[77.483434,12.9176772],[77.4852845,12.919762],[77.4989021,12.9259876],[77.4986246,12.9295105],[77.4985424,12.9309286],[77.4964063,12.9315261],[77.4962832,12.9318506],[77.4942509,12.9329203],[77.4937258,12.9320858],[77.4934269,12.9321386],[77.4930663,12.9316207],[77.4927375,12.9318726],[77.4914194,12.9320139],[77.4914339,12.9332824],[77.4908596,12.9327537],[77.4903634,12.9322977],[77.4881718,12.9328234],[77.4875482,12.9314188],[77.484891,12.924085],[77.4828216,12.9247693],[77.482407,12.9235892],[77.4812744,12.9239346],[77.4810368,12.9230875],[77.4795328,12.9234947],[77.4786482,12.9199519],[77.4798628,12.9194561],[77.480161,12.9202473],[77.4798275,12.920374],[77.4799962,12.9210369],[77.4807376,12.9207945],[77.4811919,12.9220715],[77.483928,12.9210494],[77.4815149,12.9145125],[77.4820341,12.913979]]]},"properties":{"ward_key":"ward_369_final.159","ward_no":19,"ward_name":"Kengeri","ward_name_kn":"ಕೆಂಗೇರಿ","corporation":"West"}},{"type":"Feature","geometry":{"type":"Polygon","coordinates":[[[77.5895648,12.9224704],[77.589625,12.9262408],[77.581791,12.9263729],[77.5817673,12.9287265],[77.582753,12.9296321],[77.5827546,12.9287125],[77.5838318,12.9286874],[77.5838775,12.9308129],[77.5870815,12.9307532],[77.5870325,12.9298594],[77.5877589,12.9297999],[77.5873652,12.9283994],[77.5881335,12.9277775],[77.5890439,12.9278359],[77.5894339,12.9285879],[77.5902818,12.9285908],[77.5908593,12.9292848],[77.5894774,12.9300266],[77.5898246,12.9306017],[77.5884716,12.9312596],[77.5894827,12.9325871],[77.5901397,12.9323153],[77.5904253,12.9334697],[77.5910613,12.9338208],[77.5911578,12.934306],[77.5926863,12.9343035],[77.5927002,12.9362051],[77.5910877,12.9366395],[77.5906244,12.9362066],[77.5901161,12.9363211],[77.5899399,12.9355142],[77.5890615,12.9357602],[77.5877486,12.9351656],[77.5861385,12.9364623],[77.5849089,12.9366326],[77.5848613,12.9328995],[77.5796173,12.9330452],[77.5797022,12.9234311],[77.5859575,12.9233516],[77.5859405,12.9225065],[77.5895648,12.9224704]]]},"properties":{"ward_key":"ward_369_final.16","ward_no":7,"ward_name":"Byrasandra","ward_name_kn":"ಬೈರಸಂದ್ರ","corporation":"South"}},{"type":"Feature","geometry":{"type":"Polygon","coordinates":[[[77.59693,12.912761],[77.5968667,12.9168157],[77.5950585,12.916852],[77.5951367,12.9189684],[77.5926541,12.9190523],[77.5928427,12.9195951],[77.5914794,12.9197269],[77.5914881,12.9216633],[77.5934485,12.9216166],[77.5934555,12.9231882],[77.5895816,12.9232754],[77.5895648,12.9224704],[77.5859405,12.9225065],[77.5859575,12.9233516],[77.573589,12.9235586],[77.5735613,12.9210258],[77.5744021,12.920838],[77.5738492,12.9186858],[77.5736165,12.917674],[77.577637,12.9174734],[77.5784523,12.9172435],[77.585838,12.9171435],[77.5858954,12.9202458],[77.5880293,12.9201945],[77.588037,12.920662],[77.5895364,12.9206431],[77.5895142,12.9188805],[77.5903782,12.9188714],[77.5903326,12.9174266],[77.5907745,12.9169578],[77.5894231,12.9169976],[77.5894176,12.9165336],[77.5896256,12.9165054],[77.5897861,12.9149525],[77.5904578,12.914956],[77.5906106,12.913362],[77.5915181,12.9133603],[77.5915513,12.9145183],[77.5932581,12.9149797],[77.5950399,12.9149129],[77.5950508,12.9144986],[77.5941871,12.9140954],[77.594356,12.9130975],[77.5950899,12.9134896],[77.5951137,12.9127013],[77.59693,12.912761]]]},"properties":{"ward_key":"ward_369_final.160","ward_no":12,"ward_name":"Pattabhirama Nagara","ward_name_kn":"ಪಟ್ಟಾಭಿರಾಮ ನಗರ","corporation":"South"}},{"type":"Feature","geometry":{"type":"Polygon","coordinates":[[[77.6106404,12.9830558],[77.6120546,12.9845607],[77.6125604,12.9838251],[77.6128639,12.9828086],[77.6109055,12.9806899],[77.6101172,12.9809428],[77.6088459,12.977128],[77.6143871,12.9753033],[77.6138535,12.9737279],[77.6182131,12.972739],[77.6193011,12.9724927],[77.6201296,12.9727098],[77.6200385,12.9747091],[77.6202202,12.9769493],[77.6202869,12.9780841],[77.620696,12.9787492],[77.6215808,12.9792112],[77.622314,12.9809744],[77.6229285,12.9817399],[77.6224934,12.9841146],[77.6225465,12.9876916],[77.6190144,12.9872304],[77.6166563,12.9890124],[77.6140408,12.9905204],[77.6132583,12.9892187],[77.611873,12.9894996],[77.6112521,12.988363],[77.6097453,12.9886303],[77.6091623,12.9857314],[77.6102282,12.9852929],[77.6103726,12.9845414],[77.6100866,12.9832124],[77.6106404,12.9830558]]]},"properties":{"ward_key":"ward_369_final.161","ward_no":7,"ward_name":"K Kamaraj Ward","ward_name_kn":"ಕೆ ಕಾಮರಾಜ್ ವಾರ್ಡ್","corporation":"Central"}},{"type":"Feature","geometry":{"type":"Polygon","coordinates":[[[77.5292531,13.0194531],[77.5286582,13.0193814],[77.5286147,13.0197844],[77.5280737,13.0198989],[77.5274136,13.0208928],[77.5279352,13.0211487],[77.5267856,13.0215204],[77.5227613,13.0188781],[77.5232209,13.0185832],[77.5252212,13.0174198],[77.5252975,13.0169954],[77.526576,13.0168576],[77.5264943,13.0157782],[77.5261444,13.0154737],[77.5263634,13.0150746],[77.526236,13.0135035],[77.5263055,13.0126702],[77.5264368,13.0116416],[77.526922,13.0115707],[77.5276831,13.0107558],[77.5297223,13.0130323],[77.530977,13.0156185],[77.5316711,13.0182462],[77.5303775,13.0184278],[77.5304415,13.0186779],[77.5292706,13.018821],[77.5292531,13.0194531]]]},"properties":{"ward_key":"ward_369_final.162","ward_no":33,"ward_name":"Lakshmi Devi Nagar","ward_name_kn":"ಲಕ್ಷ್ಮಿ ದೇವಿ ನಗರ","corporation":"West"}},{"type":"Feature","geometry":{"type":"Polygon","coordinates":[[[77.5486874,12.9441873],[77.5488059,12.9450418],[77.5494526,12.945045],[77.5497088,12.9477551],[77.5496062,12.9479707],[77.5500604,12.9504023],[77.5499159,12.9509694],[77.5493397,12.9514291],[77.5494613,12.9522911],[77.549132,12.9524236],[77.549345,12.9547232],[77.5495673,12.9547291],[77.5484052,12.9565688],[77.5463043,12.9560368],[77.5463176,12.9537124],[77.5462242,12.9519054],[77.5454567,12.9517208],[77.5445149,12.9522001],[77.5431899,12.9481826],[77.543069,12.9478963],[77.5446639,12.9470047],[77.5442734,12.9463143],[77.5444822,12.9462068],[77.5441757,12.9456859],[77.545376,12.9453081],[77.5453853,12.945045],[77.5479819,12.9447013],[77.5479315,12.9442652],[77.5486874,12.9441873]]]},"properties":{"ward_key":"ward_369_final.163","ward_no":92,"ward_name":"Muneshwara Block","ward_name_kn":"ಮುನೇಶ್ವರ ಬ್ಲಾಕ್","corporation":"West"}},{"type":"Feature","geometry":{"type":"Polygon","coordinates":[[[77.4732636,12.9148277],[77.4751305,12.9144224],[77.4752717,12.9149153],[77.4762806,12.9146832],[77.4763806,12.9149429],[77.4771297,12.9146523],[77.4770753,12.9140412],[77.4778547,12.9122503],[77.477956,12.911713],[77.4789669,12.911671],[77.4789488,12.9107236],[77.4801861,12.9105827],[77.483928,12.9210494],[77.4811919,12.9220715],[77.4807376,12.9207945],[77.4799962,12.9210369],[77.4798275,12.920374],[77.480161,12.9202473],[77.4798628,12.9194561],[77.4786482,12.9199519],[77.4795328,12.9234947],[77.4810368,12.9230875],[77.4812744,12.9239346],[77.482407,12.9235892],[77.4828216,12.9247693],[77.484891,12.924085],[77.4880315,12.9327277],[77.4881718,12.9328234],[77.4878238,12.9332728],[77.4860269,12.9337402],[77.4866874,12.9364421],[77.4862454,12.9365371],[77.4868978,12.9395143],[77.4839729,12.9400953],[77.4835704,12.9401235],[77.4833658,12.9397405],[77.4821159,12.9396104],[77.4798983,12.940327],[77.4795361,12.940206],[77.4788507,12.9375406],[77.4842436,12.9369206],[77.4838389,12.9340133],[77.4838948,12.9338891],[77.4836116,12.9339187],[77.4834592,12.9328123],[77.4831344,12.9323904],[77.4832242,12.931353],[77.4828948,12.9312614],[77.4832292,12.9306897],[77.4822229,12.9289484],[77.4818312,12.9288043],[77.4809867,12.9274064],[77.4799526,12.9275488],[77.4791188,12.927227],[77.4797326,12.9263988],[77.4796083,12.9259376],[77.4758874,12.9266959],[77.4733884,12.9266394],[77.4709586,12.9186639],[77.4729766,12.9174697],[77.4731832,12.9169167],[77.4732636,12.9148277]]]},"properties":{"ward_key":"ward_369_final.164","ward_no":18,"ward_name":"Kengal Hanumanthaiah West","ward_name_kn":"ಕೆಂಗಲ್ ಹನುಮಂತಯ್ಯ ಪಶ್ಚಿಮ","corporation":"West"}},{"type":"Feature","geometry":{"type":"Polygon","coordinates":[[[77.5607233,13.001135],[77.5614412,13.0039601],[77.5606739,13.0041315],[77.5605653,13.003735],[77.5601132,13.0038445],[77.5600693,13.0032539],[77.5598137,13.0029475],[77.558308,13.0033451],[77.5579943,13.0021028],[77.5569314,13.0023258],[77.5567906,13.0012594],[77.5533143,13.0018519],[77.5527347,12.999146],[77.5530784,12.998185],[77.5563013,12.9986101],[77.5599591,12.9974182],[77.560666,12.9972914],[77.5610845,12.9980214],[77.5614671,12.9979408],[77.5615962,12.9985731],[77.5614474,12.9985965],[77.5616732,12.99908],[77.5619381,12.9990512],[77.5621324,13.0003606],[77.5622924,13.000349],[77.5623157,13.0008397],[77.5607233,13.001135]]]},"properties":{"ward_key":"ward_369_final.165","ward_no":56,"ward_name":"Gayathri Nagara","ward_name_kn":"ಗಾಯತ್ರಿ ನಗರ","corporation":"West"}},{"type":"Feature","geometry":{"type":"Polygon","coordinates":[[[77.554374,13.0067924],[77.5532432,13.0019339],[77.5567906,13.0012594],[77.5569314,13.0023258],[77.5579943,13.0021028],[77.558308,13.0033451],[77.5598137,13.0029475],[77.5601185,13.0033916],[77.5601132,13.0038445],[77.5605653,13.003735],[77.5606739,13.0041315],[77.5614156,13.0040164],[77.5585548,13.0121036],[77.5560338,13.0152187],[77.5554959,13.0156066],[77.5541287,13.0150546],[77.5540947,13.0137066],[77.5544556,13.012122],[77.5544583,13.0116403],[77.554374,13.0067924]]]},"properties":{"ward_key":"ward_369_final.166","ward_no":55,"ward_name":"Subramanyanagara","ward_name_kn":"ಸುಬ್ರಹ್ಮಣ್ಯನಗರ","corporation":"West"}},{"type":"Feature","geometry":{"type":"Polygon","coordinates":[[[77.7641889,12.9846866],[77.7638096,12.9826957],[77.7617545,12.9829788],[77.7582402,12.9824894],[77.7570702,12.9767137],[77.7592556,12.9764143],[77.7613267,12.9756309],[77.7674875,12.9749342],[77.7697743,12.9748248],[77.7706865,12.9744121],[77.7710855,12.9744822],[77.7712712,12.975838],[77.7704352,12.97716],[77.7739078,12.9774382],[77.7744414,12.9776511],[77.7754401,12.9774127],[77.7758846,12.9774987],[77.7766813,12.9774642],[77.7784629,12.9767893],[77.7782393,12.9782434],[77.7779282,12.9785103],[77.777326,12.9784149],[77.7767916,12.9787751],[77.7755382,12.9800322],[77.7747004,12.980589],[77.7752384,12.9815583],[77.7757581,12.9824967],[77.7763288,12.9834598],[77.7768475,12.9852464],[77.7760065,12.9860672],[77.7759941,12.9871855],[77.7760583,12.9887887],[77.7755434,12.9902873],[77.775486,12.991706],[77.7750733,12.9919502],[77.7741104,12.9919799],[77.7736179,12.992208],[77.7727984,12.9921594],[77.7725224,12.9917248],[77.7698075,12.9919684],[77.7696907,12.9914153],[77.7691128,12.9913853],[77.770722,12.9888853],[77.7715684,12.9850773],[77.7714622,12.9838954],[77.769141,12.9837633],[77.7680672,12.9834048],[77.7678625,12.9851059],[77.7676123,12.9854914],[77.7670714,12.9856344],[77.7667763,12.9854619],[77.7655386,12.9859786],[77.7645519,12.9861768],[77.7642924,12.985353],[77.7645753,12.9852994],[77.7644887,12.9846484],[77.7641889,12.9846866]]]},"properties":{"ward_key":"ward_369_final.167","ward_no":32,"ward_name":"Channasandra","ward_name_kn":"ಚನ್ನಸಂದ್ರ","corporation":"East"}},{"type":"Feature","geometry":{"type":"Polygon","coordinates":[[[77.5800891,12.936774],[77.5840014,12.9366599],[77.5842443,12.9423085],[77.5844478,12.9428216],[77.5828439,12.9432201],[77.5828456,12.9437059],[77.5852889,12.9436124],[77.5854335,12.944738],[77.586091,12.9455269],[77.588686,12.9462291],[77.5900231,12.9465072],[77.5912792,12.9475427],[77.5934558,12.9488683],[77.592906,12.9499782],[77.5917936,12.9510603],[77.5869143,12.9528385],[77.5856692,12.9538938],[77.5824324,12.9547754],[77.5800948,12.9551526],[77.5800728,12.9421399],[77.5792437,12.9421176],[77.579271,12.9405798],[77.5800698,12.9405798],[77.5800891,12.936774]]]},"properties":{"ward_key":"ward_369_final.168","ward_no":40,"ward_name":"Ashoka Pillar","ward_name_kn":"ಅಶೋಕ ಪಿಲ್ಲರ್‌","corporation":"Central"}},{"type":"Feature","geometry":{"type":"Polygon","coordinates":[[[77.6681989,12.9956784],[77.6678401,12.9961591],[77.6771112,13.0007411],[77.6755906,13.0008929],[77.6753754,13.0017259],[77.6754554,13.0023642],[77.6726612,13.002614],[77.672716,13.0033657],[77.6691567,13.0030099],[77.6691523,13.0032214],[77.6680149,13.0033846],[77.667547,13.001867],[77.6675918,12.9996307],[77.6670232,12.9993928],[77.6670364,12.9991057],[77.6635165,12.9971692],[77.6628337,12.9966905],[77.6658763,12.9920039],[77.6678716,12.9904766],[77.6684357,12.9903001],[77.6683732,12.9906387],[77.6686669,12.9909083],[77.6685321,12.9912008],[77.6689397,12.9913761],[77.6689156,12.9917849],[77.668703,12.9922177],[77.6689397,12.9923382],[77.6687885,12.9926998],[77.668963,12.9927521],[77.6690671,12.9938068],[77.668808,12.9937191],[77.668358,12.9937358],[77.6686992,12.9954628],[77.6681989,12.9956784]]]},"properties":{"ward_key":"ward_369_final.169","ward_no":19,"ward_name":"K.S. Nissar Ahmed Ward","ward_name_kn":"ಕೆ. ಎಸ್. ನಿಸಾರ್ ಅಹಮದ್ ವಾರ್ಡ್","corporation":"East"}},{"type":"Feature","geometry":{"type":"Polygon","coordinates":[[[77.6071312,12.9869155],[77.6071252,12.9901333],[77.6071621,12.9903196],[77.6053638,12.9901502],[77.6056173,12.9892787],[77.6052384,12.9883685],[77.6044678,12.9885323],[77.6046423,12.98982],[77.6044527,12.9901604],[77.6038827,12.9900848],[77.6039731,12.9885645],[77.6032452,12.9886135],[77.603037,12.9882764],[77.6031024,12.9879552],[77.602841,12.9862024],[77.603578,12.9860989],[77.6035732,12.9851495],[77.5977962,12.9839743],[77.5987815,12.9828608],[77.598708,12.9816484],[77.598419,12.9805485],[77.6087738,12.9771507],[77.6101172,12.9809428],[77.6109055,12.9806899],[77.6128639,12.9828086],[77.6123448,12.9843363],[77.6118686,12.9845443],[77.6106404,12.9830558],[77.6100866,12.9832124],[77.6103225,12.9850609],[77.6097299,12.985597],[77.6087836,12.9859704],[77.6077584,12.9866802],[77.6071312,12.9869155]]]},"properties":{"ward_key":"ward_369_final.17","ward_no":5,"ward_name":"Shivajinagar","ward_name_kn":"ಶಿವಾಜಿನಗರ","corporation":"Central"}},{"type":"Feature","geometry":{"type":"Polygon","coordinates":[[[77.7680672,12.9834048],[77.7695273,12.9838776],[77.7714622,12.9838954],[77.7715407,12.9854705],[77.770722,12.9888853],[77.7691128,12.9913853],[77.7696907,12.9914153],[77.7698075,12.9919684],[77.7725224,12.9917248],[77.7727984,12.9921594],[77.7736179,12.992208],[77.7741104,12.9919799],[77.7742876,12.9937893],[77.7744056,12.9952908],[77.7746521,12.9957753],[77.7745756,12.9967887],[77.7745428,12.9979615],[77.7749457,12.9981752],[77.7747483,13.0011158],[77.7737948,13.0012925],[77.7736523,13.0017698],[77.7729221,13.0020617],[77.7725603,13.0025263],[77.7727524,13.0029713],[77.7739726,13.0030932],[77.7747807,13.0029686],[77.7755696,13.0035529],[77.7757553,13.0058669],[77.7741784,13.0063467],[77.7735683,13.00617],[77.7733582,13.0064721],[77.7734505,13.008119],[77.7731935,13.0092211],[77.7735056,13.0103958],[77.7739323,13.0111016],[77.774063,13.0132487],[77.7726619,13.0149118],[77.7717439,13.0152297],[77.7713672,13.0146715],[77.7698928,13.0093279],[77.7698685,13.0088528],[77.7697011,13.0088637],[77.7694924,13.0059254],[77.7692716,13.0042451],[77.7685827,13.002653],[77.76738,13.0032341],[77.7642357,13.004044],[77.7638709,13.0032393],[77.7640619,13.0031278],[77.763491,13.0027128],[77.7634979,13.0022908],[77.7630526,13.0021595],[77.7626948,13.0013079],[77.7621078,13.0017464],[77.7616999,13.0005416],[77.7613067,13.0003796],[77.7608813,12.9995438],[77.7598103,12.9993663],[77.7595782,12.9980866],[77.7601248,12.998069],[77.7598189,12.9965388],[77.7584088,12.9967458],[77.757175,12.9929543],[77.7548279,12.9900381],[77.7528292,12.9891404],[77.7500128,12.9889925],[77.748746,12.9886178],[77.7487663,12.9858475],[77.7476436,12.9853559],[77.7521319,12.9838383],[77.7543968,12.983506],[77.7558511,12.9828981],[77.7582402,12.9824894],[77.7617545,12.9829788],[77.7638096,12.9826957],[77.7641889,12.9846866],[77.7644887,12.9846484],[77.7645753,12.9852994],[77.7642924,12.985353],[77.7645519,12.9861768],[77.7665202,12.9855939],[77.7667763,12.9854619],[77.7670714,12.9856344],[77.7678061,12.9852477],[77.7679865,12.9850404],[77.7680672,12.9834048]]]},"properties":{"ward_key":"ward_369_final.170","ward_no":31,"ward_name":"Kadugodi","ward_name_kn":"ಕಾಡುಗೋಡಿ","corporation":"East"}},{"type":"Feature","geometry":{"type":"GeometryCollection","geometries":[{"type":"LineString","coordinates":[[77.5479689,12.8885797],[77.5479396,12.8884457]]},{"type":"Polygon","coordinates":[[[77.5498959,12.8918332],[77.5496056,12.8920953],[77.5500726,12.8932941],[77.5494688,12.8935719],[77.5488579,12.89348],[77.5483423,12.8926021],[77.5468045,12.8932486],[77.5471605,12.8941836],[77.5476697,12.8940133],[77.5485027,12.8962672],[77.5489327,12.896766],[77.5489896,12.8976096],[77.5508309,12.8962551],[77.5518019,12.8965878],[77.5525372,12.8962772],[77.5526452,12.8952239],[77.5533659,12.8949377],[77.5552513,12.8950182],[77.5562072,12.8960948],[77.5553858,12.8969399],[77.5558258,12.897622],[77.5556109,12.8979742],[77.5558144,12.8984013],[77.555699,12.8987868],[77.5565117,12.9025007],[77.556259,12.902563],[77.5563469,12.9029383],[77.5549633,12.9034092],[77.5535225,12.9033403],[77.5521815,12.9037627],[77.5514626,12.9036455],[77.5509795,12.9041454],[77.5504927,12.904441],[77.5501603,12.9043076],[77.5503171,12.9039808],[77.5490726,12.9042053],[77.5490903,12.903916],[77.5483829,12.9034839],[77.5483716,12.9054657],[77.5492139,12.9076405],[77.5480645,12.9082104],[77.5462274,12.9070247],[77.5438687,12.906446],[77.5427135,12.905775],[77.541979,12.9058812],[77.5409846,12.9037356],[77.5414501,12.9034619],[77.5407886,12.9020855],[77.5414016,12.901643],[77.5404206,12.9002703],[77.5398238,12.900395],[77.5395954,12.9000005],[77.5392653,12.9000138],[77.5391935,12.899178],[77.5396384,12.899105],[77.5394391,12.8984511],[77.540004,12.897723],[77.5419127,12.8969583],[77.54252,12.8970091],[77.5429497,12.8978634],[77.5439833,12.8976265],[77.5438096,12.8955469],[77.5434567,12.8949429],[77.5434337,12.8936941],[77.5431203,12.8929997],[77.5433816,12.8931328],[77.5436995,12.8920227],[77.5443347,12.890839],[77.5440771,12.8899706],[77.5454041,12.8894459],[77.5456237,12.8893716],[77.5455775,12.8889956],[77.5453369,12.8888882],[77.545536,12.8883994],[77.5452563,12.8874578],[77.5452517,12.8860775],[77.545418,12.8860128],[77.5453302,12.8848159],[77.5459448,12.8847789],[77.5487267,12.8876163],[77.547521,12.8882771],[77.5476264,12.8886084],[77.5479689,12.8885797],[77.548789,12.8899773],[77.5492012,12.8909084],[77.5498959,12.8918332]]]}]},"properties":{"ward_key":"ward_369_final.171","ward_no":49,"ward_name":"Uttarahalli","ward_name_kn":"ಉತ್ತರಹಳ್ಳಿ","corporation":"South"}},{"type":"Feature","geometry":{"type":"Polygon","coordinates":[[[77.5942276,13.0655087],[77.5948158,13.0669218],[77.5982378,13.0660586],[77.5984973,13.0680226],[77.5974409,13.0687052],[77.5986509,13.0728033],[77.6012822,13.0730288],[77.6016009,13.076887],[77.602055,13.0770887],[77.6022776,13.0780869],[77.6018203,13.0781548],[77.6023532,13.0819236],[77.6020928,13.0820076],[77.6028153,13.0857587],[77.6025254,13.0861327],[77.6021439,13.0859083],[77.5939681,13.0873833],[77.5935373,13.0842164],[77.5884422,13.0723773],[77.5879467,13.0715341],[77.5865265,13.0701315],[77.5757838,13.0628865],[77.5766804,13.0598868],[77.5810473,13.0588835],[77.5851031,13.0583719],[77.5855156,13.060845],[77.5851288,13.0611303],[77.5859838,13.0623438],[77.5852831,13.0628962],[77.5856708,13.0634107],[77.5871094,13.0623162],[77.5872929,13.0614177],[77.5899351,13.0595575],[77.5900022,13.0601296],[77.5917533,13.0589686],[77.5934494,13.0585953],[77.5934036,13.0522428],[77.5927869,13.0496006],[77.5945389,13.0490713],[77.5950821,13.0490669],[77.595241,13.0492524],[77.5969411,13.0491817],[77.5975372,13.0500472],[77.5979861,13.0535209],[77.5989115,13.0533615],[77.5990856,13.054094],[77.6019074,13.0535503],[77.6020131,13.0540774],[77.6025813,13.0538825],[77.6032524,13.0560993],[77.6029542,13.0561806],[77.6043319,13.0580617],[77.6033909,13.0583834],[77.6036256,13.0609017],[77.60281,13.0602678],[77.6021051,13.0602196],[77.6019129,13.0585034],[77.6007294,13.0567263],[77.598463,13.0572852],[77.5988608,13.0589449],[77.599486,13.0591825],[77.6000404,13.0601274],[77.5962045,13.0612174],[77.5963873,13.0640677],[77.5946834,13.064487],[77.5949605,13.0653012],[77.5942276,13.0655087]]]},"properties":{"ward_key":"ward_369_final.172","ward_no":15,"ward_name":"Byatarayanapura","ward_name_kn":"ಬ್ಯಾಟರಾಯನಪುರ","corporation":"North"}},{"type":"Feature","geometry":{"type":"Polygon","coordinates":[[[77.6274826,12.9043615],[77.6272645,12.9034156],[77.6273983,12.9019793],[77.6264676,12.8982842],[77.6272922,12.8981622],[77.62748,12.8991446],[77.6281054,12.8990299],[77.6282292,12.8995244],[77.628488,12.899504],[77.6285083,12.8996699],[77.6297053,12.8994173],[77.6305186,12.8972378],[77.6325032,12.895824],[77.6322223,12.8958697],[77.6321752,12.8956259],[77.6314742,12.895764],[77.6314043,12.8954753],[77.6308134,12.8955142],[77.6307273,12.8945707],[77.6296569,12.8945856],[77.6295861,12.8936904],[77.6287327,12.8937288],[77.6285846,12.8933089],[77.6287993,12.8932846],[77.6287183,12.892835],[77.6326912,12.8924255],[77.6328564,12.8894091],[77.6314742,12.8892554],[77.6319107,12.8873681],[77.6323371,12.8860982],[77.6351617,12.8863772],[77.6349459,12.887763],[77.635396,12.8877585],[77.6368387,12.8863741],[77.6375461,12.886157],[77.6375073,12.885971],[77.6383075,12.8857676],[77.6382111,12.8854174],[77.6389285,12.8852182],[77.6395504,12.8866037],[77.6377737,12.888313],[77.6403268,12.8884738],[77.6322779,12.9018473],[77.6320393,12.9022794],[77.6318915,12.9021994],[77.6311381,12.9034239],[77.6307525,12.9034948],[77.6292962,12.9035945],[77.6293429,12.9039022],[77.6274826,12.9043615]]]},"properties":{"ward_key":"ward_369_final.173","ward_no":65,"ward_name":"Garvebavi Palya","ward_name_kn":"ಗಾರ್ವೆಬಾವಿ ಪಾಳ್ಯ","corporation":"South"}},{"type":"Feature","geometry":{"type":"Polygon","coordinates":[[[77.4769495,13.0004588],[77.476516,12.9991155],[77.474403,12.9993647],[77.4735671,12.9988712],[77.4727857,12.9967441],[77.4724011,12.9967066],[77.4712331,12.9942874],[77.4713303,12.9938566],[77.4700873,12.9899167],[77.4793582,12.9856756],[77.4834483,12.9849815],[77.4850407,12.9852713],[77.4848105,12.9871902],[77.4852248,12.9920902],[77.4876303,12.9915742],[77.48816,12.9922358],[77.4875026,12.9924174],[77.4879885,12.9944247],[77.4884283,12.9943063],[77.4882759,12.9938877],[77.4887321,12.9937463],[77.4889721,12.9943353],[77.4900931,12.9941859],[77.4901431,12.9946696],[77.4925463,12.9942206],[77.494611,12.993484],[77.494745,12.993897],[77.4938615,12.9944831],[77.4943359,12.9953164],[77.4930301,12.9960855],[77.4934399,12.9966967],[77.4937813,12.9964416],[77.494864,12.9979706],[77.493245,12.9981679],[77.4934718,12.998939],[77.4946104,12.9987241],[77.4951152,13.0003736],[77.49306,13.000704],[77.4957379,13.0043303],[77.4975689,13.0038587],[77.4979703,13.0076914],[77.4983931,13.0090282],[77.4971045,13.0095458],[77.4970744,13.0098203],[77.4952036,13.0104425],[77.4921451,13.0108137],[77.491663,13.0094243],[77.4905348,13.0091242],[77.4896638,13.0081861],[77.4864331,13.0081031],[77.4848644,13.0080218],[77.4861545,13.0062687],[77.485097,13.0064093],[77.4850131,13.0059309],[77.4852799,13.0058585],[77.4851025,13.004619],[77.4860134,13.0044619],[77.4858145,13.003288],[77.4859799,13.0032554],[77.4856801,13.0019514],[77.4801822,13.0028676],[77.4796768,13.000376],[77.4787581,12.9986181],[77.4777352,12.9988648],[77.4779781,13.0002596],[77.4769495,13.0004588]]]},"properties":{"ward_key":"ward_369_final.174","ward_no":13,"ward_name":"Nada prabhu Kempegowda Nagara","ward_name_kn":"ನಾಡ ಪ್ರಭು ಕೆಂಪೇಗೌಡ ನಗರ","corporation":"West"}},{"type":"Feature","geometry":{"type":"Polygon","coordinates":[[[77.6649775,12.9206043],[77.6620474,12.9177612],[77.6612058,12.9157162],[77.6600438,12.9151514],[77.6605418,12.9138171],[77.6598646,12.9110778],[77.6599481,12.9099001],[77.6590145,12.9094533],[77.6570559,12.9096392],[77.6565465,12.9091925],[77.6550348,12.9032528],[77.6548659,12.9012372],[77.6549311,12.9002251],[77.656276,12.9000841],[77.6567942,12.8998926],[77.6566049,12.8989825],[77.6569556,12.8988178],[77.6565435,12.8974499],[77.6555753,12.8977043],[77.6544718,12.8965849],[77.6539103,12.8944987],[77.6572049,12.8943043],[77.6604879,12.8947237],[77.6687176,12.8937676],[77.6724527,12.8932116],[77.6738746,12.8931502],[77.6773001,12.8942435],[77.679592,12.8975981],[77.6824087,12.9001945],[77.6825451,12.9014142],[77.6854453,12.9020407],[77.6861722,12.9024374],[77.6874712,12.9026094],[77.6874934,12.903364],[77.6862889,12.9039103],[77.6857168,12.9044378],[77.6873107,12.904728],[77.6868479,12.9064495],[77.6877515,12.9064419],[77.6883109,12.9058954],[77.6883632,12.9054846],[77.6910239,12.9054648],[77.6915087,12.9041843],[77.6916957,12.9039928],[77.6929467,12.9042564],[77.6933935,12.904489],[77.6953407,12.9040703],[77.6956303,12.9042367],[77.6962608,12.9039942],[77.697659,12.9041797],[77.6978535,12.9045446],[77.7023962,12.9035763],[77.7028473,12.9040414],[77.6988349,12.906279],[77.6880296,12.9093592],[77.6814689,12.9121277],[77.6772155,12.9141304],[77.6753948,12.9147657],[77.6736414,12.9162321],[77.6732837,12.9169672],[77.6702913,12.9184182],[77.6687247,12.9188607],[77.6649775,12.9206043]]]},"properties":{"ward_key":"ward_369_final.175","ward_no":31,"ward_name":"Kasavanahalli","ward_name_kn":"ಕಸವನಹಳ್ಳಿ","corporation":"South"}},{"type":"Feature","geometry":{"type":"Polygon","coordinates":[[[77.5437628,13.0443121],[77.5444658,13.0457228],[77.5465127,13.0448082],[77.5459159,13.0439926],[77.5474877,13.0435816],[77.5472323,13.0416836],[77.5509113,13.0429123],[77.5508552,13.0441352],[77.5501585,13.0445796],[77.5518954,13.0442592],[77.5523024,13.045403],[77.5498431,13.0480025],[77.550153,13.048854],[77.5426905,13.0492491],[77.5428003,13.0506181],[77.5417353,13.0506891],[77.5376165,13.0495849],[77.5372397,13.0514872],[77.5376704,13.0514669],[77.5375398,13.0544833],[77.5353746,13.0548254],[77.531756,13.0546733],[77.531158,13.0542704],[77.5304248,13.0530827],[77.5279467,13.0514593],[77.5264538,13.050838],[77.5237992,13.0489666],[77.5221922,13.0459013],[77.5253137,13.0437552],[77.5255467,13.0441361],[77.5269166,13.0451074],[77.5312227,13.0442511],[77.5299841,13.0465499],[77.5356397,13.048321],[77.5355676,13.0486163],[77.5364795,13.0489658],[77.5396891,13.0440216],[77.5410555,13.0455412],[77.5416457,13.046398],[77.5429946,13.0451681],[77.5428395,13.0448443],[77.5437628,13.0443121]]]},"properties":{"ward_key":"ward_369_final.176","ward_no":60,"ward_name":"Jalahalli","ward_name_kn":"ಜಾಲಹಳ್ಳಿ","corporation":"North"}},{"type":"Feature","geometry":{"type":"Polygon","coordinates":[[[77.5926359,12.9331788],[77.5924983,12.9284748],[77.5928782,12.9284677],[77.6004963,12.9282947],[77.6010647,12.9336565],[77.6016009,12.9371071],[77.5990932,12.9377778],[77.5978432,12.939488],[77.5976666,12.9399366],[77.5940968,12.9395475],[77.5925374,12.9385169],[77.5926359,12.9331788]]]},"properties":{"ward_key":"ward_369_final.177","ward_no":37,"ward_name":"BHEL Ward","ward_name_kn":"ಬಿಎಚ್‌ಇಎಲ್ ವಾರ್ಡ್","corporation":"Central"}},{"type":"Feature","geometry":{"type":"Polygon","coordinates":[[[77.5712124,13.0063672],[77.5712951,13.0033209],[77.5720888,13.0033645],[77.5722492,13.001007],[77.5738321,13.0008575],[77.5739749,12.9989058],[77.5751369,12.9989078],[77.5750571,13.0018689],[77.575365,13.0018665],[77.5753871,13.0010354],[77.5757049,13.0010275],[77.5757106,13.0018667],[77.5761673,13.0018581],[77.5762145,13.0028081],[77.5770841,13.0028348],[77.5770773,13.0018834],[77.5784702,13.0018481],[77.5786449,13.0057659],[77.5788033,13.0064659],[77.5763823,13.0077524],[77.5757383,13.0078787],[77.5733862,13.0076892],[77.5724268,13.0080735],[77.57233,13.0078781],[77.5738179,13.0071511],[77.5739206,13.0063441],[77.5712124,13.0063672]]]},"properties":{"ward_key":"ward_369_final.178","ward_no":52,"ward_name":"Kodandarampura","ward_name_kn":"ಕೋದಂಡರಾಮಪುರ","corporation":"West"}},{"type":"Feature","geometry":{"type":"Polygon","coordinates":[[[77.7379101,12.9266052],[77.7427506,12.9329894],[77.743951,12.9357676],[77.7465997,12.9380144],[77.7500677,12.9366184],[77.7514435,12.9356977],[77.7536217,12.9346506],[77.7552909,12.9343611],[77.7585628,12.9327859],[77.7604808,12.9324484],[77.7650583,12.9301382],[77.7656811,12.9324154],[77.7657641,12.933332],[77.7663899,12.9349197],[77.7655139,12.9373094],[77.7653584,12.9415907],[77.7651352,12.9423887],[77.7655799,12.9466197],[77.7649604,12.9512074],[77.7645504,12.9522124],[77.7644994,12.9559278],[77.7617634,12.9547655],[77.7580147,12.9516903],[77.7561448,12.9490501],[77.7558484,12.9482552],[77.7543927,12.9474162],[77.7542783,12.9467242],[77.753527,12.9464097],[77.7511016,12.9434365],[77.7499065,12.9428349],[77.7495868,12.9453433],[77.7497786,12.9460346],[77.7490655,12.9477163],[77.7485861,12.9498589],[77.7483997,12.9523123],[77.7508764,12.9530186],[77.7517871,12.9548182],[77.7526651,12.9559445],[77.75246,12.9571513],[77.7501406,12.9558761],[77.7479127,12.955792],[77.7475357,12.9576216],[77.7473407,12.9576669],[77.7472354,12.9581899],[77.7462152,12.9585928],[77.7454585,12.9571402],[77.7448901,12.9566957],[77.7435098,12.9569487],[77.743435,12.9565874],[77.7443147,12.9563952],[77.7436401,12.9546681],[77.7429914,12.9538235],[77.7398497,12.9526482],[77.7392352,12.9521769],[77.7381494,12.9521427],[77.7375322,12.9515328],[77.7374699,12.9511195],[77.7349538,12.9495859],[77.7333157,12.9493039],[77.7329216,12.9484914],[77.7313619,12.9480543],[77.730809,12.9481589],[77.7283695,12.9476657],[77.7275924,12.9470512],[77.7251642,12.9464142],[77.7249175,12.9466328],[77.7249001,12.9464469],[77.7232087,12.946476],[77.7232189,12.9471097],[77.7210042,12.9464689],[77.7192742,12.9455621],[77.7180625,12.9452921],[77.7169437,12.944677],[77.7168734,12.9442792],[77.7182131,12.942643],[77.7203547,12.9434075],[77.7251444,12.943463],[77.7263143,12.9431658],[77.7286219,12.943585],[77.7316033,12.9426248],[77.7322739,12.9419422],[77.7323954,12.9412443],[77.732817,12.9412402],[77.7330003,12.9393047],[77.7337976,12.9375202],[77.7339938,12.9370425],[77.7335025,12.9359634],[77.732427,12.9358686],[77.7303262,12.9354259],[77.7299935,12.9303695],[77.7288126,12.9305525],[77.7288347,12.9307354],[77.72736,12.9312233],[77.7272942,12.9310051],[77.7258837,12.9314378],[77.7252309,12.9313933],[77.7240648,12.9305774],[77.7211693,12.9301731],[77.7187871,12.9293951],[77.7180406,12.9279871],[77.7371831,12.925181],[77.7379101,12.9266052]]]},"properties":{"ward_key":"ward_369_final.179","ward_no":40,"ward_name":"Varthur","ward_name_kn":"ವರ್ತೂರು","corporation":"East"}},{"type":"Feature","geometry":{"type":"Polygon","coordinates":[[[77.6121076,12.9433613],[77.6098638,12.9440428],[77.6098056,12.9437218],[77.6088582,12.9437286],[77.6089041,12.9421151],[77.6082962,12.941949],[77.6138351,12.9316175],[77.6222374,12.9180768],[77.6230284,12.9185009],[77.6237208,12.9182803],[77.6241009,12.9190473],[77.6260565,12.9186724],[77.6285751,12.9180063],[77.6288147,12.9193397],[77.6288371,12.9195841],[77.632105,12.9186425],[77.6329227,12.9207428],[77.6336653,12.9222944],[77.63402,12.9249199],[77.6291213,12.9241981],[77.6210136,12.9275286],[77.6229894,12.9327488],[77.6234273,12.9335588],[77.6188606,12.9336775],[77.6181584,12.9335262],[77.616602,12.9341335],[77.615289,12.9358491],[77.6162557,12.9362458],[77.6173117,12.9363192],[77.617985,12.9392454],[77.6157976,12.9398272],[77.6146854,12.9409741],[77.6151786,12.9420837],[77.6121076,12.9433613]]]},"properties":{"ward_key":"ward_369_final.18","ward_no":29,"ward_name":"Kormangala West","ward_name_kn":"ಕೋರಮಂಗಲ ಪಶ್ಚಿಮ","corporation":"South"}},{"type":"Feature","geometry":{"type":"Polygon","coordinates":[[[77.5378047,12.9552325],[77.5377313,12.9543131],[77.5408225,12.9539992],[77.5409183,12.9552085],[77.5412177,12.9552323],[77.5413489,12.9570787],[77.5424607,12.9568882],[77.5425742,12.957177],[77.5428466,12.9571598],[77.5434953,12.9584969],[77.5420541,12.9589668],[77.5419135,12.9584432],[77.5415885,12.9584889],[77.5415539,12.9594567],[77.5409451,12.9600979],[77.5410821,12.9602958],[77.5406605,12.9606395],[77.5405037,12.9620061],[77.5410267,12.9642668],[77.5375679,12.9653175],[77.537443,12.9648515],[77.5372968,12.9640464],[77.5376129,12.9640127],[77.5372094,12.9620872],[77.5375533,12.9620887],[77.536836,12.9600481],[77.5365495,12.9596674],[77.5370772,12.9594709],[77.5371988,12.9599783],[77.5382415,12.9589623],[77.538197,12.9581793],[77.5374738,12.9582657],[77.5374047,12.9580516],[77.5382618,12.9573015],[77.5374489,12.956237],[77.5379329,12.9560763],[77.5379043,12.9557904],[77.5380983,12.9557594],[77.53805,12.9552032],[77.5378047,12.9552325]]]},"properties":{"ward_key":"ward_369_final.180","ward_no":90,"ward_name":"Krishnadevaraya ward","ward_name_kn":"ಕೃಷ್ಣದೇವರಾಯ ವಾರ್ಡ್","corporation":"West"}},{"type":"Feature","geometry":{"type":"Polygon","coordinates":[[[77.5649366,12.904346],[77.5601806,12.9002356],[77.5612428,12.8992404],[77.5601203,12.8962383],[77.5601651,12.895732],[77.5612185,12.8956061],[77.5616608,12.8967944],[77.5623658,12.8964168],[77.5641093,12.8960842],[77.5641669,12.8964175],[77.5666206,12.8957506],[77.5672972,12.8975839],[77.5675665,12.8983753],[77.5664208,12.8986431],[77.5650601,12.8988442],[77.5649164,12.8995358],[77.5650731,12.9004596],[77.5652588,12.9008897],[77.565555,12.9021583],[77.5659996,12.9025302],[77.5664601,12.903408],[77.5673047,12.9030394],[77.5674566,12.9035614],[77.5687616,12.903576],[77.5688256,12.9047627],[77.5684294,12.904826],[77.5710913,12.9062916],[77.5712007,12.9074492],[77.5702922,12.9085904],[77.5649366,12.904346]]]},"properties":{"ward_key":"ward_369_final.181","ward_no":47,"ward_name":"Chandranagara","ward_name_kn":"ಚಂದ್ರನಗರ","corporation":"South"}},{"type":"Feature","geometry":{"type":"Polygon","coordinates":[[[77.4972741,12.9886403],[77.5004989,12.9891232],[77.5038229,12.9902454],[77.5052219,12.9899348],[77.5057249,12.9896702],[77.5046972,12.9914646],[77.5044651,12.99428],[77.504083,12.9946508],[77.5040736,12.9952113],[77.5050011,12.9952981],[77.5060313,12.9988341],[77.5048085,12.999065],[77.5049008,12.9996142],[77.5034356,12.999937],[77.5022475,13.000373],[77.5021263,13.0000799],[77.5015629,13.0003562],[77.5012044,12.9998087],[77.5000831,13.000301],[77.5001829,13.0008773],[77.4995665,13.0010237],[77.4994545,13.0004383],[77.498265,13.0006711],[77.4983274,13.0012729],[77.4954602,13.0017435],[77.49507,13.0004552],[77.4964301,12.9999788],[77.4982982,12.9991472],[77.4988363,12.9990516],[77.498684,12.9987576],[77.4990454,12.9985703],[77.499112,12.9987692],[77.4999528,12.9985327],[77.4997851,12.997999],[77.5014782,12.9968933],[77.5014693,12.9965579],[77.5004558,12.995553],[77.4992359,12.991315],[77.4983505,12.9908561],[77.497951,12.9902114],[77.4969367,12.9895013],[77.4969944,12.9885784],[77.4972741,12.9886403]]]},"properties":{"ward_key":"ward_369_final.182","ward_no":10,"ward_name":"Sunkadakatte","ward_name_kn":"ಸುಂಕದಕಟ್ಟೆ","corporation":"West"}},{"type":"Feature","geometry":{"type":"Polygon","coordinates":[[[77.7054322,12.9419401],[77.7066909,12.9420704],[77.7072594,12.9418572],[77.7076784,12.941027],[77.7086157,12.9416652],[77.7105264,12.9415678],[77.7118599,12.9412292],[77.7136615,12.9416398],[77.7140846,12.9416075],[77.715378,12.9420896],[77.7162047,12.9421892],[77.7168086,12.9420852],[77.7182131,12.942643],[77.7168699,12.9442889],[77.7165508,12.9452025],[77.7166748,12.946807],[77.7151935,12.9469234],[77.7157318,12.9491924],[77.7151145,12.9543962],[77.7148455,12.9547788],[77.7147612,12.9558835],[77.7091893,12.9563051],[77.7046729,12.9566705],[77.7050279,12.9538797],[77.7043312,12.9538289],[77.7043326,12.9530927],[77.7002109,12.9534352],[77.6991296,12.9481878],[77.6984217,12.9459547],[77.6994644,12.9457762],[77.7005036,12.9457628],[77.7013889,12.9453364],[77.7027494,12.9454121],[77.7032958,12.9451423],[77.703795,12.944544],[77.7038502,12.9436264],[77.7046866,12.9431067],[77.7054322,12.9419401]]]},"properties":{"ward_key":"ward_369_final.183","ward_no":41,"ward_name":"Munnenkolalu","ward_name_kn":"ಮುನ್ನೇನಕೊಳಲು","corporation":"East"}},{"type":"Feature","geometry":{"type":"Polygon","coordinates":[[[77.6392976,13.0140442],[77.641786,13.0140913],[77.6419994,13.0114584],[77.6419484,13.0083079],[77.6429647,13.0088772],[77.6430609,13.0079072],[77.6437533,13.0078671],[77.643405,13.0062982],[77.6454749,13.0063955],[77.6466246,13.0078993],[77.6483797,13.0075821],[77.6500087,13.0073268],[77.6508845,13.0088472],[77.6491653,13.0094728],[77.6477023,13.011132],[77.6471228,13.0120506],[77.6483107,13.0132498],[77.6490243,13.0143325],[77.6448369,13.0149791],[77.6452772,13.0231538],[77.645096,13.0235195],[77.639937,13.0257746],[77.6398809,13.0248825],[77.6403458,13.0246904],[77.6400532,13.0218134],[77.6372168,13.0227726],[77.6366757,13.0186848],[77.6363059,13.0172129],[77.6385346,13.0166241],[77.6384805,13.0162632],[77.6393981,13.0160783],[77.6392976,13.0140442]]]},"properties":{"ward_key":"ward_369_final.184","ward_no":31,"ward_name":"Kalyanagar","ward_name_kn":"ಕಲ್ಯಾಣನಗರ","corporation":"North"}},{"type":"Feature","geometry":{"type":"GeometryCollection","geometries":[{"type":"LineString","coordinates":[[77.5713285,12.907312],[77.5712156,12.9074332]]},{"type":"Polygon","coordinates":[[[77.5657955,12.9022126],[77.565555,12.9021583],[77.5653004,12.9006746],[77.5650731,12.9004596],[77.5650193,12.8991654],[77.5651098,12.898714],[77.567219,12.8985153],[77.5675665,12.8983753],[77.5666206,12.8957506],[77.5641669,12.8964175],[77.5641093,12.8960842],[77.5623658,12.8964168],[77.5616608,12.8967944],[77.5612185,12.8956061],[77.5617159,12.8953595],[77.5614775,12.8939313],[77.5618311,12.8938504],[77.5619862,12.8942312],[77.5681605,12.8938439],[77.5724455,12.8988978],[77.5733555,12.901371],[77.5733156,12.9047312],[77.573171,12.9064694],[77.571755,12.9068842],[77.5713285,12.907312],[77.5710913,12.9062916],[77.5684294,12.904826],[77.5688256,12.9047627],[77.5687616,12.903576],[77.5674566,12.9035614],[77.5673047,12.9030394],[77.5664601,12.903408],[77.5657955,12.9022126]]]}]},"properties":{"ward_key":"ward_369_final.185","ward_no":46,"ward_name":"Yelachenahalli","ward_name_kn":"ಯೆಲಚೇನಹಳ್ಳಿ","corporation":"South"}},{"type":"Feature","geometry":{"type":"Polygon","coordinates":[[[77.5853744,12.8639063],[77.5850574,12.8620769],[77.5853723,12.8607099],[77.5853831,12.8601588],[77.5837942,12.8605381],[77.5830856,12.859597],[77.5815934,12.8598582],[77.5813214,12.8582792],[77.5819864,12.8581876],[77.5823414,12.8586133],[77.583984,12.8581912],[77.5850325,12.8593812],[77.5855044,12.8594867],[77.5850092,12.8558914],[77.5854008,12.8556544],[77.5860888,12.8557658],[77.5863953,12.8568907],[77.5869557,12.8567392],[77.5868099,12.8560602],[77.5875142,12.8559683],[77.5875343,12.8563933],[77.588846,12.8564045],[77.5890261,12.8585079],[77.5903628,12.858923],[77.5923735,12.8586897],[77.5925253,12.8591302],[77.5932889,12.8589126],[77.5937175,12.8606111],[77.5940834,12.8606001],[77.5940939,12.8618933],[77.5905948,12.8623428],[77.5925494,12.8682687],[77.5945012,12.8678016],[77.5943705,12.8673151],[77.5955382,12.8670009],[77.5945206,12.8652493],[77.5940146,12.8656719],[77.5934085,12.8632948],[77.5940369,12.8631613],[77.5941926,12.863634],[77.5949544,12.8634894],[77.594998,12.8637133],[77.5955292,12.8632596],[77.596101,12.8621811],[77.5969916,12.8618582],[77.5973423,12.8627403],[77.5969979,12.8629034],[77.598015,12.8656769],[77.5982018,12.8656851],[77.5989774,12.8639497],[77.599782,12.8633419],[77.5997221,12.8616853],[77.6062682,12.8609244],[77.6062413,12.8597881],[77.6052404,12.8597079],[77.6054284,12.8579406],[77.6048381,12.8578846],[77.6049683,12.8571066],[77.6047292,12.8542693],[77.6045891,12.8538533],[77.6095343,12.8548719],[77.6089514,12.8512709],[77.6115554,12.8514247],[77.6127453,12.8517501],[77.6146851,12.8544959],[77.6164936,12.8557137],[77.6168354,12.8575111],[77.6189058,12.8575964],[77.6191841,12.8579565],[77.6195939,12.857953],[77.6204361,12.8607404],[77.6193619,12.8600619],[77.6169739,12.8603277],[77.6172668,12.8616922],[77.6166537,12.8638279],[77.6196701,12.8660044],[77.620582,12.8670998],[77.6217695,12.8693964],[77.6221822,12.8695191],[77.6216703,12.8707042],[77.6219507,12.871971],[77.6223765,12.8727641],[77.6223092,12.8733261],[77.6217192,12.8734169],[77.6224,12.8745062],[77.6240656,12.8740168],[77.6242905,12.8758221],[77.6248298,12.8758173],[77.6247882,12.8772771],[77.6220599,12.8773159],[77.6202141,12.8779035],[77.6192291,12.877983],[77.6190232,12.8775783],[77.6182592,12.8773661],[77.6175462,12.8760746],[77.6149191,12.8762566],[77.6153408,12.873078],[77.6152778,12.8716162],[77.6149702,12.871128],[77.6135802,12.8713],[77.6132746,12.8681863],[77.6130319,12.8675924],[77.6128001,12.8654059],[77.6114579,12.8661446],[77.6111204,12.8670683],[77.6111051,12.8674219],[77.6103321,12.8675199],[77.6102737,12.866904],[77.6083792,12.8669985],[77.60809,12.8688669],[77.6080236,12.8696739],[77.6064289,12.8699059],[77.6059943,12.8692358],[77.6050053,12.8676362],[77.6048723,12.8670314],[77.6046624,12.8670332],[77.6042857,12.8647795],[77.6035098,12.864655],[77.6033993,12.865371],[77.6026333,12.8666547],[77.6014845,12.8667696],[77.6015371,12.866285],[77.5992638,12.8663832],[77.5990342,12.8667277],[77.5980625,12.8667748],[77.5975726,12.868863],[77.5967849,12.8702836],[77.5960587,12.872747],[77.5942562,12.8731454],[77.5936692,12.8728124],[77.592954,12.872719],[77.5926582,12.8720986],[77.5895277,12.8701736],[77.5874076,12.8690416],[77.5857675,12.8668219],[77.5855605,12.8668729],[77.5853886,12.8660262],[77.585867,12.8658145],[77.5853744,12.8639063]]]},"properties":{"ward_key":"ward_369_final.186","ward_no":37,"ward_name":"Yelenahalli","ward_name_kn":"ಯೆಲೇನಹಳ್ಳಿ","corporation":"South"}},{"type":"Feature","geometry":{"type":"Polygon","coordinates":[[[77.6449487,12.9189799],[77.6445865,12.9120592],[77.6416891,12.9121873],[77.6415993,12.909714],[77.6380398,12.9098403],[77.638017,12.9093274],[77.6384074,12.9093131],[77.6384131,12.9083499],[77.6389944,12.9083328],[77.6390227,12.9079629],[77.6386708,12.9067036],[77.6386266,12.9059002],[77.6470059,12.9003046],[77.6473098,12.8995443],[77.6486545,12.8994466],[77.6492121,12.8997412],[77.6512633,12.8989558],[77.6517716,12.9011269],[77.6507137,12.9017738],[77.6502706,12.9036576],[77.6487332,12.9035301],[77.6493458,12.9089916],[77.6490282,12.9119462],[77.6518955,12.9119872],[77.6516891,12.9197438],[77.6479065,12.9194284],[77.6472228,12.9194477],[77.6471023,12.9189171],[77.6449487,12.9189799]]]},"properties":{"ward_key":"ward_369_final.187","ward_no":71,"ward_name":"Agara","ward_name_kn":"ಅಗರ","corporation":"South"}},{"type":"Feature","geometry":{"type":"Polygon","coordinates":[[[77.5751479,12.9989077],[77.5776768,12.9991114],[77.5784124,12.999134],[77.5783194,12.9975749],[77.5808625,12.9972609],[77.5831567,12.9992787],[77.5841877,12.9994096],[77.5843613,12.9978269],[77.5864853,12.9975313],[77.5895502,12.9956295],[77.5896795,12.995329],[77.594676,12.995357],[77.5961192,12.9947113],[77.5961124,12.9955583],[77.594659,13.0009799],[77.5928224,13.0065681],[77.5881198,13.0135002],[77.5866666,13.0142984],[77.58404,13.0145119],[77.5839007,13.0089786],[77.5840921,13.0030619],[77.5833939,13.0029341],[77.5786449,13.0057659],[77.5784702,13.0018481],[77.5770773,13.0018834],[77.5770841,13.0028348],[77.5762145,13.0028081],[77.5761673,13.0018581],[77.5757106,13.0018667],[77.5757049,13.0010275],[77.5753871,13.0010354],[77.575365,13.0018665],[77.5750571,13.0018689],[77.5751479,12.9989077]]]},"properties":{"ward_key":"ward_369_final.188","ward_no":51,"ward_name":"Rajamahal","ward_name_kn":"ರಾಜಮಹಲ್","corporation":"West"}},{"type":"Feature","geometry":{"type":"Polygon","coordinates":[[[77.5084026,13.0369753],[77.5104424,13.0370124],[77.5104335,13.0365079],[77.5130996,13.0359255],[77.5135264,13.037647],[77.5142101,13.0375063],[77.5143613,13.0381367],[77.5146209,13.0381319],[77.5145848,13.0384468],[77.5147649,13.0384518],[77.5150614,13.0355339],[77.5180706,13.0351193],[77.5183231,13.0366711],[77.5183874,13.0399356],[77.5161137,13.04186],[77.5104988,13.0439688],[77.5084491,13.0450402],[77.5054465,13.0459094],[77.5049021,13.0417324],[77.5045426,13.0384759],[77.5067327,13.0379929],[77.5069966,13.0373884],[77.5084026,13.0369753]]]},"properties":{"ward_key":"ward_369_final.189","ward_no":2,"ward_name":"Chokkasandra","ward_name_kn":"ಚೊಕ್ಕಸಂದ್ರ","corporation":"West"}},{"type":"Feature","geometry":{"type":"Polygon","coordinates":[[[77.6705536,13.0175716],[77.6704302,13.0163643],[77.6710134,13.016278],[77.6708509,13.0155735],[77.6720942,13.0154328],[77.672302,13.0159343],[77.6735144,13.0154541],[77.6736593,13.0157198],[77.6741622,13.015544],[77.6735392,13.0129096],[77.6735669,13.0115244],[77.6771467,13.0115218],[77.6788472,13.0116983],[77.6816411,13.0107745],[77.6830229,13.0112648],[77.6853322,13.0113202],[77.6857562,13.0110135],[77.6864008,13.0110137],[77.686935,13.0114749],[77.6854921,13.0128838],[77.6853081,13.0135884],[77.6858527,13.014862],[77.6855844,13.0151862],[77.685595,13.0158783],[77.6832605,13.0161264],[77.6833177,13.0163313],[77.6817403,13.0166217],[77.681659,13.0162259],[77.673085,13.01653],[77.6731848,13.0168152],[77.6729966,13.016891],[77.6733517,13.0177657],[77.6719669,13.0182878],[77.6705536,13.0175716]]]},"properties":{"ward_key":"ward_369_final.19","ward_no":15,"ward_name":"Ramamurthy Nagara","ward_name_kn":"ರಾಮಮೂರ್ತಿ ನಗರ","corporation":"East"}},{"type":"Feature","geometry":{"type":"GeometryCollection","geometries":[{"type":"LineString","coordinates":[[77.5174962,13.0063589],[77.5175517,13.0062215]]},{"type":"Polygon","coordinates":[[[77.5264158,13.0115506],[77.5264498,13.0100447],[77.5250469,13.010351],[77.5248319,13.0092484],[77.5220998,13.0100393],[77.5219777,13.0093051],[77.5188131,13.0100513],[77.5179072,13.0086972],[77.5173868,13.008316],[77.5174099,13.0067547],[77.5174962,13.0063589],[77.5207738,13.0058811],[77.5216127,13.0059465],[77.5216113,13.0061475],[77.5232178,13.006083],[77.5231811,13.0070361],[77.5259498,13.0063981],[77.5267688,13.0061172],[77.5267544,13.0066788],[77.5279204,13.0077016],[77.5298838,13.0060488],[77.5302471,13.0077674],[77.5304639,13.0082488],[77.5302734,13.0088242],[77.5286802,13.0090159],[77.5278239,13.0101804],[77.5278062,13.0105727],[77.5267627,13.0116856],[77.5264158,13.0115506]]]}]},"properties":{"ward_key":"ward_369_final.190","ward_no":31,"ward_name":"Freedom Fighter Ward","ward_name_kn":"ಫ್ರೀಡಂ ಫೈಟರ್ ವಾರ್ಡ್","corporation":"West"}},{"type":"Feature","geometry":{"type":"Polygon","coordinates":[[[77.6979152,12.9862681],[77.6991138,12.9867561],[77.6987335,12.9872359],[77.6997007,12.989004],[77.6998895,12.9895506],[77.7029156,12.9886131],[77.7072792,12.9879945],[77.7057452,12.9929641],[77.6985429,12.9948385],[77.6945882,12.9958017],[77.6906532,12.9971533],[77.6889845,12.9929306],[77.6885086,12.9920458],[77.6902223,12.9916441],[77.6921336,12.9910314],[77.6940949,12.9903143],[77.6955633,12.9902788],[77.6957151,12.9887709],[77.6956878,12.9855604],[77.6958192,12.9839817],[77.7007946,12.9827253],[77.7009058,12.9835825],[77.7007085,12.9839122],[77.6982284,12.9840331],[77.6977851,12.9844886],[77.6973886,12.9858567],[77.6977629,12.9858573],[77.6979152,12.9862681]]]},"properties":{"ward_key":"ward_369_final.191","ward_no":35,"ward_name":"Garudachar Palya","ward_name_kn":"ಗರುಡಾಚಾರ್ ಪಾಳ್ಯ","corporation":"East"}},{"type":"Feature","geometry":{"type":"Polygon","coordinates":[[[77.5136853,13.01137],[77.5138534,13.0113423],[77.5135842,13.0104113],[77.5138687,13.0103478],[77.5146912,13.0095905],[77.515553,13.0094719],[77.515607,13.0096255],[77.5180524,13.0089041],[77.5191504,13.0106558],[77.5185992,13.0126161],[77.5181248,13.0127853],[77.5182229,13.0132459],[77.5178712,13.0133829],[77.517942,13.0136433],[77.5185456,13.013554],[77.5187038,13.0147008],[77.5181472,13.0147696],[77.518292,13.0155674],[77.5177685,13.0156693],[77.5174924,13.0161449],[77.517655,13.0173964],[77.5188029,13.0172562],[77.5188111,13.0180742],[77.5175079,13.0180246],[77.5172305,13.0183158],[77.5155322,13.0189138],[77.5150093,13.0180019],[77.5139458,13.0177022],[77.5138765,13.0171157],[77.5150636,13.0132087],[77.5139547,13.013663],[77.5137888,13.0134609],[77.5135858,13.0135806],[77.5130819,13.012294],[77.5138,13.01199],[77.5136853,13.01137]]]},"properties":{"ward_key":"ward_369_final.192","ward_no":5,"ward_name":"Rajeshwarinagar","ward_name_kn":"ರಾಜೇಶ್ವರಿನಗರ","corporation":"West"}},{"type":"Feature","geometry":{"type":"Polygon","coordinates":[[[77.7169351,12.967312],[77.7181564,12.9664332],[77.718351,12.9651111],[77.716713,12.9618984],[77.715427,12.9576178],[77.7147577,12.9556964],[77.7149076,12.9545348],[77.7151145,12.9543962],[77.7157207,12.9487202],[77.7151935,12.9469234],[77.7166748,12.946807],[77.7166222,12.9448774],[77.7168699,12.9442889],[77.7169437,12.944677],[77.7186987,12.9455037],[77.7203718,12.9459902],[77.7217176,12.9467975],[77.7232189,12.9471097],[77.7232087,12.946476],[77.7249001,12.9464469],[77.7249175,12.9466328],[77.7251642,12.9464142],[77.7277493,12.947195],[77.7288103,12.9477666],[77.7312012,12.9481533],[77.7326507,12.9483419],[77.7331513,12.9488612],[77.7333157,12.9493039],[77.7349538,12.9495859],[77.7375839,12.9512334],[77.7372891,12.9526334],[77.7361345,12.9521126],[77.7360489,12.9523697],[77.7354627,12.9522531],[77.7354618,12.9534174],[77.7360181,12.9535764],[77.7358629,12.9556093],[77.7367455,12.9559296],[77.7365977,12.9569805],[77.7309876,12.9561683],[77.7330295,12.962613],[77.7331233,12.9635448],[77.73086,12.9637483],[77.7306041,12.9641531],[77.7311474,12.9682522],[77.7320595,12.9696752],[77.7310126,12.9707063],[77.7268521,12.9715019],[77.7270902,12.9764503],[77.7182615,12.9772902],[77.7179501,12.9732605],[77.7156136,12.9733012],[77.7154212,12.9696027],[77.7171532,12.9694353],[77.7169351,12.967312]]]},"properties":{"ward_key":"ward_369_final.193","ward_no":37,"ward_name":"Kundalahalli","ward_name_kn":"ಕುಂದಲಹಳ್ಳಿ","corporation":"East"}},{"type":"Feature","geometry":{"type":"Polygon","coordinates":[[[77.4858403,13.0202001],[77.4873024,13.0201265],[77.4872434,13.0214843],[77.4875517,13.0226517],[77.4887569,13.0221706],[77.4886584,13.0211981],[77.4898063,13.0216181],[77.4902766,13.0216817],[77.4905934,13.0205348],[77.4915062,13.0210103],[77.4915046,13.0198207],[77.4920959,13.0197674],[77.4920535,13.0191718],[77.4935168,13.0188111],[77.4934074,13.0161081],[77.4936998,13.0141758],[77.4963041,13.0139925],[77.4981338,13.0138826],[77.4990051,13.0139509],[77.4955756,13.0225652],[77.4948328,13.0229808],[77.4974351,13.0319635],[77.4983203,13.0330057],[77.4984574,13.0335134],[77.4988073,13.0336948],[77.4991885,13.0348775],[77.4981428,13.0351235],[77.4981362,13.0364848],[77.4979196,13.0365028],[77.497166,13.0378737],[77.49689,13.0378952],[77.4961106,13.0397491],[77.4962878,13.0418078],[77.4966427,13.0417905],[77.4966587,13.0419751],[77.4980278,13.0422299],[77.4979834,13.0438698],[77.4957453,13.0444647],[77.4959233,13.0458845],[77.496658,13.0492075],[77.4972209,13.0506391],[77.4925786,13.0515647],[77.4920639,13.0489372],[77.4909729,13.0451031],[77.4889458,13.0458388],[77.4859302,13.0467564],[77.4821387,13.0484132],[77.4811562,13.0482791],[77.4803159,13.0489761],[77.4800314,13.0481649],[77.4796245,13.0447627],[77.4803055,13.043372],[77.4814749,13.0426157],[77.4820061,13.0413316],[77.4827691,13.0406531],[77.4851483,13.0395285],[77.4871166,13.0400088],[77.4871191,13.0398251],[77.488372,13.0399536],[77.4885883,13.0400073],[77.4895273,13.0386171],[77.4892594,13.0368526],[77.4871594,13.0367746],[77.4865143,13.036312],[77.4865005,13.035547],[77.4868035,13.0350524],[77.4866887,13.0335654],[77.4875138,13.0332723],[77.4871514,13.0316562],[77.4874957,13.0303513],[77.4890596,13.0300845],[77.4883554,13.0285404],[77.4865117,13.0288934],[77.4857406,13.0259651],[77.4863104,13.0258689],[77.4864881,13.0249521],[77.4851306,13.0240571],[77.4845516,13.0223242],[77.4839332,13.0196092],[77.4832678,13.0185613],[77.4852714,13.0186378],[77.4857348,13.0190824],[77.4858403,13.0202001]]]},"properties":{"ward_key":"ward_369_final.194","ward_no":11,"ward_name":"Dodda Bidarakallu","ward_name_kn":"ದೊಡ್ಡ ಬಿದರಕಲ್ಲು","corporation":"West"}},{"type":"Feature","geometry":{"type":"Polygon","coordinates":[[[77.5649103,12.9603856],[77.571736,12.960561],[77.5745135,12.9597707],[77.5750781,12.9610839],[77.5763442,12.9628594],[77.5778238,12.9662629],[77.5780406,12.9667431],[77.5748457,12.9682941],[77.5737431,12.9664438],[77.5703334,12.9679468],[77.5700336,12.9642628],[77.5683497,12.9636427],[77.568217,12.963782],[77.5658151,12.9627155],[77.5648242,12.9624116],[77.5649103,12.9603856]]]},"properties":{"ward_key":"ward_369_final.195","ward_no":45,"ward_name":"K.R Market","ward_name_kn":"ಕೆ.ಆರ್. ಮಾರುಕಟ್ಟೆ","corporation":"Central"}},{"type":"Feature","geometry":{"type":"Polygon","coordinates":[[[77.5367081,12.9249417],[77.5367426,12.9236789],[77.537293,12.9234025],[77.5380972,12.9238861],[77.5389367,12.9248408],[77.5391324,12.9253654],[77.5390462,12.9259397],[77.5387136,12.9261552],[77.5394672,12.928744],[77.5400419,12.9287126],[77.5404632,12.9304415],[77.5405884,12.9303685],[77.5414159,12.9321472],[77.5362404,12.9353927],[77.5342956,12.9364664],[77.5337501,12.9354133],[77.5336498,12.9350565],[77.5330958,12.935089],[77.5339398,12.9331607],[77.5341673,12.9327713],[77.5342407,12.9304058],[77.5350516,12.9292347],[77.534939,12.9276084],[77.5354684,12.9270736],[77.5368912,12.926765],[77.5367081,12.9249417]]]},"properties":{"ward_key":"ward_369_final.196","ward_no":112,"ward_name":"Hosakerehalli","ward_name_kn":"ಹೊಸಕೆರೆಹಳ್ಳಿ","corporation":"West"}},{"type":"Feature","geometry":{"type":"Polygon","coordinates":[[[77.5498854,13.0390941],[77.5502009,13.0390232],[77.549896,13.0375767],[77.5501726,13.0375268],[77.5496991,13.0363416],[77.5475958,13.0338977],[77.5468653,13.0332622],[77.5507737,13.0247101],[77.5511902,13.0249522],[77.5525632,13.0241396],[77.5528556,13.0241592],[77.5527548,13.0245545],[77.5540265,13.0247628],[77.5536324,13.0272114],[77.5544561,13.0271883],[77.5544306,13.0278079],[77.5551656,13.0277851],[77.5551907,13.0281621],[77.5556124,13.0281398],[77.5555947,13.0283857],[77.5550736,13.0283975],[77.5550889,13.0293853],[77.5535311,13.029419],[77.5535841,13.0306368],[77.5516499,13.0307545],[77.5542833,13.0327106],[77.5537126,13.0343697],[77.5532469,13.0372308],[77.553415,13.0387068],[77.5511766,13.039247],[77.550053,13.039663],[77.5498854,13.0390941]]]},"properties":{"ward_key":"ward_369_final.197","ward_no":63,"ward_name":"J.P PARK","ward_name_kn":"ಜೆಪಿ ಪಾರ್ಕ್","corporation":"North"}},{"type":"Feature","geometry":{"type":"Polygon","coordinates":[[[77.585867,12.8658145],[77.5853886,12.8660262],[77.5855605,12.8668729],[77.5857675,12.8668219],[77.5874076,12.8690416],[77.5888894,12.8698429],[77.5888343,12.8726457],[77.5870738,12.8733779],[77.5860831,12.8740359],[77.586244,12.8744567],[77.5891742,12.8764413],[77.589593,12.8769273],[77.589659,12.8779667],[77.5903808,12.8801572],[77.5906119,12.8813079],[77.5854349,12.8786071],[77.5852941,12.8775911],[77.5839537,12.8776095],[77.5841373,12.8801923],[77.5837671,12.881496],[77.5794103,12.8808649],[77.5790164,12.881909],[77.5764397,12.8819265],[77.5763806,12.8814789],[77.5757762,12.881422],[77.5763501,12.8799671],[77.5765573,12.8780014],[77.5771472,12.8769443],[77.5774086,12.8760896],[77.5781595,12.8761528],[77.5782954,12.875765],[77.5795856,12.874993],[77.5814684,12.8752217],[77.5809965,12.8740709],[77.5805964,12.8739358],[77.5795065,12.8719284],[77.5794588,12.8711485],[77.5752323,12.8706582],[77.5750873,12.869698],[77.5743661,12.8698843],[77.5737182,12.8674261],[77.5711116,12.8680186],[77.5698105,12.8682621],[77.5697162,12.86794],[77.5665554,12.8694085],[77.5661616,12.8694405],[77.5658018,12.8677719],[77.5651835,12.8664838],[77.5657028,12.8648442],[77.5649582,12.8631693],[77.5644047,12.8625106],[77.5652458,12.8623052],[77.5654284,12.8626314],[77.5662525,12.8624306],[77.5669293,12.8637036],[77.5691379,12.8633895],[77.5692978,12.8639974],[77.5716731,12.8636151],[77.5716168,12.8622737],[77.5712388,12.8623083],[77.5709783,12.8607155],[77.5719752,12.8605846],[77.5719772,12.8607831],[77.5740899,12.8603448],[77.5739207,12.8592073],[77.5756136,12.8588144],[77.5759584,12.8601718],[77.5778304,12.8596193],[77.5777981,12.8587287],[77.5813214,12.8582792],[77.5815934,12.8598582],[77.5830856,12.859597],[77.5837942,12.8605381],[77.5853831,12.8601588],[77.5854188,12.8608852],[77.5850865,12.86235],[77.5853744,12.8639063],[77.585867,12.8658145]]]},"properties":{"ward_key":"ward_369_final.198","ward_no":41,"ward_name":"Kothanur","ward_name_kn":"ಕೊತ್ತನೂರು","corporation":"South"}},{"type":"Feature","geometry":{"type":"Polygon","coordinates":[[[77.6375274,12.9569439],[77.6372063,12.9569742],[77.6369592,12.9564863],[77.6363436,12.9565807],[77.6368865,12.9549666],[77.6397596,12.951511],[77.6412616,12.9542974],[77.6412929,12.954698],[77.6433282,12.9546638],[77.6437376,12.9563693],[77.6433127,12.957888],[77.6436353,12.9579692],[77.6431302,12.9582715],[77.6424113,12.9605204],[77.6416759,12.9606043],[77.641327,12.9685683],[77.6373093,12.9683024],[77.6370509,12.9668686],[77.6350588,12.9652129],[77.6342815,12.965417],[77.6342424,12.9634392],[77.6351419,12.9634021],[77.6352207,12.9625026],[77.6346875,12.9625675],[77.6345299,12.9617283],[77.6342715,12.961713],[77.6348789,12.9607033],[77.6359554,12.9579517],[77.6382029,12.9577458],[77.6381295,12.957419],[77.6375274,12.9569439]]]},"properties":{"ward_key":"ward_369_final.199","ward_no":22,"ward_name":"Domluru","ward_name_kn":"ದೊಮ್ಮಲೂರು","corporation":"Central"}},{"type":"Feature","geometry":{"type":"GeometryCollection","geometries":[{"type":"LineString","coordinates":[[77.6951045,12.9459872],[77.6954751,12.9459934]]},{"type":"Polygon","coordinates":[[[77.6926358,12.9499306],[77.6910094,12.9510579],[77.6909683,12.9539778],[77.6896353,12.9554204],[77.6875343,12.9550593],[77.6893898,12.9530403],[77.6893291,12.9500113],[77.6885906,12.9492691],[77.6816159,12.9485099],[77.6786732,12.9481946],[77.6750309,12.9486171],[77.6731052,12.9481231],[77.672948,12.9478988],[77.670897,12.9478532],[77.6708759,12.9471172],[77.6683083,12.9468871],[77.6683847,12.9465492],[77.6665476,12.9463688],[77.6664812,12.9460804],[77.6645991,12.9457315],[77.6641577,12.9444453],[77.6625077,12.9445311],[77.6624847,12.9466497],[77.6597894,12.9475716],[77.6553815,12.9474551],[77.6539118,12.9476756],[77.6493744,12.947401],[77.6490253,12.9460134],[77.6471384,12.9475029],[77.6460446,12.9484851],[77.6449162,12.9503271],[77.6441418,12.9533749],[77.642388,12.9539204],[77.6406643,12.9530066],[77.6397715,12.9514982],[77.6399169,12.9511933],[77.6403361,12.9511503],[77.6410153,12.950382],[77.6437703,12.948038],[77.6438501,12.9477209],[77.6442757,12.9476099],[77.6441879,12.9473979],[77.6463636,12.9458048],[77.6491633,12.9432453],[77.6507325,12.9423093],[77.6542428,12.9405149],[77.6550158,12.9401845],[77.6575145,12.9400899],[77.658056,12.9398506],[77.6581389,12.9378962],[77.6589215,12.9379797],[77.6590562,12.9383013],[77.6604083,12.9382976],[77.6605643,12.9380296],[77.6592307,12.9374772],[77.6550655,12.9349074],[77.6591243,12.929418],[77.6610932,12.9298217],[77.6618169,12.9289614],[77.6640997,12.9280347],[77.6649326,12.9281368],[77.6661813,12.9307564],[77.6669205,12.9311994],[77.6680446,12.9312394],[77.6689304,12.9309855],[77.6730371,12.9309758],[77.6755839,12.9319459],[77.6755645,12.9310912],[77.6759637,12.9310025],[77.6759074,12.9305229],[77.6762366,12.9300066],[77.6783406,12.9302547],[77.6788754,12.9306763],[77.6803439,12.9309649],[77.6810543,12.9313161],[77.6812338,12.9321508],[77.6809357,12.9329905],[77.6802964,12.9333699],[77.6795569,12.9353136],[77.679098,12.9361501],[77.6796147,12.937688],[77.6797071,12.9384753],[77.6808849,12.9391864],[77.6835252,12.9392478],[77.6838172,12.9389003],[77.6859296,12.9398632],[77.68702,12.940754],[77.6892723,12.9414258],[77.6905427,12.9421713],[77.6906109,12.9425781],[77.691923,12.9434947],[77.6921707,12.9441637],[77.69286,12.9447459],[77.6950232,12.9456183],[77.6951045,12.9459872],[77.6930273,12.9464868],[77.6924039,12.9470597],[77.6926358,12.9499306]]]}]},"properties":{"ward_key":"ward_369_final.2","ward_no":46,"ward_name":"Yamalur","ward_name_kn":"ಯಮಲೂರು","corporation":"East"}},{"type":"Feature","geometry":{"type":"Polygon","coordinates":[[[77.6004043,12.925464],[77.6004963,12.9282947],[77.5924983,12.9284748],[77.5926851,12.9342757],[77.5911578,12.934306],[77.5908012,12.9336111],[77.5903872,12.9332738],[77.5901397,12.9323153],[77.5894827,12.9325871],[77.5884716,12.9312596],[77.5898246,12.9306017],[77.5894774,12.9300266],[77.5908593,12.9292848],[77.5902818,12.9285908],[77.5894339,12.9285879],[77.5889096,12.9277431],[77.5876433,12.9280114],[77.5873888,12.9285458],[77.5877589,12.9297999],[77.5870325,12.9298594],[77.5870815,12.9307532],[77.5838775,12.9308129],[77.5838318,12.9286874],[77.5827546,12.9287125],[77.582753,12.9296321],[77.5817673,12.9287265],[77.581791,12.9263729],[77.589625,12.9262408],[77.5895816,12.9232754],[77.5934558,12.9232381],[77.5934971,12.924214],[77.5970655,12.9241931],[77.5971092,12.9253797],[77.5976673,12.9255818],[77.5976896,12.9261079],[77.5989462,12.9262403],[77.5999405,12.9260325],[77.599921,12.9254884],[77.6004043,12.925464]]]},"properties":{"ward_key":"ward_369_final.20","ward_no":8,"ward_name":"Tilak Nagara","ward_name_kn":"ತಿಲಕ ನಗರ","corporation":"South"}},{"type":"Feature","geometry":{"type":"Polygon","coordinates":[[[77.6070847,12.990296],[77.6073555,12.9934062],[77.6088355,12.993446],[77.608789,12.9936905],[77.6078168,12.9944521],[77.6113527,13.0006279],[77.6121175,13.0013496],[77.6121334,13.0016014],[77.6104298,13.0006727],[77.6092701,13.0014521],[77.6093229,13.0019658],[77.6087801,13.0027514],[77.6086398,13.0027825],[77.6088608,13.0036909],[77.6082906,13.0038965],[77.6085064,13.0043751],[77.6081503,13.0045394],[77.6084595,13.005101],[77.6052372,13.0066705],[77.60494,13.0059813],[77.6047048,13.006065],[77.6037969,13.0043158],[77.6037169,13.0032687],[77.6022392,13.0013208],[77.601516,13.0014364],[77.6018492,12.9998758],[77.6047839,12.9985296],[77.6050929,12.9977948],[77.6065236,12.9978809],[77.6067681,12.9994583],[77.6087691,12.998973],[77.6056685,12.9942984],[77.600676,12.9957002],[77.5965826,12.9945062],[77.6018206,12.9924849],[77.6033523,12.9924967],[77.6038718,12.9927275],[77.6052083,12.9908621],[77.6053633,12.9901502],[77.6070847,12.990296]]]},"properties":{"ward_key":"ward_369_final.200","ward_no":48,"ward_name":"S.K Garden","ward_name_kn":"ಎಸ್.ಕೆ. ಗಾರ್ಡನ್","corporation":"North"}},{"type":"Feature","geometry":{"type":"Polygon","coordinates":[[[77.6071312,12.9869155],[77.6083599,12.9863531],[77.6091382,12.9857365],[77.6097453,12.9886303],[77.6112521,12.988363],[77.611873,12.9894996],[77.6132583,12.9892187],[77.6138591,12.9906532],[77.6105341,12.9921497],[77.6086839,12.9934663],[77.6073555,12.9934062],[77.60731,12.993243],[77.6071076,12.9874286],[77.6071312,12.9869155]]]},"properties":{"ward_key":"ward_369_final.201","ward_no":6,"ward_name":"Bharathi Nagar","ward_name_kn":"ಭಾರತಿ ನಗರ","corporation":"Central"}},{"type":"Feature","geometry":{"type":"Polygon","coordinates":[[[77.613183,12.9099479],[77.6106793,12.9100777],[77.6105557,12.9094627],[77.6101099,12.9094901],[77.6101982,12.9092016],[77.6081841,12.9094175],[77.6082231,12.9104553],[77.6069699,12.9105136],[77.6069579,12.9103583],[77.6064887,12.9103788],[77.6063885,12.9116839],[77.6059648,12.9116876],[77.6058542,12.9109124],[77.6037556,12.9109337],[77.6037272,12.9117263],[77.5999275,12.9117281],[77.6002904,12.9085279],[77.6040169,12.9086958],[77.6038539,12.9058652],[77.6073942,12.9057203],[77.6085009,12.9058662],[77.6094479,12.9054166],[77.609322,12.9050564],[77.6122377,12.9046594],[77.612686,12.9047303],[77.613832,12.906694],[77.6150207,12.9089177],[77.6130961,12.9094864],[77.613183,12.9099479]]]},"properties":{"ward_key":"ward_369_final.202","ward_no":17,"ward_name":"N.S Palya","ward_name_kn":"ಎನ್.ಎಸ್. ಪಾಳ್ಯ","corporation":"South"}},{"type":"Feature","geometry":{"type":"Polygon","coordinates":[[[77.5264498,13.0100447],[77.5264027,13.0131159],[77.526236,13.0135035],[77.5263634,13.0150746],[77.5261444,13.0154737],[77.5264943,13.0157782],[77.526576,13.0168576],[77.5252975,13.0169954],[77.5252212,13.0174198],[77.5226712,13.0188173],[77.5220045,13.0182693],[77.5224367,13.0147156],[77.5230337,13.012931],[77.5213519,13.0125024],[77.5211171,13.0125804],[77.5198662,13.0125699],[77.51865,13.012689],[77.5189145,13.0115594],[77.5191371,13.0105103],[77.5188131,13.0100513],[77.5219777,13.0093051],[77.5220998,13.0100393],[77.5248319,13.0092484],[77.5250469,13.010351],[77.5264498,13.0100447]]]},"properties":{"ward_key":"ward_369_final.203","ward_no":32,"ward_name":"Laggere","ward_name_kn":"ಲಗ್ಗೆರೆ","corporation":"West"}},{"type":"Feature","geometry":{"type":"Polygon","coordinates":[[[77.5497088,12.9477551],[77.5494526,12.945045],[77.5524336,12.9446405],[77.552489,12.9460783],[77.5530888,12.9460228],[77.5529293,12.9483744],[77.5533264,12.948572],[77.5543872,12.9483514],[77.5539797,12.9491138],[77.5543322,12.9493557],[77.5531285,12.950807],[77.5527628,12.9505684],[77.551463,12.9520058],[77.5495027,12.9522835],[77.5493663,12.9512753],[77.5497559,12.9510275],[77.5500263,12.9508408],[77.5497154,12.9481289],[77.5495737,12.9477919],[77.5497088,12.9477551]]]},"properties":{"ward_key":"ward_369_final.204","ward_no":100,"ward_name":"Srinagar","ward_name_kn":"ಶ್ರೀನಗರ","corporation":"West"}},{"type":"Feature","geometry":{"type":"GeometryCollection","geometries":[{"type":"LineString","coordinates":[[77.5807409,12.99713],[77.5808386,12.9972352]]},{"type":"Polygon","coordinates":[[[77.5807409,12.99713],[77.5776991,12.997604],[77.5764935,12.9976111],[77.5764271,12.9971593],[77.5757399,12.9969621],[77.5740333,12.9969142],[77.5740566,12.9963977],[77.571023,12.9963112],[77.5710604,12.9933834],[77.5735397,12.9936755],[77.5739317,12.993911],[77.5743228,12.9926657],[77.5754076,12.9919098],[77.57624,12.9927699],[77.5764477,12.9925912],[77.5763936,12.992082],[77.5775715,12.9917366],[77.5779184,12.9921497],[77.5771079,12.9936573],[77.5792316,12.9954556],[77.5807409,12.99713]]]}]},"properties":{"ward_key":"ward_369_final.205","ward_no":60,"ward_name":"Seshadripuram","ward_name_kn":"ಶೇಷಾದ್ರಿಪುರಂ","corporation":"Central"}},{"type":"Feature","geometry":{"type":"Polygon","coordinates":[[[77.5245481,12.9779211],[77.5226573,12.9777024],[77.5226565,12.9765617],[77.5186828,12.9772316],[77.5184673,12.9760738],[77.5185195,12.9754251],[77.518209,12.9753535],[77.5205684,12.9745345],[77.520518,12.9743556],[77.5221777,12.9740006],[77.5223613,12.9742652],[77.5235235,12.973913],[77.5238042,12.975066],[77.5241151,12.9750373],[77.524272,12.9763998],[77.5245636,12.9763882],[77.5246112,12.9760612],[77.5265015,12.9759202],[77.5265781,12.9762487],[77.5287167,12.9763754],[77.5287398,12.9766347],[77.5291036,12.9767474],[77.5291744,12.9778626],[77.5295155,12.9778962],[77.5304949,12.9803003],[77.529678,12.9805012],[77.5297572,12.9808479],[77.5278929,12.9809686],[77.5278894,12.9806999],[77.5271954,12.980796],[77.5268589,12.979304],[77.5258049,12.9793369],[77.52579,12.978792],[77.5252746,12.9788006],[77.5252204,12.9785346],[77.5245207,12.9785222],[77.5245481,12.9779211]]]},"properties":{"ward_key":"ward_369_final.206","ward_no":74,"ward_name":"Pattegar Palya","ward_name_kn":"ಪಟ್ಟೆಗಾರ್ ಪಾಳ್ಯ","corporation":"West"}},{"type":"Feature","geometry":{"type":"Polygon","coordinates":[[[77.5509157,12.9347181],[77.5485875,12.9322727],[77.5455549,12.9286282],[77.5499836,12.9253809],[77.5521859,12.9243131],[77.5544877,12.9236482],[77.5551408,12.9255095],[77.5586355,12.9279779],[77.5596623,12.9287504],[77.5606316,12.9297596],[77.5609056,12.9301097],[77.5593639,12.931864],[77.5598469,12.932192],[77.5596446,12.9327374],[77.5585961,12.9321308],[77.5584106,12.9324322],[77.5570925,12.9319212],[77.5570615,12.9316353],[77.5564782,12.931315],[77.556174,12.9298433],[77.5563086,12.9286864],[77.5559973,12.9286593],[77.5559316,12.9288571],[77.554701,12.9285198],[77.5546906,12.9289434],[77.5537596,12.9292683],[77.5534758,12.9290543],[77.5532988,12.9291723],[77.5535206,12.9304188],[77.5555045,12.9318844],[77.5566111,12.9327793],[77.5565252,12.9345149],[77.5557436,12.9345636],[77.5555025,12.9345791],[77.5547941,12.9328419],[77.5533106,12.9333985],[77.5528659,12.9321006],[77.5515807,12.9324333],[77.5516592,12.9327298],[77.5513963,12.9328046],[77.5516099,12.9334957],[77.5510692,12.9336689],[77.5506363,12.9333142],[77.5503472,12.9336207],[77.5507958,12.9340094],[77.5510591,12.9348461],[77.5507788,12.9348847],[77.5509157,12.9347181]]]},"properties":{"ward_key":"ward_369_final.207","ward_no":96,"ward_name":"Kathriguppe","ward_name_kn":"ಕತ್ರಿಗುಪ್ಪೆ","corporation":"West"}},{"type":"Feature","geometry":{"type":"Polygon","coordinates":[[[77.6179302,12.9945229],[77.6193973,12.9913992],[77.619475,12.9882726],[77.6193066,12.9872026],[77.624664,12.988208],[77.6308356,12.989675],[77.6317832,12.9938145],[77.6290802,12.9943504],[77.6291546,12.9944749],[77.6259886,12.9952949],[77.6241533,12.9964442],[77.6201118,12.9998976],[77.6191194,12.9989421],[77.6177506,12.9979961],[77.6168315,12.9957886],[77.6179302,12.9945229]]]},"properties":{"ward_key":"ward_369_final.208","ward_no":10,"ward_name":"Cox Town","ward_name_kn":"ಕಾಕ್ಸ್ ಟೌನ್","corporation":"Central"}},{"type":"Feature","geometry":{"type":"Polygon","coordinates":[[[77.4878238,12.9332728],[77.4881718,12.9328234],[77.4905597,12.9323546],[77.4912891,12.9333324],[77.4914295,12.9325783],[77.4914194,12.9320139],[77.4929146,12.9317826],[77.4930663,12.9316207],[77.4934269,12.9321386],[77.4937258,12.9320858],[77.4942509,12.9329203],[77.4962832,12.9318506],[77.4964063,12.9315261],[77.4991597,12.930873],[77.500079,12.9353659],[77.4991428,12.9357114],[77.499684,12.9380259],[77.4971895,12.9400522],[77.4987639,12.9428296],[77.4995266,12.9439881],[77.4997703,12.9439805],[77.4999304,12.9444551],[77.5003081,12.9443151],[77.5007391,12.9466477],[77.4993153,12.9470995],[77.4967689,12.9474403],[77.4967262,12.947288],[77.4919564,12.9476499],[77.4907174,12.9475906],[77.4905981,12.9473455],[77.4886115,12.949062],[77.4852304,12.9437775],[77.4848413,12.9420979],[77.483225,12.9420067],[77.4832509,12.9408626],[77.4852299,12.9399534],[77.4868978,12.9395143],[77.4865515,12.9383447],[77.4862454,12.9365371],[77.4866874,12.9364421],[77.4860269,12.9337402],[77.4878238,12.9332728]]]},"properties":{"ward_key":"ward_369_final.209","ward_no":17,"ward_name":"Nagadevanahalli","ward_name_kn":"ನಾಗದೇವನಹಳ್ಳಿ","corporation":"West"}},{"type":"Feature","geometry":{"type":"GeometryCollection","geometries":[{"type":"LineString","coordinates":[[77.6370078,12.9669343],[77.637094,12.9668029]]},{"type":"Polygon","coordinates":[[[77.6360023,12.9716273],[77.6360884,12.9687977],[77.6370078,12.9669343],[77.6373093,12.9683024],[77.6413237,12.9686135],[77.6409528,12.976102],[77.6357043,12.9759836],[77.635573,12.9753564],[77.6334045,12.9759018],[77.6333922,12.9744694],[77.6330211,12.9737726],[77.6331585,12.9732474],[77.6303664,12.9735444],[77.6295195,12.9739697],[77.6296488,12.9742092],[77.6278228,12.9757181],[77.6269807,12.9745139],[77.6281002,12.9737988],[77.6255801,12.9721505],[77.6265056,12.9700926],[77.6265717,12.9681594],[77.6289312,12.9682322],[77.6291321,12.9684593],[77.6322475,12.9686569],[77.6330015,12.9687844],[77.6337558,12.9703839],[77.6340221,12.9704759],[77.6339573,12.9709132],[77.6360023,12.9716273]]]}]},"properties":{"ward_key":"ward_369_final.21","ward_no":23,"ward_name":"Jogpalya","ward_name_kn":"ಜೋಗಪಾಳ್ಯ","corporation":"Central"}},{"type":"Feature","geometry":{"type":"Polygon","coordinates":[[[77.7317614,12.9881532],[77.7259298,12.9893454],[77.7239545,12.990248],[77.7211844,12.9912278],[77.7195727,12.9921888],[77.7159274,12.9922313],[77.714062,12.9918123],[77.710507,12.992795],[77.7090672,12.9928418],[77.7092902,12.9950091],[77.7082602,12.9960835],[77.708258,12.9967283],[77.7089427,12.9975287],[77.7092956,12.9974858],[77.7093456,12.9978499],[77.7086227,12.9979429],[77.7086947,12.998697],[77.7042375,12.9995317],[77.7038184,12.9979913],[77.7030066,12.9970291],[77.7026095,12.9958127],[77.7027551,12.9957304],[77.7024929,12.994452],[77.7022921,12.9939129],[77.7057452,12.9929641],[77.7082828,12.9848603],[77.7082921,12.984262],[77.7100682,12.9848285],[77.7101934,12.9881278],[77.7115524,12.9886929],[77.7122943,12.9886208],[77.712185,12.9873323],[77.7119202,12.9872778],[77.7119091,12.986826],[77.7134398,12.9866372],[77.713479,12.9850504],[77.7123534,12.9839118],[77.7136308,12.9828616],[77.7141843,12.9822483],[77.7149005,12.9820364],[77.7149954,12.9814409],[77.7154346,12.9815622],[77.7157673,12.9814638],[77.7161027,12.9809371],[77.7170635,12.9808715],[77.7170857,12.9810239],[77.7231269,12.98037],[77.7274409,12.9802242],[77.7281839,12.9827381],[77.7290442,12.9842249],[77.7304302,12.9856701],[77.731791,12.9864844],[77.7317614,12.9881532]]]},"properties":{"ward_key":"ward_369_final.210","ward_no":34,"ward_name":"Kaveri Nagara","ward_name_kn":"ಕಾವೇರಿ ನಗರ","corporation":"East"}},{"type":"Feature","geometry":{"type":"Polygon","coordinates":[[[77.6020265,13.0340473],[77.60159,13.034062],[77.6000006,13.0332501],[77.5992552,13.0331768],[77.5987636,13.0309771],[77.598644,13.0300134],[77.5980263,13.0301243],[77.5979915,13.0294668],[77.5972453,13.0294625],[77.5972737,13.0288663],[77.5967834,13.0288995],[77.5968009,13.0273236],[77.5971639,13.0272722],[77.5969108,13.023717],[77.5968102,13.023496],[77.596239,13.0236648],[77.5961189,13.023247],[77.5944805,13.023683],[77.5935981,13.0204629],[77.5968851,13.0196081],[77.5971527,13.0201768],[77.5974558,13.0200928],[77.5979531,13.0212982],[77.5977795,13.0213552],[77.5981132,13.0225487],[77.5985431,13.0224397],[77.5988778,13.023484],[77.5999045,13.0235106],[77.6005056,13.0251356],[77.6006182,13.0260904],[77.6004617,13.0265601],[77.6000004,13.0269134],[77.5994002,13.028787],[77.5999151,13.030465],[77.6002758,13.0313661],[77.6001867,13.0327777],[77.6047946,13.0321884],[77.604809,13.0325916],[77.6046611,13.0339463],[77.6035455,13.0340247],[77.6034685,13.0332901],[77.6019418,13.0334322],[77.6020265,13.0340473]]]},"properties":{"ward_key":"ward_369_final.211","ward_no":50,"ward_name":"Dinnur","ward_name_kn":"ದಿಣ್ಣೂರು","corporation":"North"}},{"type":"Feature","geometry":{"type":"Polygon","coordinates":[[[77.6007639,12.9498316],[77.6034433,12.9505089],[77.6074658,12.9498037],[77.6112195,12.949383],[77.6116788,12.9509502],[77.6125013,12.9538797],[77.611354,12.954555],[77.6119612,12.9573001],[77.6124672,12.9617817],[77.6088403,12.966549],[77.606797,12.966225],[77.6066043,12.9614728],[77.6051196,12.9527181],[77.6041636,12.9521798],[77.6037807,12.9514602],[77.6029062,12.9518661],[77.6029038,12.9525598],[77.6004767,12.9534862],[77.5997119,12.9514353],[77.5998694,12.9509859],[77.600053,12.9510294],[77.6007639,12.9498316]]]},"properties":{"ward_key":"ward_369_final.212","ward_no":30,"ward_name":"Vinayakanagar","ward_name_kn":"ವಿನಾಯಕನಗರ","corporation":"Central"}},{"type":"Feature","geometry":{"type":"Polygon","coordinates":[[[77.5918584,12.9443814],[77.5939603,12.9442337],[77.5945024,12.9443411],[77.5945637,12.9445473],[77.5952115,12.9453728],[77.5930885,12.9466224],[77.594176,12.9474181],[77.5935023,12.9487391],[77.5905084,12.9470052],[77.5895598,12.9463103],[77.5879996,12.9461592],[77.5881546,12.9457462],[77.5898304,12.9457686],[77.5895936,12.9450933],[77.5906251,12.9447122],[77.5905216,12.9441957],[77.5909305,12.9440095],[77.5903756,12.9432498],[77.5900521,12.9431309],[77.5906833,12.9428381],[77.5911694,12.9437447],[77.5914142,12.9436246],[77.5918584,12.9443814]]]},"properties":{"ward_key":"ward_369_final.213","ward_no":39,"ward_name":"Venkat Reddy Nagara","ward_name_kn":"ವೆಂಕಟ ರೆಡ್ಡಿ ನಗರ","corporation":"Central"}},{"type":"Feature","geometry":{"type":"Polygon","coordinates":[[[77.5245033,13.0643915],[77.5273477,13.0632407],[77.5272055,13.0631106],[77.5296885,13.0616106],[77.5310657,13.0617928],[77.5322518,13.0581655],[77.5327958,13.0583459],[77.5326943,13.0597299],[77.5334722,13.0595377],[77.533565,13.0588753],[77.534453,13.0591284],[77.5338549,13.0600498],[77.5351865,13.0632645],[77.5347565,13.0637151],[77.5339384,13.0660334],[77.5339302,13.0673392],[77.5322054,13.0688929],[77.5310104,13.069909],[77.5317378,13.0726136],[77.5312477,13.0739155],[77.5315213,13.075609],[77.5311172,13.0758615],[77.5307042,13.0778645],[77.5303665,13.0778429],[77.5301017,13.076121],[77.5265681,13.0765902],[77.5267334,13.0759545],[77.5259664,13.0760409],[77.5254507,13.0734799],[77.524171,13.0748053],[77.5235972,13.0725065],[77.5255781,13.0717233],[77.5254865,13.0711757],[77.5235488,13.0708707],[77.5235164,13.0698663],[77.5254736,13.0694903],[77.5257055,13.0692798],[77.5255476,13.067027],[77.5251678,13.0671093],[77.524649,13.0654164],[77.5247998,13.065347],[77.5245033,13.0643915]]]},"properties":{"ward_key":"ward_369_final.214","ward_no":66,"ward_name":"Kammagondanahalli","ward_name_kn":"ಕಮ್ಮಗೊಂಡನಹಳ್ಳಿ","corporation":"North"}},{"type":"Feature","geometry":{"type":"GeometryCollection","geometries":[{"type":"LineString","coordinates":[[77.5800114,13.0266471],[77.5801045,13.0265106]]},{"type":"Polygon","coordinates":[[[77.5712515,13.028462],[77.5777073,13.027246],[77.5777266,13.0268878],[77.5800114,13.0266471],[77.5782646,13.0297984],[77.5766692,13.0322783],[77.5753927,13.034677],[77.5743815,13.0345975],[77.5743202,13.0349797],[77.5734624,13.0352424],[77.5716956,13.0351192],[77.5719157,13.0333948],[77.5701318,13.0344825],[77.569016,13.0360361],[77.5689052,13.037901],[77.5700924,13.0378875],[77.5701318,13.042419],[77.5715771,13.0467021],[77.5727134,13.0468039],[77.5727612,13.0472391],[77.5657501,13.0465121],[77.5641453,13.045593],[77.5621608,13.0419201],[77.5664582,13.0364433],[77.5694766,13.032876],[77.5703293,13.0310075],[77.5712515,13.028462]]]}]},"properties":{"ward_key":"ward_369_final.215","ward_no":59,"ward_name":"Geddalahalli","ward_name_kn":"ಗೆದ್ದಲಹಳ್ಳಿ","corporation":"North"}},{"type":"Feature","geometry":{"type":"Polygon","coordinates":[[[77.5997119,12.9514353],[77.6004767,12.9534862],[77.6029038,12.9525598],[77.6030351,12.9517354],[77.6037807,12.9514602],[77.6041636,12.9521798],[77.6051196,12.9527181],[77.60598,12.9580312],[77.6046059,12.9586192],[77.60306,12.959569],[77.6024793,12.9597923],[77.6028468,12.9612838],[77.6026199,12.9613528],[77.6030387,12.9628514],[77.6021654,12.9629714],[77.6026369,12.9656408],[77.5968879,12.9647699],[77.5957258,12.9630341],[77.5945434,12.9620504],[77.5922257,12.9560462],[77.5929863,12.9554482],[77.6002773,12.9497658],[77.6006128,12.9498522],[77.600053,12.9510294],[77.5998694,12.9509859],[77.5997119,12.9514353]]]},"properties":{"ward_key":"ward_369_final.216","ward_no":31,"ward_name":"Shanthinagar","ward_name_kn":"ಶಾಂತಿನಗರ","corporation":"Central"}},{"type":"Feature","geometry":{"type":"Polygon","coordinates":[[[77.5882806,12.8890165],[77.5902628,12.8895501],[77.590531,12.8901384],[77.59159,12.8898688],[77.5920644,12.8914405],[77.5900816,12.892344],[77.5897714,12.8958502],[77.5900226,12.8958553],[77.5900098,12.8975661],[77.5915546,12.8981294],[77.591305,12.899689],[77.5895452,12.8995833],[77.5893272,12.9011343],[77.5887537,12.901073],[77.5888872,12.9003841],[77.5883823,12.9003192],[77.588522,12.9000635],[77.5875438,12.8998334],[77.5875847,12.8994321],[77.5870073,12.8993077],[77.5869234,12.8978838],[77.5858521,12.8978069],[77.5861094,12.8969683],[77.5831465,12.8968712],[77.5832171,12.8975732],[77.5824112,12.8978371],[77.5808458,12.8977508],[77.5795528,12.8968164],[77.5809775,12.8921118],[77.5818075,12.8921697],[77.581856,12.8912849],[77.5825928,12.8904589],[77.5871039,12.889206],[77.5882806,12.8890165]]]},"properties":{"ward_key":"ward_369_final.217","ward_no":55,"ward_name":"Puttenahalli","ward_name_kn":"ಪುಟ್ಟೇನಹಳ್ಳಿ","corporation":"South"}},{"type":"Feature","geometry":{"type":"GeometryCollection","geometries":[{"type":"LineString","coordinates":[[77.6158927,13.0284758],[77.6156581,13.0287322]]},{"type":"Polygon","coordinates":[[[77.6172692,13.0203579],[77.6179798,13.0211466],[77.6191101,13.021304],[77.6190336,13.0206394],[77.6204196,13.0205524],[77.6207236,13.0218777],[77.6211312,13.0217758],[77.6213796,13.0228326],[77.6205438,13.0229964],[77.6207732,13.024628],[77.6196507,13.0248395],[77.6200462,13.0262079],[77.6166436,13.0278166],[77.6158927,13.0284758],[77.6161221,13.0278354],[77.6134305,13.0255871],[77.6125797,13.0233146],[77.6127575,13.0203902],[77.6139146,13.0203027],[77.6143955,13.0208039],[77.6172692,13.0203579]]]}]},"properties":{"ward_key":"ward_369_final.218","ward_no":26,"ward_name":"Samadhana Nagar","ward_name_kn":"ಸಮಾಧಾನ ನಗರ","corporation":"North"}},{"type":"Feature","geometry":{"type":"Polygon","coordinates":[[[77.5547673,13.0275343],[77.5556901,13.0275166],[77.5555996,13.0268043],[77.5565781,13.0266971],[77.5566773,13.0261576],[77.5570567,13.0262493],[77.5573861,13.0249261],[77.5599755,13.0309305],[77.5573873,13.0347856],[77.5575079,13.0367641],[77.5573023,13.0385429],[77.553415,13.0387068],[77.5533366,13.0363636],[77.5540099,13.0332413],[77.5542833,13.0327106],[77.5516499,13.0307545],[77.5535841,13.0306368],[77.5535311,13.029419],[77.5550889,13.0293853],[77.5550736,13.0283975],[77.5555947,13.0283857],[77.5556124,13.0281398],[77.5551907,13.0281621],[77.5551656,13.0277851],[77.5547804,13.0277906],[77.5547673,13.0275343]]]},"properties":{"ward_key":"ward_369_final.219","ward_no":62,"ward_name":"Brundavana Nagara","ward_name_kn":"ಬೃಂದಾವನ ನಗರ","corporation":"North"}},{"type":"Feature","geometry":{"type":"Polygon","coordinates":[[[77.5439402,12.9972108],[77.5441822,12.9966554],[77.5440726,12.9962184],[77.5443629,12.99609],[77.5443033,12.9954284],[77.5458809,12.9948189],[77.5457773,12.9933807],[77.550782,12.9934877],[77.5510763,12.9934615],[77.5502821,12.9975868],[77.5450809,12.9974922],[77.5448061,12.9975672],[77.5440888,12.9972421],[77.5439402,12.9972108]]]},"properties":{"ward_key":"ward_369_final.22","ward_no":65,"ward_name":"Manjunath Nagara","ward_name_kn":"ಮಂಜುನಾಥ್  ನಗರ","corporation":"West"}},{"type":"Feature","geometry":{"type":"Polygon","coordinates":[[[77.5666479,12.9401761],[77.566029,12.9400522],[77.565907,12.9393318],[77.5645235,12.9393028],[77.5644967,12.9374472],[77.5637068,12.936212],[77.5626804,12.9334381],[77.5625036,12.9338114],[77.5627229,12.9341378],[77.5622741,12.9343885],[77.5618526,12.9331538],[77.5633976,12.9325458],[77.563618,12.9326819],[77.5648769,12.9321772],[77.565468,12.9335485],[77.5675778,12.9331762],[77.5677169,12.9338235],[77.5692138,12.9336236],[77.5692568,12.9337679],[77.5715084,12.9333737],[77.5716609,12.9348593],[77.5738214,12.9348239],[77.573773,12.9436811],[77.567835,12.9436009],[77.5677813,12.9426866],[77.5667275,12.9411476],[77.5666479,12.9401761]]]},"properties":{"ward_key":"ward_369_final.220","ward_no":103,"ward_name":"N.R Colony","ward_name_kn":"ಎನ್.ಆರ್. ಕಾಲೋನಿ","corporation":"West"}},{"type":"Feature","geometry":{"type":"Polygon","coordinates":[[[77.5675226,12.9319809],[77.5681156,12.9337935],[77.5677169,12.9338235],[77.5675778,12.9331762],[77.565468,12.9335485],[77.5651883,12.932581],[77.5648769,12.9321772],[77.5634824,12.9327223],[77.5633976,12.9325458],[77.5618526,12.9331538],[77.5616939,12.9327716],[77.5605191,12.9330535],[77.5601206,12.9330776],[77.5603249,12.9345668],[77.5593938,12.9343098],[77.5594774,12.9350482],[77.5585433,12.93524],[77.5584937,12.9356529],[77.5576348,12.9356977],[77.5579155,12.9335273],[77.5560249,12.9323781],[77.5542986,12.9308785],[77.5535206,12.9304188],[77.5532988,12.9291723],[77.5536599,12.9291395],[77.5537596,12.9292683],[77.5546744,12.9288001],[77.554701,12.9285198],[77.5559316,12.9288571],[77.5559973,12.9286593],[77.5563086,12.9286864],[77.5562099,12.9301503],[77.5566314,12.9314263],[77.5572016,12.9317095],[77.5570925,12.9319212],[77.5584106,12.9324322],[77.5585961,12.9321308],[77.5596446,12.9327374],[77.5598469,12.932192],[77.5593639,12.931864],[77.5609249,12.92996],[77.5619955,12.9306146],[77.5626709,12.9306442],[77.5667136,12.9300496],[77.5675226,12.9319809]]]},"properties":{"ward_key":"ward_369_final.221","ward_no":104,"ward_name":"Thyagarajnagar","ward_name_kn":"ತ್ಯಾಗರಾಜನಗರ","corporation":"West"}},{"type":"Feature","geometry":{"type":"Polygon","coordinates":[[[77.5782326,12.9330918],[77.5848613,12.9328995],[77.5849089,12.9366326],[77.5800891,12.936774],[77.5776798,12.9397284],[77.5777566,12.940596],[77.5738463,12.9405477],[77.5738214,12.9348239],[77.5716609,12.9348593],[77.5715084,12.9333737],[77.5692568,12.9337679],[77.5692138,12.9336236],[77.5681508,12.9337388],[77.5678697,12.9327459],[77.570924,12.9318304],[77.5713371,12.9325153],[77.5711902,12.930602],[77.5711778,12.9303368],[77.5722365,12.9302753],[77.5720932,12.9297167],[77.5750449,12.9292138],[77.5752654,12.9302972],[77.5763118,12.9304072],[77.5761619,12.9308749],[77.5770751,12.9308689],[77.5770629,12.9324409],[77.5782326,12.9330918]]]},"properties":{"ward_key":"ward_369_final.222","ward_no":105,"ward_name":"Yediyuru","ward_name_kn":"ಯಡಿಯೂರು","corporation":"West"}},{"type":"Feature","geometry":{"type":"Polygon","coordinates":[[[77.5642487,12.9452764],[77.5641782,12.9461946],[77.5633324,12.946235],[77.5633358,12.9465299],[77.5619777,12.9465062],[77.562235,12.9468833],[77.5612819,12.9471488],[77.5612553,12.9469052],[77.5601685,12.9469287],[77.5601399,12.9465676],[77.5598902,12.9465862],[77.559528,12.9460021],[77.5587591,12.9460914],[77.5581007,12.9460963],[77.5566198,12.9463477],[77.5568563,12.9479095],[77.5553584,12.9482],[77.5552263,12.9474624],[77.5543872,12.9483514],[77.5533264,12.948572],[77.5529293,12.9483744],[77.5530888,12.9460228],[77.552489,12.9460783],[77.5524336,12.9446405],[77.5494719,12.9449567],[77.5500546,12.9429883],[77.5502812,12.9429059],[77.5502588,12.9426276],[77.5506647,12.9426307],[77.550793,12.943086],[77.5510967,12.9430296],[77.5508336,12.94209],[77.552409,12.9419821],[77.5525705,12.9439521],[77.5536948,12.9438223],[77.5537446,12.9442995],[77.5532537,12.9442547],[77.5531902,12.9446733],[77.5534552,12.9447021],[77.5535523,12.9458839],[77.5548884,12.945667],[77.5549465,12.946358],[77.5561119,12.9462999],[77.5573322,12.9449266],[77.5575066,12.9454774],[77.5585198,12.9454138],[77.5584184,12.944542],[77.5599407,12.944644],[77.559849,12.9457195],[77.5606845,12.9457318],[77.5607193,12.9447008],[77.561534,12.9447871],[77.5614983,12.9456565],[77.5619101,12.9456827],[77.5620189,12.9442223],[77.563189,12.9441601],[77.5632948,12.9438871],[77.5642547,12.9442465],[77.5642487,12.9452764]]]},"properties":{"ward_key":"ward_369_final.223","ward_no":99,"ward_name":"T.R Shamanna Nagar","ward_name_kn":"ಟಿ.ಆರ್.ಶಾಮಣ್ಣ ನಗರ","corporation":"West"}},{"type":"Feature","geometry":{"type":"Polygon","coordinates":[[[77.5619777,12.9465062],[77.5633358,12.9465299],[77.5633324,12.946235],[77.5641782,12.9461946],[77.5641112,12.9485941],[77.5625936,12.9490478],[77.5619878,12.9490913],[77.5614955,12.9493561],[77.5622141,12.950047],[77.5621953,12.9509674],[77.5617936,12.9516502],[77.5616919,12.9533678],[77.5605935,12.9535541],[77.5595041,12.9535802],[77.5585373,12.9531875],[77.5566006,12.9532559],[77.5556558,12.9516725],[77.5542702,12.9517862],[77.5540524,12.951319],[77.5538396,12.9512913],[77.5537678,12.9508008],[77.5533873,12.9506698],[77.5543322,12.9493557],[77.5539797,12.9491138],[77.5552263,12.9474624],[77.5553584,12.9482],[77.5568563,12.9479095],[77.5566198,12.9463477],[77.5585983,12.9459655],[77.5587591,12.9460914],[77.5596933,12.9461029],[77.5598902,12.9465862],[77.5601399,12.9465676],[77.5601685,12.9469287],[77.5612553,12.9469052],[77.5612819,12.9471488],[77.562235,12.9468833],[77.5619777,12.9465062]],[[77.5556558,12.9516725],[77.5573724,12.9509551],[77.5579087,12.9503276],[77.5580728,12.9501419],[77.5567665,12.9499695],[77.5555114,12.9504243],[77.5556558,12.9516725]]]},"properties":{"ward_key":"ward_369_final.224","ward_no":101,"ward_name":"Kempambudhi Ward","ward_name_kn":"ಕೆಂಪಾಂಬುಧಿ ವಾರ್ಡ್","corporation":"West"}},{"type":"Feature","geometry":{"type":"Polygon","coordinates":[[[77.6024793,12.9597923],[77.604204,12.9590125],[77.6046059,12.9586192],[77.60598,12.9580312],[77.606739,12.9628782],[77.606797,12.966225],[77.6088403,12.966549],[77.6124672,12.9617817],[77.6141593,12.9615354],[77.6163155,12.9616773],[77.6189346,12.9624572],[77.6176715,12.9653224],[77.6195521,12.9655216],[77.6205155,12.9666839],[77.6198489,12.9690057],[77.6195004,12.9723283],[77.6138535,12.9737279],[77.6143871,12.9753033],[77.5977601,12.9807482],[77.5975122,12.980544],[77.5993206,12.9766649],[77.5948873,12.9732334],[77.5939907,12.9718461],[77.5953254,12.9660116],[77.5962635,12.9649237],[77.598691,12.9651323],[77.6026369,12.9656408],[77.6021654,12.9629714],[77.6030387,12.9628514],[77.6026199,12.9613528],[77.6029244,12.9611504],[77.6024793,12.9597923]]]},"properties":{"ward_key":"ward_369_final.225","ward_no":25,"ward_name":"Ashokanagar","ward_name_kn":"ಅಶೋಕನಗರ","corporation":"Central"}},{"type":"Feature","geometry":{"type":"Polygon","coordinates":[[[77.5555444,13.0199691],[77.5569314,13.0231909],[77.5573861,13.0249261],[77.5570567,13.0262493],[77.5566773,13.0261576],[77.5565781,13.0266971],[77.5555996,13.0268043],[77.5556901,13.0275166],[77.5547673,13.0275343],[77.5547804,13.0277906],[77.5544306,13.0278079],[77.5544561,13.0271883],[77.5536324,13.0272114],[77.5540265,13.0247628],[77.5527548,13.0245545],[77.5528556,13.0241592],[77.5520837,13.0243445],[77.5511902,13.0249522],[77.5507737,13.0247101],[77.5538883,13.0191904],[77.5543736,13.0197966],[77.5555444,13.0199691]]]},"properties":{"ward_key":"ward_369_final.226","ward_no":64,"ward_name":"Yeshwanthpura","ward_name_kn":"ಯಶವಂತಪುರ","corporation":"North"}},{"type":"Feature","geometry":{"type":"Polygon","coordinates":[[[77.6192152,13.008942],[77.6203949,13.0093163],[77.6208939,13.0097824],[77.6206354,13.0109886],[77.6215848,13.0135694],[77.62302,13.0168748],[77.6226047,13.0170773],[77.6222737,13.0164435],[77.6218532,13.0166262],[77.6217549,13.0164503],[77.6220471,13.0162909],[77.621903,13.0160231],[77.6220689,13.0159252],[77.6215323,13.015069],[77.6209099,13.0154475],[77.6197282,13.0157495],[77.6190029,13.0160508],[77.618784,13.0156039],[77.6184708,13.0156979],[77.6183411,13.0154719],[77.6176968,13.0157325],[77.615761,13.0113799],[77.6154038,13.0107189],[77.6186661,13.0092976],[77.6192152,13.008942]]]},"properties":{"ward_key":"ward_369_final.227","ward_no":28,"ward_name":"Venkateshpuram","ward_name_kn":"ವೆಂಕಟೇಶಪುರಂ","corporation":"North"}},{"type":"Feature","geometry":{"type":"Polygon","coordinates":[[[77.6232143,12.9980471],[77.6261195,13.0003323],[77.6276532,13.0011483],[77.6341474,13.0023731],[77.6366461,13.0042271],[77.6345767,13.0039857],[77.6306914,13.004966],[77.6274915,13.0062325],[77.6277489,13.0069347],[77.6294942,13.0064137],[77.6298269,13.007137],[77.6289603,13.0073862],[77.6290539,13.007787],[77.6273769,13.0083756],[77.6274559,13.0094556],[77.6266855,13.0095964],[77.6270943,13.0117592],[77.6256393,13.0120919],[77.6235771,13.0095816],[77.6199617,13.0046929],[77.6195721,13.0033959],[77.6207433,13.0022362],[77.6202825,13.0007394],[77.6202685,12.9998881],[77.6223954,12.9979982],[77.6232143,12.9980471]]]},"properties":{"ward_key":"ward_369_final.228","ward_no":36,"ward_name":"Maruthi Seva Nagara","ward_name_kn":"ಮಾರುತಿ ಸೇವಾ ನಗರ","corporation":"North"}},{"type":"Feature","geometry":{"type":"GeometryCollection","geometries":[{"type":"LineString","coordinates":[[77.538771,12.9246789],[77.5385671,12.9245023]]},{"type":"Polygon","coordinates":[[[77.541153,12.9266912],[77.5415932,12.9290699],[77.5410242,12.9292113],[77.5408113,12.9284098],[77.5394672,12.928744],[77.5387136,12.9261552],[77.539135,12.9256233],[77.538771,12.9246789],[77.5401258,12.9242513],[77.5402439,12.9232371],[77.53974,12.9220212],[77.5392973,12.9217928],[77.5385621,12.9193335],[77.538782,12.9186504],[77.5383357,12.918177],[77.5393216,12.9175259],[77.5420188,12.9188635],[77.5434844,12.9220204],[77.5435588,12.9236501],[77.544379,12.9260521],[77.5432562,12.9263393],[77.5430741,12.9266347],[77.5424089,12.9264443],[77.5423207,12.926144],[77.5417234,12.9262967],[77.5417991,12.9265737],[77.541153,12.9266912]]]}]},"properties":{"ward_key":"ward_369_final.229","ward_no":111,"ward_name":"Ittamadu","ward_name_kn":"ಇಟ್ಟಮಡು","corporation":"West"}},{"type":"Feature","geometry":{"type":"Polygon","coordinates":[[[77.5405431,12.9892905],[77.5405187,12.9882859],[77.5422943,12.9873811],[77.5425154,12.9889266],[77.5456198,12.9887072],[77.546063,12.9916668],[77.5473696,12.9921431],[77.5472413,12.9934198],[77.5457773,12.9933807],[77.5457871,12.9945649],[77.5450872,12.9946852],[77.5428767,12.9951951],[77.5425087,12.99509],[77.5424827,12.9938567],[77.5421377,12.9920887],[77.5415607,12.992185],[77.541409,12.9911818],[77.5410408,12.9912317],[77.541217,12.9891617],[77.5405431,12.9892905]]]},"properties":{"ward_key":"ward_369_final.23","ward_no":66,"ward_name":"Sane Guruvana Halli","ward_name_kn":"ಸಾಣೆ ಗುರುವನ ಹಳ್ಳಿ","corporation":"West"}},{"type":"Feature","geometry":{"type":"Polygon","coordinates":[[[77.547564,12.9196609],[77.5497967,12.9194199],[77.5493271,12.9176177],[77.5485581,12.917806],[77.5484552,12.9171749],[77.5480871,12.9170385],[77.5480355,12.9164924],[77.5506125,12.915824],[77.5514786,12.9169778],[77.5520019,12.9182274],[77.5521942,12.9197517],[77.5527048,12.9198077],[77.5539466,12.9209386],[77.5556991,12.9210233],[77.5562531,12.9229735],[77.5514439,12.9245993],[77.5478443,12.9268052],[77.5414159,12.9321472],[77.5405884,12.9303685],[77.5404632,12.9304415],[77.5400419,12.9287126],[77.5408113,12.9284098],[77.5410242,12.9292113],[77.5415932,12.9290699],[77.541153,12.9266912],[77.5417991,12.9265737],[77.5417234,12.9262967],[77.5423207,12.926144],[77.5424089,12.9264443],[77.5430741,12.9266347],[77.5432562,12.9263393],[77.5451315,12.9257605],[77.5450412,12.9254806],[77.5453753,12.9253618],[77.545138,12.924376],[77.5452008,12.9229894],[77.5451074,12.9226599],[77.5453537,12.9228054],[77.5466633,12.9226939],[77.5466391,12.9223161],[77.5471858,12.9222552],[77.5472244,12.9225748],[77.5477399,12.9226422],[77.5477541,12.9220508],[77.5485341,12.9219677],[77.5488125,12.9229889],[77.5488466,12.9221621],[77.5486424,12.9213754],[77.5480088,12.9214315],[77.5481098,12.9206179],[77.5475065,12.9205703],[77.547564,12.9196609]]]},"properties":{"ward_key":"ward_369_final.230","ward_no":109,"ward_name":"Kamakya Layout","ward_name_kn":"ಕಾಮಕ್ಯ ಲೇಔಟ್","corporation":"West"}},{"type":"Feature","geometry":{"type":"Polygon","coordinates":[[[77.5497967,12.9194199],[77.547564,12.9196609],[77.5475065,12.9205703],[77.5481098,12.9206179],[77.5480088,12.9214315],[77.5486424,12.9213754],[77.5489507,12.9229597],[77.5488125,12.9229889],[77.5485341,12.9219677],[77.5477541,12.9220508],[77.5477399,12.9226422],[77.5472244,12.9225748],[77.5471858,12.9222552],[77.5466391,12.9223161],[77.5466633,12.9226939],[77.5453537,12.9228054],[77.5451074,12.9226599],[77.5452873,12.9236404],[77.5451857,12.9247961],[77.5453753,12.9253618],[77.5450412,12.9254806],[77.5451315,12.9257605],[77.544379,12.9260521],[77.5434375,12.9232516],[77.5434248,12.9217978],[77.5419327,12.9184424],[77.5420108,12.9181824],[77.5435901,12.9176072],[77.544698,12.9175188],[77.544759,12.918244],[77.5467242,12.9180298],[77.5468435,12.9183268],[77.5486239,12.9180305],[77.5485694,12.9178446],[77.5493271,12.9176177],[77.5497967,12.9194199]]]},"properties":{"ward_key":"ward_369_final.231","ward_no":110,"ward_name":"Chikkalasandra","ward_name_kn":"ಚಿಕ್ಕಲ್ಲಸಂದ್ರ","corporation":"West"}},{"type":"Feature","geometry":{"type":"Polygon","coordinates":[[[77.6121334,13.0016014],[77.6148219,13.0021576],[77.6175708,13.0016567],[77.618593,13.0011363],[77.6202162,13.0050743],[77.6226045,13.0082878],[77.6213125,13.0091477],[77.6208859,13.0096327],[77.6197176,13.009027],[77.6189513,13.0090137],[77.6182666,13.0095187],[77.6154038,13.0107189],[77.614711,13.0100533],[77.6165692,13.0093914],[77.6162241,13.008217],[77.6158311,13.0084493],[77.6149902,13.0067558],[77.614664,13.0069233],[77.6145084,13.0066089],[77.613689,13.0069867],[77.6134488,13.0064762],[77.6125098,13.0068471],[77.6121334,13.0016014]]]},"properties":{"ward_key":"ward_369_final.232","ward_no":46,"ward_name":"Sagayapuram","ward_name_kn":"ಸಗಾಯಪುರಂ","corporation":"North"}},{"type":"Feature","geometry":{"type":"Polygon","coordinates":[[[77.5764935,12.9976111],[77.5782948,12.9975829],[77.5784124,12.999134],[77.5744039,12.9989083],[77.5739749,12.9989058],[77.5737712,13.0009957],[77.5722492,13.001007],[77.5720888,13.0033645],[77.571295,13.0033209],[77.5713966,12.9968545],[77.5664076,12.9967368],[77.5661484,12.9965283],[77.5677805,12.9940588],[77.5683095,12.9933946],[77.5688157,12.9931706],[77.5705214,12.9908331],[77.5715138,12.9894817],[77.5719023,12.9895793],[77.5715012,12.9929549],[77.5714831,12.9934152],[77.5710604,12.9933834],[77.571023,12.9963112],[77.5740566,12.9963977],[77.5740333,12.9969142],[77.5757399,12.9969621],[77.5764271,12.9971593],[77.5764935,12.9976111]]]},"properties":{"ward_key":"ward_369_final.233","ward_no":61,"ward_name":"Dattatreya Ward","ward_name_kn":"ದತ್ತಾತ್ರೇಯ ವಾರ್ಡ್","corporation":"Central"}},{"type":"Feature","geometry":{"type":"Polygon","coordinates":[[[77.6765691,12.9912629],[77.6755625,12.9915463],[77.6754748,12.991255],[77.6750358,12.9913658],[77.6749267,12.9900977],[77.67491,12.9870665],[77.6744595,12.9867295],[77.6788146,12.9840494],[77.6872155,12.9794824],[77.6887284,12.9785593],[77.6901779,12.9817989],[77.6916041,12.9815379],[77.6922645,12.9818642],[77.6932227,12.9818726],[77.6937488,12.9815496],[77.6944385,12.9814397],[77.6951042,12.9812054],[77.6957522,12.9828206],[77.6956878,12.9855604],[77.6957151,12.9887709],[77.6955633,12.9902788],[77.6931157,12.990539],[77.6905159,12.991641],[77.6886657,12.9919736],[77.6884904,12.9920719],[77.6875186,12.9912631],[77.6839356,12.9959453],[77.6836471,12.9963293],[77.6832904,12.9958088],[77.683202,12.9951567],[77.6825296,12.9948237],[77.6778223,12.994872],[77.6770176,12.9949212],[77.6758063,12.9932674],[77.6760792,12.992679],[77.6766296,12.9925672],[77.6764088,12.9917599],[77.6766829,12.9917032],[77.6765691,12.9912629]]]},"properties":{"ward_key":"ward_369_final.234","ward_no":22,"ward_name":"Mahadevapura","ward_name_kn":"ಮಹದೇವಪುರ","corporation":"East"}},{"type":"Feature","geometry":{"type":"Polygon","coordinates":[[[77.609436,13.0239096],[77.6096244,13.0245217],[77.6124825,13.0237591],[77.6129094,13.024447],[77.6138577,13.0260752],[77.6161221,13.0278354],[77.6158927,13.0284758],[77.6113408,13.0345456],[77.6102957,13.03813],[77.6078502,13.0297008],[77.6063359,13.0268921],[77.604265,13.0273563],[77.6034243,13.0247378],[77.6051037,13.0243954],[77.6056767,13.0253414],[77.6069555,13.0248459],[77.6075525,13.0262618],[77.6089615,13.0259002],[77.6082453,13.0241464],[77.609436,13.0239096]]]},"properties":{"ward_key":"ward_369_final.235","ward_no":38,"ward_name":"Shampura","ward_name_kn":"ಶಾಂಪುರ","corporation":"North"}},{"type":"Feature","geometry":{"type":"GeometryCollection","geometries":[{"type":"LineString","coordinates":[[77.5904669,13.0429412],[77.5905723,13.0431107]]},{"type":"Polygon","coordinates":[[[77.5802675,13.0263452],[77.5810569,13.0255513],[77.5816969,13.0250187],[77.5827373,13.024551],[77.5846551,13.0229126],[77.586353,13.0289586],[77.5884597,13.0341336],[77.5892412,13.0367367],[77.5899027,13.0416335],[77.5904669,13.0429412],[77.5884031,13.0425801],[77.5850488,13.0433432],[77.5815478,13.0457643],[77.5791181,13.0474776],[77.5773471,13.0475792],[77.5759662,13.047443],[77.5744285,13.0442236],[77.5755078,13.0437985],[77.5753796,13.0432264],[77.5749757,13.0431865],[77.5747824,13.042434],[77.5770002,13.0426699],[77.5761147,13.0404132],[77.576173,13.0398366],[77.5763846,13.0396201],[77.5764084,13.03885],[77.5770984,13.0388023],[77.5771006,13.0391721],[77.5785212,13.0391104],[77.5784028,13.0387804],[77.5790053,13.0386673],[77.5785012,13.0369977],[77.5790183,13.0369244],[77.5789322,13.0357363],[77.5759165,13.0356367],[77.5758911,13.035273],[77.5752664,13.0352275],[77.5778031,13.0303142],[77.5793236,13.0280964],[77.5802675,13.0263452]]]}]},"properties":{"ward_key":"ward_369_final.236","ward_no":57,"ward_name":"Bhoopasandra","ward_name_kn":"ಭೂಪಸಂದ್ರ","corporation":"North"}},{"type":"Feature","geometry":{"type":"MultiPolygon","coordinates":[[[[77.5669984,12.9417423],[77.5678438,12.9428723],[77.567835,12.9436009],[77.573773,12.9436811],[77.5738946,12.9406275],[77.5777566,12.940596],[77.5777497,12.942563],[77.5788814,12.9425537],[77.5788599,12.9436571],[77.5777381,12.9436191],[77.577391,12.9443334],[77.5768936,12.9444855],[77.5737958,12.9445469],[77.5735288,12.9573584],[77.5674056,12.9570948],[77.5675856,12.9528215],[77.566608,12.9527889],[77.56636,12.9507714],[77.5676715,12.9506414],[77.5677688,12.9473333],[77.5642173,12.9472872],[77.5642955,12.9417384],[77.5650987,12.9417475],[77.5647198,12.9405686],[77.563973,12.9393045],[77.565907,12.9393318],[77.5661696,12.9401819],[77.5666479,12.9401761],[77.5669984,12.9417423]]],[[[77.5777566,12.940596],[77.5776798,12.9397284],[77.580035,12.9367746],[77.5800698,12.9405798],[77.5777566,12.940596]]]]},"properties":{"ward_key":"ward_369_final.237","ward_no":42,"ward_name":"Sunkenahalli","ward_name_kn":"ಸುಂಕೇನಹಳ್ಳಿ","corporation":"Central"}},{"type":"Feature","geometry":{"type":"GeometryCollection","geometries":[{"type":"LineString","coordinates":[[77.5697389,12.9263762],[77.5695357,12.9264511]]},{"type":"Polygon","coordinates":[[[77.5667014,12.9300169],[77.5711251,12.9298383],[77.5707508,12.9264719],[77.5697389,12.9263762],[77.5704163,12.9255868],[77.5704812,12.9246572],[77.5714333,12.9243567],[77.5713963,12.9256134],[77.5735747,12.9253042],[77.573601,12.9235584],[77.5796508,12.9234367],[77.5796173,12.9330452],[77.5777741,12.9329349],[77.5770629,12.9324409],[77.5770751,12.9308689],[77.5761619,12.9308749],[77.5763118,12.9304072],[77.5752654,12.9302972],[77.5750449,12.9292138],[77.5720932,12.9297167],[77.5722365,12.9302753],[77.5711778,12.9303368],[77.5713371,12.9325153],[77.570924,12.9318304],[77.5679727,12.932728],[77.5669947,12.9308],[77.5667014,12.9300169]]]}]},"properties":{"ward_key":"ward_369_final.238","ward_no":106,"ward_name":"Devagiri Temple Ward","ward_name_kn":"ದೇವಗಿರಿ ದೇವಸ್ಥಾನ ವಾರ್ಡ್","corporation":"West"}},{"type":"Feature","geometry":{"type":"GeometryCollection","geometries":[{"type":"LineString","coordinates":[[77.5645374,12.9178682],[77.5644736,12.9177047]]},{"type":"Polygon","coordinates":[[[77.5652175,12.9211354],[77.5656496,12.92259],[77.5692564,12.921877],[77.5690624,12.9211953],[77.5695787,12.9210524],[77.5705537,12.9249813],[77.5701383,12.9260687],[77.5697389,12.9263762],[77.5707508,12.9264719],[77.5711251,12.9298383],[77.5660342,12.9300668],[77.5623784,12.9306233],[77.5613478,12.9302743],[77.5598793,12.9290295],[77.5589753,12.9281089],[77.5554222,12.9257293],[77.5548063,12.9248273],[77.5544877,12.9236482],[77.5596767,12.92198],[77.5616512,12.9214784],[77.5620883,12.9204809],[77.563577,12.919246],[77.5645374,12.9178682],[77.5657258,12.9209945],[77.5652175,12.9211354]]]}]},"properties":{"ward_key":"ward_369_final.239","ward_no":108,"ward_name":"Ganesh Mandira Ward","ward_name_kn":"ಗಣೇಶ್ ಮಂದಿರಾ ವಾರ್ಡ್","corporation":"West"}},{"type":"Feature","geometry":{"type":"Polygon","coordinates":[[[77.5265024,12.964602],[77.5298481,12.9648393],[77.5317709,12.9646376],[77.5338401,12.9646181],[77.5346344,12.9644042],[77.536194,12.9675188],[77.5324081,12.9685227],[77.5305728,12.9686804],[77.5307944,12.9696891],[77.5298461,12.9698955],[77.5293882,12.9682723],[77.5282716,12.9682236],[77.5285334,12.9699809],[77.5278271,12.9704336],[77.5277835,12.9701638],[77.5274995,12.9701666],[77.5275409,12.9703997],[77.5270722,12.9704916],[77.5249546,12.9707396],[77.5241895,12.968216],[77.5238849,12.9675817],[77.5260006,12.9669948],[77.5259093,12.9667459],[77.5264789,12.9665966],[77.5263403,12.9660151],[77.5257618,12.9661963],[77.5256725,12.9656317],[77.5263941,12.9654343],[77.5265024,12.964602]]]},"properties":{"ward_key":"ward_369_final.24","ward_no":77,"ward_name":"Maruthi Mandira Ward","ward_name_kn":"ಮಾರುತಿ ಮಂದಿರ ವಾರ್ಡ್","corporation":"West"}},{"type":"Feature","geometry":{"type":"Polygon","coordinates":[[[77.5185406,12.9707483],[77.5174405,12.9693065],[77.5188297,12.968945],[77.5191258,12.9699956],[77.5221092,12.9698571],[77.5246275,12.9694258],[77.5249546,12.9707396],[77.5254528,12.9707566],[77.5255068,12.9715099],[77.525097,12.9715612],[77.5253365,12.9726995],[77.5245932,12.9728438],[77.5248024,12.9735381],[77.5223613,12.9742652],[77.5221777,12.9740006],[77.520518,12.9743556],[77.5205684,12.9745345],[77.5181839,12.9753321],[77.5178215,12.975128],[77.5173118,12.9732221],[77.5181021,12.9729095],[77.517907,12.9718905],[77.5185406,12.9707483]]]},"properties":{"ward_key":"ward_369_final.240","ward_no":76,"ward_name":"Moodalapalya","ward_name_kn":"ಮೂಡಲಪಾಳ್ಯ","corporation":"West"}},{"type":"Feature","geometry":{"type":"Polygon","coordinates":[[[77.6766829,12.9917032],[77.6764088,12.9917599],[77.6766296,12.9925672],[77.6758792,12.9928294],[77.6758798,12.9934786],[77.6767323,12.9944695],[77.6755171,12.9955159],[77.6754204,12.9949948],[77.6745405,12.9951894],[77.6728519,12.9960084],[77.672295,12.9958386],[77.6721669,12.9961953],[77.6720037,12.9961684],[77.6720724,12.9951229],[77.6707577,12.9946914],[77.6706311,12.9943052],[77.6702159,12.9939424],[77.6691916,12.9938691],[77.668963,12.9927521],[77.6688565,12.9925157],[77.6689397,12.9923382],[77.668703,12.9922177],[77.6690592,12.9916775],[77.6689397,12.9913761],[77.6685321,12.9912008],[77.6685847,12.9907592],[77.6683732,12.9906387],[77.6683637,12.9901949],[77.6676288,12.989526],[77.6674172,12.9876841],[77.6675239,12.9860182],[77.6679506,12.985532],[77.6697956,12.9861557],[77.6717122,12.9858785],[77.6733672,12.9863888],[77.6748881,12.9864314],[77.6744595,12.9867295],[77.6746656,12.9868167],[77.6750267,12.987162],[77.6749267,12.9900977],[77.6750358,12.9913658],[77.6754748,12.991255],[77.6755625,12.9915463],[77.6765691,12.9912629],[77.6766829,12.9917032]]]},"properties":{"ward_key":"ward_369_final.241","ward_no":21,"ward_name":"Uday Nagar","ward_name_kn":"ಉದಯ್ ನಗರ","corporation":"East"}},{"type":"Feature","geometry":{"type":"Polygon","coordinates":[[[77.5408225,12.9539992],[77.5400235,12.9540681],[77.5377313,12.9543131],[77.5378047,12.9552325],[77.53805,12.9552032],[77.5380983,12.9557594],[77.5379043,12.9557904],[77.5379329,12.9560763],[77.5374489,12.956237],[77.5382618,12.9573015],[77.5374047,12.9580516],[77.5374738,12.9582657],[77.538197,12.9581793],[77.5382415,12.9589623],[77.5371988,12.9599783],[77.5370772,12.9594709],[77.5365495,12.9596674],[77.5372584,12.961093],[77.5375533,12.9620887],[77.5372094,12.9620872],[77.5374667,12.9633328],[77.5368469,12.9634121],[77.5369082,12.9637513],[77.5357653,12.963853],[77.5349447,12.9616621],[77.5353178,12.9616526],[77.5351927,12.9613191],[77.5355858,12.9613065],[77.5354679,12.9609497],[77.5360755,12.9609765],[77.535488,12.9602589],[77.5352599,12.9603674],[77.5351312,12.960039],[77.5344356,12.9599985],[77.535612,12.9571554],[77.5352493,12.9569377],[77.5357065,12.9553514],[77.5361553,12.9549614],[77.5356542,12.9542591],[77.5367527,12.9530546],[77.5376762,12.950442],[77.5384069,12.950862],[77.5381754,12.9499499],[77.5387161,12.9497047],[77.5385016,12.9487255],[77.5399939,12.9486352],[77.5420316,12.948059],[77.5430778,12.9480708],[77.5438321,12.95003],[77.5445149,12.9522001],[77.545764,12.9517396],[77.5462242,12.9519054],[77.5463043,12.9560368],[77.5437912,12.9541447],[77.5424759,12.9536396],[77.5416991,12.9530478],[77.5407752,12.9533872],[77.5408225,12.9539992]]]},"properties":{"ward_key":"ward_369_final.242","ward_no":91,"ward_name":"Gali Anjaneya Temple Ward","ward_name_kn":"ಗಾಳಿ ಆಂಜನೇಯ ದೇವಸ್ಥಾನ ವಾರ್ಡ್","corporation":"West"}},{"type":"Feature","geometry":{"type":"Polygon","coordinates":[[[77.5352959,13.005366],[77.534518,13.00719],[77.5333724,13.0063371],[77.5345588,13.0054668],[77.533993,13.0050274],[77.5358939,13.003473],[77.5358191,13.0037201],[77.5365664,13.0033412],[77.5368247,13.0038668],[77.5381234,13.0050785],[77.5408645,13.0041927],[77.5411198,13.0061578],[77.5422109,13.0058719],[77.542707,13.0070543],[77.5423485,13.0071707],[77.5426201,13.0080911],[77.5430226,13.0080165],[77.5431527,13.0086653],[77.5435446,13.0086145],[77.5440093,13.0107366],[77.5456179,13.0115974],[77.5468823,13.0117375],[77.5476702,13.0122875],[77.5475793,13.013706],[77.5480463,13.0140896],[77.5484213,13.0149571],[77.5472536,13.0157647],[77.5467961,13.0130432],[77.5426923,13.0119409],[77.5421956,13.0121735],[77.5412234,13.0125535],[77.5404815,13.012557],[77.5400561,13.0098584],[77.5412332,13.0096477],[77.5411403,13.0087513],[77.5393494,13.0090039],[77.5392258,13.007952],[77.5388639,13.0079928],[77.5386933,13.0068438],[77.5374408,13.0070963],[77.5377785,13.006681],[77.5371703,13.0062366],[77.5364847,13.0066578],[77.5363301,13.0064429],[77.5360402,13.0067761],[77.5352959,13.005366]]]},"properties":{"ward_key":"ward_369_final.243","ward_no":40,"ward_name":"Mahalakshmipuram","ward_name_kn":"ಮಹಾಲಕ್ಷ್ಮಿಪುರಂ","corporation":"West"}},{"type":"Feature","geometry":{"type":"Polygon","coordinates":[[[77.5902628,12.8895501],[77.5882806,12.8890165],[77.5917963,12.8883001],[77.5913816,12.8848555],[77.5905595,12.8824795],[77.5905723,12.8810938],[77.5898559,12.8784255],[77.5895917,12.8772607],[77.589593,12.8769273],[77.5886357,12.8760766],[77.586244,12.8744567],[77.5860831,12.8740359],[77.5879674,12.8729095],[77.5888343,12.8726457],[77.5888894,12.8698429],[77.5903584,12.8705324],[77.5926582,12.8720986],[77.592954,12.872719],[77.5941912,12.8729647],[77.5949462,12.8755031],[77.5972309,12.8882418],[77.5989671,12.8930682],[77.5997379,12.8964975],[77.5994994,12.8962628],[77.5976873,12.8969446],[77.598672,12.9002227],[77.5980273,12.900832],[77.5950107,12.9017056],[77.5948606,12.9026469],[77.593974,12.9027968],[77.5936808,12.9051083],[77.5934155,12.9055669],[77.5934084,12.9052722],[77.5914611,12.9054361],[77.5914703,12.905602],[77.5902339,12.9057114],[77.5900555,12.9048165],[77.5887586,12.9049921],[77.5889356,12.9033244],[77.589468,12.9034008],[77.5896709,12.9011207],[77.5893272,12.9011343],[77.5895452,12.8995833],[77.591305,12.899689],[77.5915546,12.8981294],[77.5900098,12.8975661],[77.5900226,12.8958553],[77.5897714,12.8958502],[77.5900816,12.892344],[77.5920644,12.8914405],[77.59159,12.8898688],[77.590531,12.8901384],[77.5902628,12.8895501]]]},"properties":{"ward_key":"ward_369_final.244","ward_no":56,"ward_name":"Doresanipalya","ward_name_kn":"ದೊರೆಸಾನಿಪಾಳ್ಯ","corporation":"South"}},{"type":"Feature","geometry":{"type":"Polygon","coordinates":[[[77.5968299,13.0400149],[77.5971689,13.0400783],[77.5971426,13.0398402],[77.5982606,13.039997],[77.5981718,13.0406042],[77.5978883,13.0406033],[77.5980535,13.0411782],[77.596092,13.0412516],[77.5922465,13.0411244],[77.5899027,13.0416335],[77.5890252,13.0358411],[77.588119,13.0330461],[77.5862082,13.0286124],[77.5865844,13.0285148],[77.5866114,13.028086],[77.5882589,13.0282328],[77.5884653,13.0298178],[77.5932977,13.0295903],[77.5933582,13.0297538],[77.5938918,13.0298293],[77.5937709,13.0306803],[77.593941,13.0314303],[77.5943088,13.0316034],[77.5942945,13.0325683],[77.5952347,13.0325313],[77.5952887,13.0321368],[77.5964529,13.0325065],[77.5965793,13.0340282],[77.5967562,13.0340227],[77.5970607,13.0357876],[77.5974365,13.0369493],[77.5968411,13.0374157],[77.5963197,13.039216],[77.5968299,13.0400149]]]},"properties":{"ward_key":"ward_369_final.245","ward_no":56,"ward_name":"Hebbal","ward_name_kn":"ಹೆಬ್ಬಾಳ","corporation":"North"}},{"type":"Feature","geometry":{"type":"Polygon","coordinates":[[[77.5807712,13.0463834],[77.5839608,13.0440143],[77.5858828,13.0430545],[77.5885591,13.0425786],[77.5905723,13.0431107],[77.5910923,13.0458666],[77.5927567,13.0496111],[77.5934036,13.0522428],[77.5934705,13.05747],[77.5934494,13.0585953],[77.5913167,13.0591556],[77.5900022,13.0601296],[77.5899351,13.0595575],[77.5872424,13.0615944],[77.5871094,13.0623162],[77.5856708,13.0634107],[77.5852831,13.0628962],[77.5859838,13.0623438],[77.5851288,13.0611303],[77.5855156,13.060845],[77.5851031,13.0583719],[77.5839826,13.0585332],[77.5838283,13.0581451],[77.5819694,13.058381],[77.5816338,13.0574637],[77.5797436,13.0581934],[77.5789602,13.0563873],[77.5768273,13.0573488],[77.5747912,13.0519589],[77.5748385,13.0508799],[77.5757523,13.0495969],[77.5760098,13.0484699],[77.5759662,13.047443],[77.5788525,13.0475676],[77.5807712,13.0463834]]]},"properties":{"ward_key":"ward_369_final.246","ward_no":14,"ward_name":"Rajiv Gandhi Nagar","ward_name_kn":"ರಾಜೀವ್ ಗಾಂಧಿ ನಗರ","corporation":"North"}},{"type":"Feature","geometry":{"type":"GeometryCollection","geometries":[{"type":"LineString","coordinates":[[77.7376356,12.9516751],[77.7375322,12.9515328]]},{"type":"Polygon","coordinates":[[[77.7563172,12.9767407],[77.7555409,12.9751237],[77.7547065,12.9754545],[77.7533647,12.9733039],[77.7504609,12.9739171],[77.7502823,12.9721685],[77.7488098,12.9730846],[77.7477618,12.9730291],[77.7470272,12.9737521],[77.7459957,12.9754112],[77.7446355,12.9756808],[77.7432621,12.9755013],[77.7413267,12.9760401],[77.7408571,12.9742747],[77.7397497,12.9733908],[77.7386204,12.9712859],[77.7383864,12.9701579],[77.7388154,12.9700043],[77.7387746,12.9697501],[77.7390401,12.9697038],[77.7389141,12.9691834],[77.7356115,12.9693462],[77.7354406,12.9685423],[77.734649,12.9677625],[77.7341365,12.9678113],[77.7332894,12.9650563],[77.7326373,12.9610727],[77.7309876,12.9561683],[77.7365977,12.9569805],[77.7367455,12.9559296],[77.7358629,12.9556093],[77.7360181,12.9535764],[77.7354618,12.9534174],[77.7354627,12.9522531],[77.7360489,12.9523697],[77.7361345,12.9521126],[77.7372891,12.9526334],[77.7376356,12.9516751],[77.7385375,12.952248],[77.739396,12.952236],[77.7400807,12.9527406],[77.7429914,12.9538235],[77.7437473,12.9550747],[77.7443147,12.9563952],[77.743435,12.9565874],[77.7435098,12.9569487],[77.7450414,12.9567968],[77.7458511,12.9578215],[77.7462152,12.9585928],[77.7476438,12.9581604],[77.7490391,12.9582879],[77.7490909,12.9606026],[77.7501794,12.9606035],[77.7504936,12.9617965],[77.7505403,12.9629862],[77.7476496,12.9614553],[77.7499018,12.9692792],[77.7501494,12.9710273],[77.7525552,12.9706443],[77.7523863,12.9697117],[77.7547681,12.969006],[77.7584367,12.9676116],[77.762168,12.9667599],[77.7630952,12.9667138],[77.7626004,12.9678657],[77.7625361,12.970708],[77.7628104,12.9733711],[77.763404,12.9753722],[77.7607557,12.9757658],[77.7582926,12.9766405],[77.7563172,12.9767407]]]}]},"properties":{"ward_key":"ward_369_final.247","ward_no":38,"ward_name":"Whitefield","ward_name_kn":"ವೈಟ್‌ಫೀಲ್ಡ್","corporation":"East"}},{"type":"Feature","geometry":{"type":"GeometryCollection","geometries":[{"type":"LineString","coordinates":[[77.5947238,12.9622349],[77.5948279,12.9623362]]},{"type":"Polygon","coordinates":[[[77.5885365,12.9564637],[77.5887151,12.9570557],[77.5896355,12.9567738],[77.5891428,12.9545837],[77.591437,12.9538088],[77.5947238,12.9622349],[77.5924344,12.9623627],[77.5911682,12.9625815],[77.5909166,12.9615384],[77.5915701,12.9613832],[77.5913574,12.9606499],[77.5907431,12.9608406],[77.590659,12.9605991],[77.5898937,12.9608095],[77.5893703,12.9590382],[77.5871333,12.9595504],[77.5882703,12.9610358],[77.584097,12.961492],[77.5852359,12.9638358],[77.5820415,12.9633749],[77.5798135,12.9636055],[77.5796746,12.961898],[77.5823545,12.9610271],[77.5831278,12.960621],[77.5823325,12.9591459],[77.5827878,12.958924],[77.5828637,12.9590649],[77.5847218,12.9585378],[77.5850051,12.9594888],[77.5883728,12.9585837],[77.5881022,12.9577889],[77.5874885,12.9579751],[77.5873585,12.9575664],[77.5880363,12.9573687],[77.5878533,12.9566739],[77.5885365,12.9564637]]]}]},"properties":{"ward_key":"ward_369_final.248","ward_no":32,"ward_name":"SilverJubilee Park Ward","ward_name_kn":"ಸಿಲ್ವರ್ ಜುಬಿಲಿ ಪಾರ್ಕ್ ವಾರ್ಡ್","corporation":"Central"}},{"type":"Feature","geometry":{"type":"Polygon","coordinates":[[[77.5773061,12.9562913],[77.5796207,12.9552439],[77.5801255,12.9571096],[77.580144,12.958962],[77.5827155,12.9573994],[77.5824324,12.9547754],[77.5834622,12.9546158],[77.5836902,12.9563072],[77.5857191,12.9555552],[77.5860352,12.9568635],[77.5867641,12.9590641],[77.5850051,12.9594888],[77.5847218,12.9585378],[77.5828637,12.9590649],[77.5827878,12.958924],[77.5823325,12.9591459],[77.5831278,12.960621],[77.5804893,12.9617336],[77.5796746,12.961898],[77.5798135,12.9636055],[77.5782424,12.9637094],[77.5768528,12.9641598],[77.5760261,12.9622602],[77.5750781,12.9610839],[77.5735288,12.9573584],[77.5773061,12.9562913]]]},"properties":{"ward_key":"ward_369_final.249","ward_no":34,"ward_name":"D.V Gundappa Ward","ward_name_kn":"ಡಿ.ವಿ. ಗುಂಡಪ್ಪ ವಾರ್ಡ್","corporation":"Central"}},{"type":"Feature","geometry":{"type":"Polygon","coordinates":[[[77.6361037,13.0058599],[77.6361777,13.0041553],[77.636942,13.0044846],[77.6380071,13.0054044],[77.6401106,13.005846],[77.6428559,13.0062229],[77.6434673,13.0063954],[77.6437533,13.0078671],[77.6430609,13.0079072],[77.6429647,13.0088772],[77.6419484,13.0083079],[77.6419726,13.0116992],[77.6404801,13.0115231],[77.6395761,13.0115116],[77.6396059,13.0111138],[77.6387758,13.0112283],[77.6386922,13.0106719],[77.6351737,13.0108768],[77.6358414,13.0066358],[77.6361037,13.0058599]]]},"properties":{"ward_key":"ward_369_final.25","ward_no":34,"ward_name":"Subbayanapalya","ward_name_kn":"ಸುಬ್ಬಯ್ಯನಪಾಳ್ಯ","corporation":"North"}},{"type":"Feature","geometry":{"type":"Polygon","coordinates":[[[77.5968299,13.0400149],[77.5962566,13.0390333],[77.5969466,13.0371849],[77.5974365,13.0369493],[77.5970607,13.0357876],[77.6011388,13.0350447],[77.602896,13.0350208],[77.6064246,13.0347875],[77.6064978,13.0328425],[77.6086416,13.0322799],[77.608778,13.0327489],[77.6102637,13.0382455],[77.6092868,13.0397911],[77.6075587,13.0407893],[77.5980535,13.0411782],[77.5978883,13.0406033],[77.5981718,13.0406042],[77.5982606,13.039997],[77.5971426,13.0398402],[77.5971689,13.0400783],[77.5968299,13.0400149]]]},"properties":{"ward_key":"ward_369_final.250","ward_no":52,"ward_name":"Vishwanatha Nagenahalli","ward_name_kn":"ವಿಶ್ವನಾಥ ನಾಗೇನಹಳ್ಳಿ","corporation":"North"}},{"type":"Feature","geometry":{"type":"Polygon","coordinates":[[[77.6218257,13.0320455],[77.625065,13.0308457],[77.6256559,13.0332906],[77.6243383,13.033671],[77.6256133,13.0364078],[77.6258891,13.0380373],[77.6274863,13.0369565],[77.630135,13.0318977],[77.6327023,13.0343974],[77.6333797,13.0339208],[77.6333773,13.0335811],[77.6340784,13.033375],[77.6339321,13.0327119],[77.6346727,13.032501],[77.6347335,13.0327979],[77.6352872,13.0327927],[77.6359152,13.0316496],[77.6393714,13.0350139],[77.6403859,13.0365829],[77.6411771,13.0370033],[77.6414647,13.0403184],[77.64141,13.0416176],[77.6413265,13.0424858],[77.6390651,13.0433163],[77.6378298,13.0431504],[77.6365535,13.0421087],[77.6366816,13.0409928],[77.6360625,13.040718],[77.635194,13.0412011],[77.6348263,13.0417706],[77.6347383,13.0424344],[77.6336307,13.0425857],[77.6335406,13.0418481],[77.6323091,13.042161],[77.6316185,13.0429099],[77.6311835,13.0427291],[77.6308665,13.0425359],[77.6301557,13.0425239],[77.6295268,13.0422525],[77.6292394,13.0425761],[77.6288036,13.042314],[77.6285406,13.0423935],[77.6284484,13.0429805],[77.6281287,13.0433067],[77.628645,13.044092],[77.6280032,13.0445096],[77.6277066,13.045329],[77.6275457,13.0454664],[77.6257452,13.0434314],[77.624727,13.0414656],[77.6239444,13.0394465],[77.6233686,13.0374578],[77.6224077,13.0375866],[77.6220139,13.0365528],[77.6214188,13.0357216],[77.6212301,13.0350267],[77.6228077,13.0345861],[77.6218257,13.0320455]]]},"properties":{"ward_key":"ward_369_final.251","ward_no":23,"ward_name":"Hennur","ward_name_kn":"ಹೆಣ್ಣೂರು","corporation":"North"}},{"type":"Feature","geometry":{"type":"GeometryCollection","geometries":[{"type":"MultiLineString","coordinates":[[[77.7445678,12.9137947],[77.7446746,12.9136672]],[[77.7645988,12.9287579],[77.7648351,12.9287835]]]},{"type":"Polygon","coordinates":[[[77.696561,12.9161234],[77.6893567,12.9153442],[77.6884941,12.9154412],[77.6879349,12.913351],[77.6876477,12.9131888],[77.6871274,12.9121446],[77.6872651,12.9120716],[77.6864928,12.9106702],[77.6863491,12.9100251],[77.6897746,12.9087586],[77.6993195,12.9060349],[77.7068705,12.9020259],[77.7083542,12.9080629],[77.7133885,12.9079419],[77.714228,12.9080834],[77.7161215,12.9073873],[77.7176396,12.908966],[77.7179011,12.9087669],[77.7178559,12.9083743],[77.7197323,12.9080092],[77.7197776,12.9086546],[77.7207964,12.9088233],[77.7207917,12.9081543],[77.7232566,12.9071749],[77.7262755,12.906568],[77.7276123,12.9108867],[77.7277829,12.9144994],[77.7320714,12.9139062],[77.7326668,12.9141996],[77.7343653,12.9140353],[77.7344467,12.9131966],[77.737396,12.9134915],[77.7375652,12.9147682],[77.7409923,12.9144485],[77.7416031,12.9141335],[77.7417973,12.9142733],[77.7430524,12.9139105],[77.7445678,12.9137947],[77.7447773,12.9142653],[77.7449436,12.9142522],[77.7457856,12.9197736],[77.7513393,12.922011],[77.752373,12.9253263],[77.7572666,12.926535],[77.7630212,12.9284916],[77.7645988,12.9287579],[77.7650583,12.9301382],[77.7604808,12.9324484],[77.7585628,12.9327859],[77.7545451,12.9345955],[77.7536217,12.9346506],[77.7514435,12.9356977],[77.7490586,12.9371095],[77.7465997,12.9380144],[77.743951,12.9357676],[77.7427506,12.9329894],[77.7379101,12.9266052],[77.7371831,12.925181],[77.7142358,12.9284681],[77.7122001,12.9298216],[77.71111,12.9310454],[77.7079271,12.9325325],[77.7079864,12.9310174],[77.7050217,12.9181063],[77.704963,12.9169942],[77.7037079,12.9157247],[77.7037636,12.9153969],[77.7035356,12.915173],[77.7020257,12.9151564],[77.7016468,12.9144679],[77.696561,12.9161234]]]}]},"properties":{"ward_key":"ward_369_final.252","ward_no":50,"ward_name":"Gunjur","ward_name_kn":"ಗುಂಜೂರು","corporation":"East"}},{"type":"Feature","geometry":{"type":"Polygon","coordinates":[[[77.6095062,12.8809475],[77.6065538,12.8812873],[77.6066772,12.8822418],[77.6053316,12.8823725],[77.6051781,12.8813496],[77.6023007,12.8821477],[77.6023181,12.8825009],[77.6012708,12.8826716],[77.6010791,12.8807177],[77.5978686,12.8811709],[77.5962806,12.8816216],[77.5960686,12.8816202],[77.594494,12.8737053],[77.5942769,12.8731421],[77.5960587,12.872747],[77.5963673,12.8719476],[77.6021796,12.8717695],[77.6029056,12.8743857],[77.603554,12.8744693],[77.6041149,12.8740366],[77.6043871,12.8754325],[77.6062863,12.875066],[77.6072782,12.8753274],[77.607171,12.8765187],[77.6089246,12.8767895],[77.6099591,12.8797552],[77.6100339,12.880421],[77.6094696,12.8804176],[77.6095062,12.8809475]]]},"properties":{"ward_key":"ward_369_final.253","ward_no":57,"ward_name":"Hulimavu","ward_name_kn":"ಹುಳಿಮಾವು","corporation":"South"}},{"type":"Feature","geometry":{"type":"Polygon","coordinates":[[[77.5772787,13.1052039],[77.5786364,13.1075308],[77.5796655,13.1086741],[77.5797264,13.1083438],[77.580737,13.1084938],[77.5795432,13.1122706],[77.579305,13.1142159],[77.5782659,13.1164512],[77.5748924,13.1161701],[77.5748766,13.1165384],[77.5741929,13.11654],[77.5741996,13.1184704],[77.5681911,13.1185915],[77.5666782,13.1187549],[77.5665296,13.1173037],[77.5658433,13.1152841],[77.562587,13.116419],[77.56142,13.1137607],[77.561062,13.1137753],[77.5600894,13.1123591],[77.5598329,13.1124041],[77.5597096,13.1119002],[77.5602228,13.1115347],[77.5601224,13.1098317],[77.5600468,13.1093099],[77.5609952,13.1087741],[77.5598993,13.1059899],[77.5582127,13.1029515],[77.5560238,13.1001436],[77.5496616,13.1010322],[77.5442294,13.1013186],[77.5442448,13.1008034],[77.544429,13.1007881],[77.5424302,13.0955834],[77.5421236,13.0940183],[77.5407241,13.0917759],[77.5407679,13.089918],[77.5442978,13.0860812],[77.5452593,13.085272],[77.5451866,13.0835279],[77.5464334,13.0835484],[77.5464191,13.0833893],[77.5474951,13.0832217],[77.547217,13.0819449],[77.548202,13.0817747],[77.5487393,13.0842114],[77.5485781,13.0853998],[77.5486772,13.0857768],[77.5466417,13.0883933],[77.5460879,13.093047],[77.5461136,13.0948688],[77.5498536,13.0938259],[77.5507545,13.0936198],[77.5523578,13.0940413],[77.5535574,13.0939459],[77.5541874,13.0942871],[77.5546908,13.0941259],[77.5553112,13.0931887],[77.5556895,13.0943963],[77.5582305,13.0939367],[77.5582456,13.0942642],[77.557925,13.0943095],[77.5579291,13.095732],[77.557021,13.0957155],[77.5566613,13.0964201],[77.5580606,13.0963413],[77.5576656,13.0967899],[77.557802,13.0976452],[77.5574344,13.0976923],[77.5579661,13.0997603],[77.5610283,13.098403],[77.5621486,13.101009],[77.5629598,13.1007553],[77.5631613,13.1013648],[77.5653756,13.1012587],[77.565487,13.1017002],[77.5657785,13.101648],[77.5659073,13.1028118],[77.5669265,13.1024336],[77.5663786,13.1052033],[77.5654631,13.1076644],[77.5706436,13.1066012],[77.5698155,13.1025236],[77.5701112,13.1001767],[77.5704428,13.1004321],[77.5707682,13.1000839],[77.5711829,13.1008014],[77.571613,13.1010747],[77.5723304,13.1011095],[77.5728101,13.1016728],[77.5740117,13.1013536],[77.5743078,13.1010876],[77.5743843,13.1015542],[77.5747282,13.1027093],[77.5759291,13.1025372],[77.5759508,13.1034961],[77.575351,13.1038275],[77.5751246,13.1038468],[77.5753165,13.1055106],[77.5772787,13.1052039]]]},"properties":{"ward_key":"ward_369_final.254","ward_no":6,"ward_name":"Doddabettahalli","ward_name_kn":"ದೊಡ್ಡಬೆಟ್ಟಹಳ್ಳಿ","corporation":"North"}},{"type":"Feature","geometry":{"type":"GeometryCollection","geometries":[{"type":"LineString","coordinates":[[77.6084595,13.005101],[77.6083579,13.0049019]]},{"type":"Polygon","coordinates":[[[77.6083579,13.0049019],[77.6081503,13.0045394],[77.6085064,13.0043751],[77.6082906,13.0038965],[77.6088608,13.0036909],[77.6086398,13.0027825],[77.6090601,13.0024954],[77.6093229,13.0019658],[77.6092701,13.0014521],[77.6104298,13.0006727],[77.6121334,13.0016014],[77.6125098,13.0068471],[77.6128796,13.007897],[77.6121734,13.008169],[77.612264,13.0086502],[77.6128603,13.008559],[77.6129081,13.0088748],[77.6118396,13.0091687],[77.6120606,13.0099964],[77.6106377,13.0103311],[77.6105831,13.0101126],[77.6097268,13.0102984],[77.6094839,13.0109456],[77.6081373,13.0111777],[77.608469,13.0119996],[77.6075535,13.0124161],[77.6078809,13.0131599],[77.6071403,13.0134687],[77.6074144,13.0143762],[77.6059792,13.014629],[77.6057521,13.0151908],[77.6045754,13.0152142],[77.6043953,13.0144543],[77.6038531,13.0145077],[77.6036976,13.0127384],[77.6038679,13.012458],[77.6049051,13.0122842],[77.6070959,13.0113534],[77.6065249,13.0094555],[77.610161,13.0092706],[77.6107942,13.0088498],[77.610915,13.0076723],[77.6106331,13.0060954],[77.6113327,13.0059327],[77.6102028,13.0041795],[77.6083579,13.0049019]]]}]},"properties":{"ward_key":"ward_369_final.255","ward_no":44,"ward_name":"Doddanna Nagar","ward_name_kn":"ದೊಡ್ಡಣ್ಣ ನಗರ","corporation":"North"}},{"type":"Feature","geometry":{"type":"Polygon","coordinates":[[[77.5601463,12.953678],[77.5614088,12.953353],[77.5624366,12.9535039],[77.563429,12.9539459],[77.5633548,12.9569867],[77.5735288,12.9573584],[77.5745135,12.9597707],[77.5741408,12.9598831],[77.571736,12.960561],[77.5649103,12.9603856],[77.5648226,12.9624111],[77.5632693,12.9616903],[77.5632815,12.9607944],[77.5592214,12.9607186],[77.5592943,12.9568822],[77.5572924,12.9552156],[77.5566006,12.9532559],[77.5588078,12.9532189],[77.5601463,12.953678]]]},"properties":{"ward_key":"ward_369_final.256","ward_no":44,"ward_name":"Chamarajpet","ward_name_kn":"ಚಾಮರಾಜಪೇಟೆ","corporation":"Central"}},{"type":"Feature","geometry":{"type":"Polygon","coordinates":[[[77.5937602,13.0302524],[77.5937989,13.0297069],[77.5933582,13.0297538],[77.5931233,13.0294914],[77.5884653,13.0298178],[77.5882589,13.0282328],[77.5866114,13.028086],[77.5865844,13.0285148],[77.5861312,13.0284285],[77.5847302,13.0233505],[77.5852898,13.0231478],[77.5852746,13.0229874],[77.5869131,13.022598],[77.5870879,13.0229866],[77.5881283,13.0225617],[77.5884377,13.0231814],[77.5888167,13.0231881],[77.5889093,13.0233942],[77.5895887,13.0232574],[77.5894512,13.0226038],[77.5904066,13.0226021],[77.5904604,13.0237524],[77.5918502,13.0240095],[77.592125,13.0250578],[77.5947674,13.0247453],[77.5955207,13.028407],[77.5958406,13.0283492],[77.596076,13.0298852],[77.5963328,13.0298694],[77.5964913,13.0306214],[77.5964529,13.0325065],[77.5952887,13.0321368],[77.5952347,13.0325313],[77.5942945,13.0325683],[77.5943088,13.0316034],[77.593941,13.0314303],[77.5937602,13.0302524]]]},"properties":{"ward_key":"ward_369_final.257","ward_no":55,"ward_name":"Ganganagar","ward_name_kn":"ಗಂಗಾನಗರ","corporation":"North"}},{"type":"Feature","geometry":{"type":"GeometryCollection","geometries":[{"type":"LineString","coordinates":[[77.5889093,13.0233942],[77.5889228,13.0235673]]},{"type":"Polygon","coordinates":[[[77.5839181,13.01969],[77.58404,13.0145119],[77.5871755,13.0141149],[77.5882872,13.0133099],[77.5906042,13.0100193],[77.5938554,13.0122467],[77.5935802,13.0131779],[77.5934931,13.0141396],[77.5927876,13.0146508],[77.5923153,13.0152915],[77.5914058,13.0157488],[77.5923696,13.0200139],[77.5929742,13.0249221],[77.5919878,13.0249704],[77.5918502,13.0240095],[77.5904604,13.0237524],[77.5904066,13.0226021],[77.5894512,13.0226038],[77.5895887,13.0232574],[77.5889093,13.0233942],[77.5887275,13.0230575],[77.5884377,13.0231814],[77.5881283,13.0225617],[77.5870879,13.0229866],[77.5869131,13.022598],[77.5852746,13.0229874],[77.5852898,13.0231478],[77.5847157,13.0232859],[77.5839181,13.01969]]]}]},"properties":{"ward_key":"ward_369_final.258","ward_no":54,"ward_name":"Gangenahalli","ward_name_kn":"ಗಂಗೇನಹಳ್ಳಿ","corporation":"North"}},{"type":"Feature","geometry":{"type":"Polygon","coordinates":[[[77.6210136,12.9275286],[77.6292854,12.9241884],[77.6370591,12.9252736],[77.6391923,12.9241471],[77.6391957,12.9253856],[77.639166,12.9258433],[77.6403801,12.9259597],[77.6410956,12.9259672],[77.6415934,12.9271038],[77.6418936,12.9291585],[77.641004,12.9293999],[77.6395809,12.9297124],[77.6395458,12.9304957],[77.6385217,12.9312834],[77.6357842,12.9348291],[77.6329244,12.9379047],[77.6316689,12.9382838],[77.6314295,12.9376028],[77.6306979,12.9369815],[77.6309155,12.9368254],[77.6303339,12.9361245],[77.6305582,12.9351348],[77.6301706,12.934865],[77.6291763,12.9375767],[77.6288634,12.937687],[77.6286854,12.9383579],[77.6284407,12.9382387],[77.6256958,12.9362909],[77.6240483,12.9349784],[77.6219791,12.930312],[77.6210136,12.9275286]]]},"properties":{"ward_key":"ward_369_final.259","ward_no":28,"ward_name":"Kormangala East","ward_name_kn":"ಕೋರಮಂಗಲ ಪೂರ್ವ","corporation":"South"}},{"type":"Feature","geometry":{"type":"GeometryCollection","geometries":[{"type":"LineString","coordinates":[[77.4683989,12.8884657],[77.468484,12.8883236]]},{"type":"Polygon","coordinates":[[[77.4749582,12.8797791],[77.4757081,12.8784418],[77.479561,12.8778272],[77.4806297,12.8780655],[77.4816826,12.8780613],[77.4810899,12.8748591],[77.4808859,12.8746864],[77.4809142,12.8742799],[77.4828441,12.8742735],[77.4831342,12.8743505],[77.4847352,12.8716457],[77.4859905,12.8713628],[77.487846,12.8719537],[77.4883373,12.8719787],[77.4883638,12.8724031],[77.489303,12.8719911],[77.4941351,12.877884],[77.4981231,12.8816474],[77.5021711,12.884363],[77.5084625,12.8875648],[77.5106788,12.8895748],[77.5134692,12.8932573],[77.5143831,12.8941421],[77.5141094,12.8950946],[77.514543,12.8953965],[77.5139404,12.8976531],[77.5134893,12.8980765],[77.513719,12.8988874],[77.5126312,12.9001684],[77.5137034,12.9012987],[77.5142364,12.9016448],[77.5139905,12.9020888],[77.5113279,12.9022905],[77.5109705,12.9025854],[77.5113372,12.9027569],[77.5110743,12.9039272],[77.5071035,12.9038025],[77.5055582,12.9045764],[77.5028732,12.9052714],[77.4979533,12.9078092],[77.4967947,12.9083314],[77.4933799,12.9093764],[77.4905673,12.9102533],[77.4900396,12.9088337],[77.4873735,12.9083573],[77.4866405,12.9105215],[77.4851936,12.9127912],[77.4846623,12.9109742],[77.4840707,12.9104808],[77.4812529,12.9101213],[77.480284,12.9097596],[77.4801861,12.9105827],[77.4789488,12.9107236],[77.4789669,12.911671],[77.477956,12.911713],[77.4776306,12.9130054],[77.4770099,12.9143142],[77.4771297,12.9146523],[77.4763806,12.9149429],[77.4762806,12.9146832],[77.4752717,12.9149153],[77.4751305,12.9144224],[77.4732636,12.9148277],[77.4731297,12.9171581],[77.4725267,12.9178754],[77.4709586,12.9186639],[77.4698596,12.914881],[77.4681893,12.9122923],[77.4664994,12.9101466],[77.4666715,12.9068778],[77.4622257,12.9064418],[77.4600793,12.9066307],[77.4598797,12.9046925],[77.4602902,12.8982306],[77.4609771,12.8983934],[77.4631974,12.8951802],[77.4683989,12.8884657],[77.469421,12.8924552],[77.4703844,12.8943305],[77.4734193,12.8983975],[77.474887,12.8978956],[77.4772251,12.8964476],[77.4757268,12.8952409],[77.4754905,12.8944244],[77.4757394,12.8942072],[77.4766413,12.894503],[77.4782284,12.8927355],[77.4791988,12.8919075],[77.4793075,12.88979],[77.4802168,12.8898932],[77.4810009,12.8901455],[77.4820092,12.8893002],[77.4829267,12.8860943],[77.4824945,12.8857516],[77.4797764,12.8860857],[77.4787671,12.8861201],[77.4789021,12.8844496],[77.4758636,12.8814648],[77.4749431,12.8806773],[77.4749582,12.8797791]]]}]},"properties":{"ward_key":"ward_369_final.26","ward_no":20,"ward_name":"Hemmigepura","ward_name_kn":"ಹೆಮ್ಮಿಗೆಪುರ","corporation":"West"}},{"type":"Feature","geometry":{"type":"Polygon","coordinates":[[[77.5234959,13.0016857],[77.5249702,13.0013348],[77.5263076,13.0007382],[77.5261757,13.0004617],[77.5278272,12.9996789],[77.5278403,12.9998968],[77.5278278,13.0013201],[77.5292195,13.0024051],[77.5289805,13.0034205],[77.5295895,13.0044986],[77.529738,13.005416],[77.5298797,13.0059494],[77.5279204,13.0077016],[77.5267544,13.0066788],[77.5267688,13.0061172],[77.5231811,13.0070361],[77.5232178,13.006083],[77.5222093,13.0060732],[77.5216113,13.0061475],[77.5216127,13.0059465],[77.5190667,13.0060924],[77.5174962,13.0063589],[77.5177203,13.0055877],[77.5178206,13.0036013],[77.5182973,13.0026729],[77.5180163,13.0023323],[77.5198996,13.0024174],[77.5201825,13.0034068],[77.5209956,13.0032983],[77.521026,13.0035768],[77.5213541,13.0035445],[77.5213269,13.0030838],[77.5236665,13.002341],[77.5234959,13.0016857]]]},"properties":{"ward_key":"ward_369_final.260","ward_no":30,"ward_name":"Kempegowda Layout","ward_name_kn":"ಕೆಂಪೇಗೌಡ ಬಡಾವಣೆ","corporation":"West"}},{"type":"Feature","geometry":{"type":"GeometryCollection","geometries":[{"type":"LineString","coordinates":[[77.5540947,13.0137066],[77.5540418,13.0140259]]},{"type":"Polygon","coordinates":[[[77.5384422,12.9990746],[77.5377478,12.9995362],[77.5377818,12.9982439],[77.5365484,12.9981314],[77.5368562,12.9973479],[77.5342159,12.9970314],[77.534216,12.9965473],[77.5347631,12.99656],[77.5345682,12.9957421],[77.5355626,12.9956962],[77.5354302,12.9949048],[77.5372702,12.9946842],[77.5373274,12.9954437],[77.5384633,12.9953136],[77.5381633,12.9933188],[77.5362418,12.992786],[77.5359658,12.9919886],[77.5384013,12.9915904],[77.5411577,12.999385],[77.5440203,12.9978719],[77.5457986,12.9974366],[77.5510387,12.9977251],[77.5530784,12.998185],[77.5527487,12.9996168],[77.5544328,13.0074986],[77.5543403,13.0131203],[77.5540947,13.0137066],[77.5535683,13.012834],[77.5505296,13.0111698],[77.5494828,13.0100785],[77.5477971,13.010495],[77.5472963,13.007944],[77.5487512,13.0077002],[77.5487417,13.0060223],[77.5498904,12.9994836],[77.5474682,12.9988465],[77.5463857,12.9989873],[77.5462829,12.9999515],[77.5448955,12.9999224],[77.5443479,13.0000804],[77.5443206,13.0005794],[77.5415018,13.0008413],[77.5411027,13.0024193],[77.5406818,13.0022512],[77.5406686,13.002418],[77.5378744,13.0015181],[77.535718,13.0010274],[77.5385398,13.0000731],[77.5384422,12.9990746]]]}]},"properties":{"ward_key":"ward_369_final.261","ward_no":43,"ward_name":"Kethamaranahalli","ward_name_kn":"ಕೇತಮಾರನಹಳ್ಳಿ","corporation":"West"}},{"type":"Feature","geometry":{"type":"Polygon","coordinates":[[[77.6094696,12.8804176],[77.610031,12.8804564],[77.6102034,12.8855966],[77.6104789,12.8868453],[77.6088129,12.8868003],[77.6088013,12.8882937],[77.6062675,12.8888714],[77.6038138,12.8897748],[77.6034327,12.8893984],[77.6031726,12.8894796],[77.6032942,12.8902579],[77.6019983,12.8904944],[77.6018248,12.8893772],[77.5989951,12.8904372],[77.5981572,12.8905742],[77.5969545,12.8870548],[77.5960686,12.8816202],[77.5973779,12.8813709],[77.5994324,12.8808902],[77.6010791,12.8807177],[77.6012708,12.8826716],[77.6023181,12.8825009],[77.6023007,12.8821477],[77.6051781,12.8813496],[77.6053316,12.8823725],[77.6066772,12.8822418],[77.6065538,12.8812873],[77.6078917,12.8811102],[77.6095062,12.8809475],[77.6094696,12.8804176]]]},"properties":{"ward_key":"ward_369_final.262","ward_no":58,"ward_name":"Arakere","ward_name_kn":"ಅರಕೆರೆ","corporation":"South"}},{"type":"Feature","geometry":{"type":"GeometryCollection","geometries":[{"type":"LineString","coordinates":[[77.496449,13.0283029],[77.4963155,13.0282486]]},{"type":"Polygon","coordinates":[[[77.5104358,13.0339924],[77.5104424,13.0370124],[77.5079968,13.0369854],[77.5069966,13.0373884],[77.5067327,13.0379929],[77.5045619,13.03861],[77.5050756,13.0434844],[77.5055336,13.0456534],[77.5052169,13.045976],[77.4965734,13.0489855],[77.4957064,13.0447468],[77.4957453,13.0444647],[77.4979834,13.0438698],[77.4980278,13.0422299],[77.4966587,13.0419751],[77.4964733,13.0417987],[77.4962878,13.0418078],[77.4962273,13.0392213],[77.49689,13.0378952],[77.497166,13.0378737],[77.4974709,13.0371654],[77.4979196,13.0365028],[77.4981362,13.0364848],[77.4981428,13.0351235],[77.4991885,13.0348775],[77.4988073,13.0336948],[77.4983503,13.0332266],[77.4978701,13.0323653],[77.4972773,13.0317938],[77.496449,13.0283029],[77.4992935,13.0295302],[77.5037146,13.0316033],[77.5050942,13.0314092],[77.5051224,13.0316918],[77.5058041,13.0315472],[77.5060067,13.0320713],[77.506247,13.0322183],[77.5073858,13.0320297],[77.5076255,13.0333138],[77.5071855,13.0334018],[77.5076017,13.034502],[77.5080105,13.0343034],[77.5084408,13.0345993],[77.5085249,13.0339145],[77.5104358,13.0339924]]]}]},"properties":{"ward_key":"ward_369_final.263","ward_no":1,"ward_name":"Nagasandra","ward_name_kn":"ನಾಗಸಂದ್ರ","corporation":"West"}},{"type":"Feature","geometry":{"type":"Polygon","coordinates":[[[77.5245481,12.9779211],[77.5245207,12.9785222],[77.5252204,12.9785346],[77.5252746,12.9788006],[77.52579,12.978792],[77.5258049,12.9793369],[77.5268589,12.979304],[77.5271954,12.980796],[77.5278894,12.9806999],[77.5278929,12.9809686],[77.5297572,12.9808479],[77.529678,12.9805012],[77.5304949,12.9803003],[77.5305996,12.9805489],[77.5341805,12.9792565],[77.534854,12.9813813],[77.5324648,12.9819979],[77.53106,12.9823007],[77.5303766,12.9833488],[77.5283985,12.9840256],[77.52626,12.9859274],[77.525763,12.9857816],[77.524523,12.9852434],[77.5235577,12.9850762],[77.5220048,12.9861339],[77.5203779,12.9868756],[77.5198062,12.9862634],[77.5196475,12.984912],[77.519084,12.9837322],[77.5182561,12.9822636],[77.5191686,12.9804207],[77.519725,12.9796338],[77.5189129,12.9780735],[77.5187101,12.9773282],[77.5226565,12.9765617],[77.5227883,12.9777677],[77.5245481,12.9779211]]]},"properties":{"ward_key":"ward_369_final.264","ward_no":72,"ward_name":"Kaveripura","ward_name_kn":"ಕಾವೇರಿಪುರ","corporation":"West"}},{"type":"Feature","geometry":{"type":"Polygon","coordinates":[[[77.527283,12.9929827],[77.5305297,12.9922849],[77.5315935,12.9921662],[77.5316547,12.9925753],[77.5359269,12.9919943],[77.5362418,12.992786],[77.5381633,12.9933188],[77.5384633,12.9953136],[77.5373274,12.9954437],[77.5372702,12.9946842],[77.5335154,12.9952498],[77.5335223,12.9966694],[77.5327731,12.9970705],[77.5325312,12.9967516],[77.5312697,12.9970999],[77.530919,12.9959837],[77.5306438,12.9960546],[77.5301703,12.9943332],[77.5295739,12.9945415],[77.5296096,12.9946928],[77.5291325,12.9948681],[77.5289733,12.9941389],[77.5280379,12.9945353],[77.5284981,12.9966926],[77.5281971,12.9967569],[77.5280851,12.9961776],[77.527531,12.9963172],[77.5270893,12.9943931],[77.5268057,12.9944675],[77.5267319,12.9941543],[77.52758,12.9939522],[77.527283,12.9929827]]]},"properties":{"ward_key":"ward_369_final.265","ward_no":45,"ward_name":"Shakthi Ganapathi Nagara","ward_name_kn":"ಶಕ್ತಿ ಗಣಪತಿ ನಗರ","corporation":"West"}},{"type":"Feature","geometry":{"type":"Polygon","coordinates":[[[77.5192469,12.964622],[77.5200489,12.9645462],[77.5198318,12.9639659],[77.5205173,12.9637541],[77.5205773,12.9634588],[77.5208511,12.9634024],[77.5206782,12.9618304],[77.5221309,12.9617847],[77.5229656,12.9621652],[77.5231715,12.962195],[77.5232807,12.9617262],[77.5253609,12.9619763],[77.5263124,12.9622163],[77.5263116,12.9620049],[77.5267143,12.9619933],[77.5266346,12.9630184],[77.5265971,12.9639561],[77.5263941,12.9654343],[77.5256725,12.9656317],[77.5257618,12.9661963],[77.5263403,12.9660151],[77.5264789,12.9665966],[77.5259093,12.9667459],[77.5258663,12.967068],[77.5238849,12.9675817],[77.5246217,12.9693589],[77.5238562,12.9695192],[77.5207889,12.970022],[77.5191258,12.9699956],[77.5188297,12.968945],[77.5174908,12.9692349],[77.5176278,12.9681211],[77.518116,12.9675969],[77.517753,12.9667749],[77.5176112,12.9666178],[77.5195388,12.9666182],[77.5192469,12.964622]]]},"properties":{"ward_key":"ward_369_final.266","ward_no":78,"ward_name":"Anubhava Nagara","ward_name_kn":"ಅನುಭವ ನಗರ","corporation":"West"}},{"type":"Feature","geometry":{"type":"Polygon","coordinates":[[[77.5368084,13.0782022],[77.5365912,13.0771089],[77.5371941,13.0770142],[77.5370978,13.076572],[77.5388558,13.0764215],[77.5386929,13.076687],[77.5422855,13.0761924],[77.5427506,13.0787779],[77.5410659,13.079385],[77.5417731,13.0805943],[77.5416445,13.0818072],[77.5433222,13.0827312],[77.5437803,13.0827797],[77.5443415,13.0822364],[77.5445506,13.082544],[77.5449846,13.0822682],[77.5451969,13.082399],[77.546085,13.0814765],[77.548116,13.0814686],[77.5475659,13.0785399],[77.5501341,13.0778615],[77.5501945,13.0780537],[77.5510615,13.0777649],[77.5537209,13.0760059],[77.5535885,13.0754888],[77.5571765,13.0739427],[77.55835,13.0766218],[77.5587388,13.0764766],[77.5593133,13.0779614],[77.558819,13.0781245],[77.5597208,13.0815085],[77.5616694,13.0812123],[77.5602011,13.0841236],[77.5589091,13.0849631],[77.5587154,13.0847222],[77.5556538,13.0859519],[77.5537064,13.0852371],[77.5527186,13.0846291],[77.5520679,13.0843758],[77.5500976,13.0821638],[77.5488358,13.0819639],[77.548597,13.0817031],[77.547217,13.0819449],[77.5474951,13.0832217],[77.5464191,13.0833893],[77.5464334,13.0835484],[77.5451866,13.0835279],[77.5452593,13.085272],[77.542977,13.0873574],[77.5407679,13.089918],[77.5402549,13.0891197],[77.5386786,13.0865517],[77.5379535,13.0857606],[77.5368929,13.0838029],[77.5343997,13.0836454],[77.5306294,13.0826479],[77.5299461,13.0821283],[77.5295265,13.0787715],[77.5302281,13.0785964],[77.5303602,13.0781897],[77.5319808,13.0786715],[77.5343423,13.0787327],[77.5360468,13.078273],[77.5368084,13.0782022]]]},"properties":{"ward_key":"ward_369_final.267","ward_no":8,"ward_name":"Singapura","ward_name_kn":"ಸಿಂಗಾಪುರ","corporation":"North"}},{"type":"Feature","geometry":{"type":"Polygon","coordinates":[[[77.5666782,13.1187549],[77.569261,13.1184972],[77.5741996,13.1184704],[77.5741929,13.11654],[77.5748766,13.1165384],[77.5748924,13.1161701],[77.5782659,13.1164512],[77.5794711,13.113587],[77.5797173,13.111642],[77.5812879,13.1071634],[77.5846106,13.1036176],[77.5878039,13.1041912],[77.5902224,13.1049252],[77.5915539,13.1048322],[77.5919335,13.1039962],[77.5937987,13.104339],[77.5956686,13.1043264],[77.5962593,13.1041769],[77.5959231,13.1055333],[77.5944012,13.1087519],[77.5933107,13.1102967],[77.5900726,13.1127904],[77.5885785,13.112921],[77.5878175,13.112471],[77.586973,13.1146489],[77.585605,13.1262668],[77.5861129,13.1298185],[77.5854874,13.1320249],[77.5851529,13.1318339],[77.5848641,13.1324575],[77.5851949,13.1327667],[77.5841248,13.1345387],[77.5840111,13.1351174],[77.583697,13.1355818],[77.5823569,13.1401927],[77.5799114,13.1426196],[77.577793,13.1423037],[77.5743223,13.1414582],[77.5743637,13.1412858],[77.5738905,13.1411412],[77.573836,13.1376195],[77.5733514,13.1360734],[77.5723844,13.1362518],[77.5722271,13.1358974],[77.5719113,13.1359732],[77.5713166,13.1332958],[77.5695954,13.1250289],[77.5655565,13.1259629],[77.5631928,13.1205025],[77.5625536,13.1165481],[77.5641735,13.1157622],[77.5658433,13.1152841],[77.5665544,13.1175455],[77.5666782,13.1187549]]]},"properties":{"ward_key":"ward_369_final.268","ward_no":1,"ward_name":"Raja Kempegowda Ward","ward_name_kn":"ರಾಜಾ ಕೆಂಪೇಗೌಡ ವಾರ್ಡ್","corporation":"North"}},{"type":"Feature","geometry":{"type":"Polygon","coordinates":[[[77.5374656,12.9495381],[77.5383177,12.9502305],[77.5384069,12.950862],[77.5376762,12.950442],[77.5366225,12.9532747],[77.5358704,12.9540514],[77.5345308,12.9530482],[77.5306519,12.9516401],[77.5296369,12.9509032],[77.5266029,12.9462918],[77.5264378,12.9458736],[77.5279151,12.9454751],[77.5279754,12.9452721],[77.5295576,12.9445625],[77.5339985,12.9370894],[77.5345084,12.936269],[77.5392358,12.9336678],[77.5405334,12.9376198],[77.5393418,12.9379126],[77.5387247,12.9418397],[77.538649,12.9435163],[77.5433024,12.9432789],[77.5433885,12.9443929],[77.5429621,12.9444145],[77.5429581,12.9447543],[77.5414829,12.9448619],[77.5415542,12.9445483],[77.5410077,12.9444495],[77.5409205,12.9448197],[77.5394661,12.9445385],[77.5394196,12.9452902],[77.5374219,12.9454516],[77.5381472,12.9481022],[77.5374307,12.9488427],[77.5374656,12.9495381]]]},"properties":{"ward_key":"ward_369_final.269","ward_no":94,"ward_name":"Deepanjali Nagara","ward_name_kn":"ದೀಪಾಂಜಲಿ ನಗರ","corporation":"West"}},{"type":"Feature","geometry":{"type":"Polygon","coordinates":[[[77.6862903,13.0207673],[77.6860914,13.0179123],[77.686731,13.0178525],[77.6867218,13.0172947],[77.6836616,13.0176012],[77.6832605,13.0161264],[77.685595,13.0158783],[77.6857141,13.0150284],[77.6858527,13.014862],[77.6852878,13.0133391],[77.6865087,13.0118106],[77.686935,13.0114749],[77.6864008,13.0110137],[77.6857562,13.0110135],[77.6853322,13.0113202],[77.682795,13.0112297],[77.6816411,13.0107745],[77.6809927,13.010872],[77.6821639,13.009876],[77.685021,13.0051109],[77.6905508,13.0078021],[77.6929476,13.0082198],[77.693479,13.0113122],[77.6937687,13.0122855],[77.6961015,13.0117606],[77.6967199,13.012279],[77.6974159,13.0158269],[77.697507,13.0160818],[77.6958103,13.0162848],[77.6953841,13.0161719],[77.6966036,13.0182941],[77.6968654,13.0183997],[77.6970355,13.0198142],[77.6969588,13.0215036],[77.6970912,13.0223518],[77.69634,13.0227429],[77.6963956,13.0269171],[77.6942847,13.0266286],[77.6886556,13.0220309],[77.6873216,13.021799],[77.6873275,13.0210557],[77.6862903,13.0207673]]]},"properties":{"ward_key":"ward_369_final.27","ward_no":8,"ward_name":"T.C Palya","ward_name_kn":"ಟಿ ಸಿ ಪಾಳ್ಯ","corporation":"East"}},{"type":"Feature","geometry":{"type":"Polygon","coordinates":[[[77.599782,12.8633419],[77.5987959,12.864153],[77.5982018,12.8656851],[77.598015,12.8656769],[77.5969979,12.8629034],[77.5973423,12.8627403],[77.5969916,12.8618582],[77.596101,12.8621811],[77.595283,12.8635881],[77.594998,12.8637133],[77.5949544,12.8634894],[77.5941926,12.863634],[77.5940369,12.8631613],[77.5934085,12.8632948],[77.5940146,12.8656719],[77.5945206,12.8652493],[77.5955382,12.8670009],[77.5943705,12.8673151],[77.5945012,12.8678016],[77.5925494,12.8682687],[77.5905948,12.8623428],[77.5940939,12.8618933],[77.5940834,12.8606001],[77.5937175,12.8606111],[77.5932889,12.8589126],[77.5925253,12.8591302],[77.5923735,12.8586897],[77.5903628,12.858923],[77.5890261,12.8585079],[77.5882685,12.8510321],[77.5881501,12.8471344],[77.5876107,12.847145],[77.5873694,12.8468221],[77.58629,12.8455652],[77.5857232,12.845564],[77.5853907,12.8452007],[77.5851058,12.8453431],[77.5844353,12.8443464],[77.5834625,12.844454],[77.5825469,12.8425582],[77.5818515,12.8424309],[77.5816375,12.8407802],[77.5787959,12.8382785],[77.5816506,12.8372853],[77.581993,12.83695],[77.5820121,12.8364527],[77.5842109,12.835032],[77.5870611,12.8335234],[77.5896239,12.8354476],[77.590563,12.8355888],[77.5907587,12.8348378],[77.5915303,12.8345839],[77.592746,12.8372316],[77.5934974,12.8395737],[77.5939871,12.84036],[77.5943809,12.8450077],[77.5945788,12.8465212],[77.595609,12.8491909],[77.5988514,12.8481064],[77.6001874,12.8479122],[77.6005473,12.8481243],[77.6026718,12.8483981],[77.6044727,12.8481733],[77.6070844,12.8474716],[77.6092212,12.8460657],[77.6090785,12.8505533],[77.6090996,12.8512683],[77.6089514,12.8512709],[77.6095343,12.8548719],[77.6045891,12.8538533],[77.6048613,12.8559495],[77.6049683,12.8571066],[77.6048381,12.8578846],[77.6054284,12.8579406],[77.6052404,12.8597079],[77.6062413,12.8597881],[77.6062682,12.8609244],[77.5997221,12.8616853],[77.599782,12.8633419]]]},"properties":{"ward_key":"ward_369_final.270","ward_no":38,"ward_name":"Doddakammanahalli","ward_name_kn":"ದೊಡ್ಡಕಮ್ಮನಹಳ್ಳಿ","corporation":"South"}},{"type":"Feature","geometry":{"type":"Polygon","coordinates":[[[77.5510529,13.0634881],[77.5508583,13.0622462],[77.5513128,13.0621888],[77.551687,13.0625795],[77.5556674,13.0619456],[77.555212,13.0635621],[77.5561148,13.0636611],[77.5560597,13.0642493],[77.5558644,13.0642529],[77.5565516,13.0662733],[77.5575019,13.0659296],[77.5576094,13.0662462],[77.5599583,13.0656197],[77.5605115,13.0688206],[77.5617671,13.0690362],[77.5621677,13.0713354],[77.5633392,13.0710775],[77.5635359,13.0723102],[77.5656047,13.0719594],[77.5658538,13.0731572],[77.5665095,13.073061],[77.5676374,13.0753472],[77.5646349,13.0768418],[77.5639132,13.0772249],[77.5639327,13.0781701],[77.5626091,13.0797993],[77.5648346,13.0841854],[77.5634504,13.085641],[77.5630596,13.0861859],[77.5603935,13.0840698],[77.5616694,13.0812123],[77.5597208,13.0815085],[77.558819,13.0781245],[77.5593133,13.0779614],[77.5587388,13.0764766],[77.55835,13.0766218],[77.5571765,13.0739427],[77.5535885,13.0754888],[77.5518158,13.0716808],[77.5553693,13.0701811],[77.5534927,13.0664134],[77.5530263,13.0664383],[77.5519867,13.0631985],[77.5510529,13.0634881]]]},"properties":{"ward_key":"ward_369_final.271","ward_no":10,"ward_name":"Vidyaranyapura","ward_name_kn":"ವಿದ್ಯಾರಣ್ಯಪುರ","corporation":"North"}},{"type":"Feature","geometry":{"type":"Polygon","coordinates":[[[77.5052863,12.9941914],[77.5069185,12.9940278],[77.5071917,12.9950928],[77.5084218,12.9947116],[77.508213,12.9927013],[77.5138636,12.9941528],[77.5160299,12.9951376],[77.520864,12.9972497],[77.528074,12.9990556],[77.5278272,12.9996789],[77.5261757,13.0004617],[77.5263076,13.0007382],[77.5238471,13.0017391],[77.5234959,13.0016857],[77.5236665,13.002341],[77.5213269,13.0030838],[77.5213541,13.0035445],[77.521026,13.0035768],[77.5209956,13.0032983],[77.5201825,13.0034068],[77.5198996,13.0024174],[77.5179273,13.0021389],[77.5181251,13.00074],[77.5184406,13.0000446],[77.5190698,13.0000216],[77.5193429,12.9987247],[77.518861,12.9985633],[77.519031,12.9974888],[77.5183639,12.9971192],[77.5174104,12.9972425],[77.5174633,12.9985498],[77.5177047,12.9986785],[77.5160199,12.9990889],[77.5152488,12.9995978],[77.5151865,13.0002749],[77.5146108,13.0005775],[77.513728,13.0001095],[77.5133005,13.0000357],[77.5127883,12.9979502],[77.5106484,12.9983944],[77.5103709,12.9974891],[77.5060443,12.9988884],[77.5050011,12.9952981],[77.5046018,12.9951596],[77.5040736,12.9952113],[77.5042771,12.9943112],[77.5044651,12.99428],[77.5046938,12.9918723],[77.5051457,12.9919786],[77.5052013,12.9928689],[77.5057979,12.9928021],[77.5058449,12.9932346],[77.5064387,12.993143],[77.5065172,12.9935897],[77.5052594,12.9937503],[77.5052863,12.9941914]]]},"properties":{"ward_key":"ward_369_final.272","ward_no":29,"ward_name":"Chowdeshwari Nagar","ward_name_kn":"ಚೌಡೇಶ್ವರಿ ನಗರ","corporation":"West"}},{"type":"Feature","geometry":{"type":"Polygon","coordinates":[[[77.6287535,13.0150816],[77.6272104,13.0145636],[77.627635,13.015369],[77.6286487,13.0211002],[77.6233459,13.0212232],[77.6233898,13.0184062],[77.6226122,13.0158574],[77.620704,13.0114938],[77.6208151,13.009958],[77.6217917,13.0086924],[77.6226045,13.0082878],[77.6244651,13.010744],[77.6256393,13.0120919],[77.6270943,13.0117592],[77.6266855,13.0095964],[77.6274559,13.0094556],[77.6273769,13.0083756],[77.6299922,13.0075898],[77.6304705,13.0076393],[77.6307194,13.0082138],[77.6314546,13.0091821],[77.6301006,13.0101756],[77.6300691,13.0112611],[77.6296758,13.011372],[77.6295026,13.0117445],[77.6286754,13.0119847],[77.6287535,13.0150816]]]},"properties":{"ward_key":"ward_369_final.273","ward_no":29,"ward_name":"Lingarajpura","ward_name_kn":"ಲಿಂಗರಾಜಪುರ","corporation":"North"}},{"type":"Feature","geometry":{"type":"Polygon","coordinates":[[[77.6298014,13.0176931],[77.6287535,13.0150816],[77.6286754,13.0119847],[77.6296373,13.0116487],[77.6303797,13.0117092],[77.6302668,13.0129218],[77.6317085,13.012979],[77.6318733,13.0105516],[77.6329954,13.0107325],[77.6328992,13.0117493],[77.6352138,13.0118672],[77.6351737,13.0108768],[77.6386922,13.0106719],[77.6387758,13.0112283],[77.6396059,13.0111138],[77.6395761,13.0115116],[77.6411623,13.0116004],[77.6419319,13.01183],[77.641786,13.0140913],[77.6392976,13.0140442],[77.6393981,13.0160783],[77.6384805,13.0162632],[77.6385346,13.0166241],[77.6363059,13.0172129],[77.6359184,13.0151216],[77.6350045,13.0152652],[77.6352765,13.0163402],[77.6298014,13.0176931]]]},"properties":{"ward_key":"ward_369_final.274","ward_no":33,"ward_name":"HRBR Layout","ward_name_kn":"ಹೆಚ್‌ಆರ್‌ಬಿಆರ್ ಲೇಔಟ್","corporation":"North"}},{"type":"Feature","geometry":{"type":"Polygon","coordinates":[[[77.6272104,13.0145636],[77.6287535,13.0150816],[77.6298014,13.0176931],[77.6352765,13.0163402],[77.6350045,13.0152652],[77.6359184,13.0151216],[77.6369216,13.0201275],[77.6372168,13.0227726],[77.6400532,13.0218134],[77.6403458,13.0246904],[77.6398809,13.0248825],[77.639937,13.0257746],[77.6349739,13.0268843],[77.6319692,13.0281525],[77.6312475,13.0291995],[77.6303028,13.0294759],[77.6288789,13.0299185],[77.626774,13.0224924],[77.6262481,13.0211652],[77.6286487,13.0211002],[77.6274457,13.0148698],[77.6272104,13.0145636]]]},"properties":{"ward_key":"ward_369_final.275","ward_no":30,"ward_name":"Kacharakanahalli","ward_name_kn":"ಕಾಚರಕನಹಳ್ಳಿ","corporation":"North"}},{"type":"Feature","geometry":{"type":"Polygon","coordinates":[[[77.6212301,13.0350267],[77.6216979,13.0361845],[77.6222907,13.037064],[77.6224077,13.0375866],[77.6233686,13.0374578],[77.6234705,13.0382592],[77.6225046,13.0383487],[77.6223898,13.0385509],[77.6219522,13.0385553],[77.6218587,13.0390577],[77.6214952,13.0392398],[77.621392,13.0387835],[77.6203405,13.039125],[77.6200527,13.0391369],[77.6202461,13.0400057],[77.6182356,13.0409305],[77.6168283,13.0410058],[77.6140817,13.0419719],[77.612001,13.0425271],[77.6113553,13.0399916],[77.6102957,13.03813],[77.6107021,13.0364121],[77.6108268,13.0366816],[77.6117468,13.0364915],[77.6117006,13.0359684],[77.61187,13.0359313],[77.6119166,13.0361477],[77.6136988,13.035808],[77.6135101,13.0347986],[77.6131483,13.0333994],[77.6139927,13.0331168],[77.6144856,13.0343005],[77.6218212,13.0320336],[77.6228077,13.0345861],[77.6212301,13.0350267]]]},"properties":{"ward_key":"ward_369_final.276","ward_no":22,"ward_name":"Nagavara","ward_name_kn":"ನಾಗವಾರ","corporation":"North"}},{"type":"Feature","geometry":{"type":"Polygon","coordinates":[[[77.6379003,12.9799742],[77.6407756,12.9800127],[77.6412267,12.9701943],[77.6474426,12.9704473],[77.6477581,12.9688722],[77.6504281,12.9684181],[77.650906,12.9700104],[77.6506609,12.9724893],[77.6493221,12.9723831],[77.6473928,12.9731054],[77.6469663,12.9731241],[77.6468483,12.9749997],[77.6479845,12.9750271],[77.6480359,12.9743857],[77.6487579,12.9746015],[77.6513373,12.973571],[77.6517672,12.975684],[77.652084,12.9756185],[77.6521891,12.9760534],[77.652595,12.9762556],[77.6533886,12.9754297],[77.6542369,12.9757445],[77.6557592,12.9739219],[77.6567723,12.9746624],[77.6542278,12.9774721],[77.6505568,12.9815929],[77.648204,12.9856923],[77.6479347,12.9868514],[77.6424363,12.9847637],[77.6435489,12.9915446],[77.6317923,12.9938128],[77.630899,12.9893936],[77.6310219,12.9887424],[77.6328093,12.9891206],[77.6337187,12.9872101],[77.6340357,12.9869889],[77.634559,12.9870605],[77.6355274,12.9876548],[77.6367899,12.9874328],[77.63625,12.9857817],[77.634616,12.9842142],[77.6348086,12.9824674],[77.6374062,12.9828658],[77.6377897,12.9820331],[77.6379003,12.9799742]]]},"properties":{"ward_key":"ward_369_final.277","ward_no":15,"ward_name":"Indiranagar","ward_name_kn":"ಇಂದಿರಾನಗರ","corporation":"Central"}},{"type":"Feature","geometry":{"type":"Polygon","coordinates":[[[77.6941984,12.9984275],[77.6941257,12.9999405],[77.6993316,12.9998205],[77.700072,13.0053102],[77.700189,13.0062169],[77.6977499,13.0073382],[77.6952324,13.0026627],[77.6928425,13.0028246],[77.6924843,13.0081747],[77.6905508,13.0078021],[77.685021,13.0051109],[77.6823265,13.0036167],[77.6834054,13.0016613],[77.6831867,13.000547],[77.6864965,13.0001832],[77.689215,12.9979061],[77.6937451,12.9961203],[77.6941984,12.9984275]]]},"properties":{"ward_key":"ward_369_final.278","ward_no":13,"ward_name":"Devasandra","ward_name_kn":"ದೇವಸಂದ್ರ","corporation":"East"}},{"type":"Feature","geometry":{"type":"Polygon","coordinates":[[[77.5808116,13.0912602],[77.5791656,13.0851385],[77.5844648,13.083631],[77.5829104,13.0781841],[77.5831377,13.0781096],[77.5900918,13.0760693],[77.5937123,13.0848131],[77.5939681,13.0873833],[77.5947979,13.0872175],[77.5962321,13.0911095],[77.5962626,13.0935778],[77.5953885,13.09642],[77.5943341,13.0950721],[77.5923182,13.0971885],[77.5913461,13.0939012],[77.5909551,13.0931281],[77.5901464,13.0925401],[77.5897496,13.0934772],[77.5889321,13.0930564],[77.5859712,13.0926963],[77.5825634,13.0934968],[77.5803126,13.0947766],[77.5794771,13.095496],[77.5784622,13.0944644],[77.5787134,13.0942371],[77.5784336,13.0937912],[77.5785494,13.0935682],[77.5789363,13.0936032],[77.5789089,13.0927097],[77.5792971,13.0925306],[77.5791905,13.0923819],[77.5803963,13.0917933],[77.5808116,13.0912602]]]},"properties":{"ward_key":"ward_369_final.279","ward_no":4,"ward_name":"Nyayanga Badavane","ward_name_kn":"ನ್ಯಾಯಾಂಗ ಬಡಾವಣೆ","corporation":"North"}},{"type":"Feature","geometry":{"type":"Polygon","coordinates":[[[77.6878461,12.9389244],[77.6898208,12.9394936],[77.6897044,12.9408492],[77.6892723,12.9414258],[77.68702,12.940754],[77.6853167,12.9395037],[77.6838172,12.9389003],[77.6833183,12.9392478],[77.6808849,12.9391864],[77.6796619,12.9382955],[77.6793956,12.9366346],[77.679098,12.9361501],[77.6798919,12.9343429],[77.6802964,12.9333699],[77.6810664,12.9329031],[77.6811317,12.9317217],[77.6810543,12.9313161],[77.6794737,12.9308191],[77.6784614,12.9303769],[77.6777358,12.9300967],[77.6762366,12.9300066],[77.6759074,12.9305229],[77.6759637,12.9310025],[77.6755645,12.9310912],[77.6755839,12.9319459],[77.6730371,12.9309758],[77.6689304,12.9309855],[77.6680446,12.9312394],[77.6677817,12.9288158],[77.668496,12.9286816],[77.6690128,12.9261228],[77.6688712,12.9234479],[77.6695798,12.9234162],[77.6695275,12.9227739],[77.6710726,12.923425],[77.6711192,12.9230684],[77.6731546,12.9229105],[77.6755729,12.9225853],[77.676169,12.9258022],[77.68524,12.930213],[77.690475,12.9348973],[77.6900421,12.9356674],[77.6880356,12.9355592],[77.688091,12.9367843],[77.6860747,12.9370947],[77.6868334,12.9379024],[77.6878646,12.9381685],[77.6878461,12.9389244]]]},"properties":{"ward_key":"ward_369_final.28","ward_no":47,"ward_name":"Bellanduru","ward_name_kn":"ಬೆಳ್ಳಂದೂರು","corporation":"East"}},{"type":"Feature","geometry":{"type":"Polygon","coordinates":[[[77.5927567,13.0496111],[77.5908775,13.045426],[77.5903436,13.0426323],[77.5900241,13.041621],[77.5931943,13.0410494],[77.5967531,13.0412339],[77.6075587,13.0407893],[77.6094437,13.0396495],[77.6103349,13.0383012],[77.6116168,13.0406553],[77.612001,13.0425271],[77.6140817,13.0419719],[77.6168283,13.0410058],[77.6184801,13.0409552],[77.6202461,13.0400057],[77.6200527,13.0391369],[77.620776,13.0390257],[77.621392,13.0387835],[77.6214952,13.0392398],[77.6218587,13.0390577],[77.6219522,13.0385553],[77.6225194,13.0384909],[77.6225046,13.0383487],[77.623534,13.0383202],[77.6254408,13.0429049],[77.6272025,13.0451941],[77.6274488,13.0454513],[77.6269202,13.0458682],[77.6271514,13.047823],[77.6272446,13.0480418],[77.6268407,13.0482534],[77.6273395,13.049836],[77.628076,13.0496616],[77.6284383,13.0506817],[77.6260759,13.0508713],[77.6264113,13.0520064],[77.6250469,13.0523377],[77.6270306,13.0558472],[77.6276264,13.0572932],[77.6262347,13.0575769],[77.6255171,13.0552558],[77.6240325,13.0553726],[77.6225344,13.055568],[77.6199692,13.0557302],[77.6191129,13.0548142],[77.6187131,13.0541746],[77.616434,13.0542441],[77.6163536,13.0538619],[77.6156199,13.0539335],[77.6154506,13.0532576],[77.6128101,13.0537665],[77.6124699,13.0531505],[77.6118844,13.053263],[77.6118785,13.0536716],[77.611255,13.0538061],[77.6111462,13.0534355],[77.6070912,13.0543965],[77.6070197,13.0538961],[77.6071859,13.0538694],[77.6069887,13.0519901],[77.6062143,13.0526389],[77.6020131,13.0540774],[77.6019074,13.0535503],[77.5990856,13.054094],[77.5989115,13.0533615],[77.5979861,13.0535209],[77.5975372,13.0500472],[77.5969411,13.0491817],[77.595241,13.0492524],[77.5950821,13.0490669],[77.5934085,13.0493318],[77.5927567,13.0496111]]]},"properties":{"ward_key":"ward_369_final.280","ward_no":18,"ward_name":"Kempapura","ward_name_kn":"ಕೆಂಪಾಪುರ","corporation":"North"}},{"type":"Feature","geometry":{"type":"Polygon","coordinates":[[[77.5434953,12.9584969],[77.5439939,12.9597477],[77.5440251,12.9610748],[77.5420922,12.9620984],[77.542983,12.9634484],[77.5423331,12.9634504],[77.5423755,12.9642591],[77.5435413,12.9643563],[77.5442422,12.9658739],[77.5433931,12.9661702],[77.5431692,12.9655262],[77.5428503,12.9656342],[77.5432937,12.9669348],[77.5436086,12.9668209],[77.5438471,12.967581],[77.5431565,12.9678343],[77.5430254,12.9674758],[77.542385,12.9677195],[77.5430291,12.9691896],[77.5434712,12.9691045],[77.5436474,12.9696515],[77.5421264,12.9701284],[77.5425955,12.9720433],[77.5410325,12.9725847],[77.5413272,12.9736253],[77.5388314,12.9730079],[77.537903,12.9722788],[77.5366675,12.9687881],[77.5388034,12.9681713],[77.5385644,12.96687],[77.5390996,12.9667144],[77.539099,12.9664278],[77.5407429,12.9657657],[77.5405519,12.964354],[77.5410267,12.9642668],[77.5404807,12.961494],[77.5406605,12.9606395],[77.5410821,12.9602958],[77.5409451,12.9600979],[77.5415539,12.9594567],[77.5415885,12.9584889],[77.5419135,12.9584432],[77.5420541,12.9589668],[77.5434953,12.9584969]]]},"properties":{"ward_key":"ward_369_final.281","ward_no":84,"ward_name":"Hosahalli","ward_name_kn":"ಹೊಸಹಳ್ಳಿ","corporation":"West"}},{"type":"Feature","geometry":{"type":"GeometryCollection","geometries":[{"type":"LineString","coordinates":[[77.6549102,12.8800648],[77.6549851,12.8805735]]},{"type":"Polygon","coordinates":[[[77.6377737,12.888313],[77.6395504,12.8866037],[77.6382304,12.8837014],[77.6375748,12.8837019],[77.6369592,12.8799576],[77.6377896,12.8787985],[77.6397431,12.8759071],[77.6401382,12.8743425],[77.6402249,12.8725692],[77.6413014,12.8719228],[77.6491468,12.8704156],[77.6506289,12.8704043],[77.6531901,12.8695355],[77.6554825,12.8697412],[77.6554473,12.8690575],[77.6566445,12.8690172],[77.6566447,12.8695784],[77.657123,12.869586],[77.657139,12.8689737],[77.6576696,12.8689808],[77.6576358,12.8706852],[77.6551522,12.8731586],[77.6541492,12.8736631],[77.6547198,12.8768056],[77.6549102,12.8800648],[77.6539035,12.8803904],[77.6535693,12.8810392],[77.6529552,12.8804373],[77.6538051,12.8788223],[77.6528854,12.8783217],[77.6540052,12.876476],[77.6543673,12.8766815],[77.654206,12.875663],[77.6517047,12.8742111],[77.6500882,12.8742727],[77.6468792,12.8779216],[77.6403268,12.8884738],[77.6377737,12.888313]]]}]},"properties":{"ward_key":"ward_369_final.282","ward_no":66,"ward_name":"Singasandra","ward_name_kn":"ಸಿಂಗಸಂದ್ರ","corporation":"South"}},{"type":"Feature","geometry":{"type":"Polygon","coordinates":[[[77.5969787,13.0143919],[77.5956901,13.012188],[77.5953914,13.0113824],[77.6084595,13.005101],[77.6083579,13.0049019],[77.6102028,13.0041795],[77.6113327,13.0059327],[77.6106331,13.0060954],[77.610915,13.0076723],[77.6107942,13.0088498],[77.610161,13.0092706],[77.6065249,13.0094555],[77.6070959,13.0113534],[77.6045182,13.0122934],[77.6037295,13.0126028],[77.6037255,13.0138087],[77.6038531,13.0145077],[77.6043953,13.0144543],[77.6045754,13.0152142],[77.6057521,13.0151908],[77.6072908,13.0152176],[77.6072467,13.0155262],[77.6066788,13.0155608],[77.6068446,13.0171297],[77.6052305,13.0173972],[77.6053713,13.0184017],[77.6048869,13.0184652],[77.6050299,13.0192917],[77.6045661,13.0193687],[77.6047109,13.0215061],[77.6024228,13.0221521],[77.604265,13.0273563],[77.60049,13.0278349],[77.5997322,13.0277324],[77.6000647,13.0267563],[77.6006646,13.0262463],[77.6004795,13.0253357],[77.6000464,13.0237918],[77.5999045,13.0235106],[77.6009439,13.0229923],[77.5993743,13.0190894],[77.5982336,13.0173911],[77.5976677,13.0159544],[77.5969787,13.0143919]]]},"properties":{"ward_key":"ward_369_final.283","ward_no":43,"ward_name":"Varalakshmi Nagar","ward_name_kn":"ವರಲಕ್ಷ್ಮಿ ನಗರ","corporation":"North"}},{"type":"Feature","geometry":{"type":"Polygon","coordinates":[[[77.5734985,12.9133128],[77.5733193,12.9134143],[77.5729098,12.9114252],[77.5729634,12.909096],[77.5732581,12.9064799],[77.5754883,12.9064557],[77.5754579,12.9050567],[77.5769057,12.9038951],[77.5772352,12.9038692],[77.5769264,12.9050705],[77.5769108,12.9052843],[77.5786959,12.9053681],[77.5786646,12.904954],[77.579689,12.9047135],[77.5796677,12.9045398],[77.5803265,12.904359],[77.5803899,12.9064263],[77.5830505,12.9063571],[77.5830374,12.9070864],[77.5820267,12.9070882],[77.5820319,12.9084496],[77.5806433,12.9084848],[77.5806167,12.9093965],[77.5817554,12.9093804],[77.5817918,12.9106199],[77.5790981,12.9108581],[77.5791673,12.9114506],[77.579004,12.9115851],[77.5790962,12.9121622],[77.5746374,12.9124822],[77.5745825,12.9130178],[77.5739851,12.9125135],[77.5735114,12.9125292],[77.5734985,12.9133128]]]},"properties":{"ward_key":"ward_369_final.284","ward_no":16,"ward_name":"Sarakki","ward_name_kn":"ಸಾರಕ್ಕಿ","corporation":"South"}},{"type":"Feature","geometry":{"type":"Polygon","coordinates":[[[77.5735114,12.9125292],[77.5741415,12.9124747],[77.5745825,12.9130178],[77.5746374,12.9124822],[77.5790962,12.9121622],[77.579004,12.9115851],[77.5791256,12.9111857],[77.5790981,12.9108581],[77.5817918,12.9106199],[77.5817554,12.9093804],[77.5806167,12.9093965],[77.5806433,12.9084848],[77.5820319,12.9084496],[77.5820267,12.9070882],[77.5830374,12.9070864],[77.5830505,12.9063571],[77.5803899,12.9064263],[77.5802966,12.9041293],[77.5817577,12.9038642],[77.5817297,12.9055685],[77.5849529,12.9051663],[77.584978,12.9046647],[77.5864361,12.9046445],[77.5864797,12.9055763],[77.5880484,12.9055456],[77.5881184,12.9050819],[77.5900555,12.9048165],[77.5902339,12.9057114],[77.5914703,12.905602],[77.5914611,12.9054361],[77.5934084,12.9052722],[77.5935623,12.90557],[77.5938944,12.9039342],[77.5949497,12.9039047],[77.59506,12.9090055],[77.5932985,12.9090302],[77.5933177,12.9101392],[77.5857036,12.910568],[77.5858381,12.9170954],[77.5779342,12.9173352],[77.5766385,12.9176123],[77.5736165,12.917674],[77.5733193,12.9134143],[77.5735666,12.9128847],[77.5735114,12.9125292]]]},"properties":{"ward_key":"ward_369_final.285","ward_no":15,"ward_name":"Shakambarinagara","ward_name_kn":"ಶಾಕಂಭರಿನಗರ","corporation":"South"}},{"type":"Feature","geometry":{"type":"GeometryCollection","geometries":[{"type":"LineString","coordinates":[[77.6080567,13.0945318],[77.6078598,13.0944525]]},{"type":"Polygon","coordinates":[[[77.6334722,13.0626228],[77.6382191,13.0618142],[77.6387274,13.066645],[77.6395273,13.0696897],[77.6394909,13.0749354],[77.6383086,13.0751598],[77.6398061,13.0767639],[77.6414199,13.0772159],[77.6422985,13.0781566],[77.644461,13.0821253],[77.6436423,13.0826587],[77.6435569,13.0829878],[77.6425765,13.0834281],[77.6418373,13.0818892],[77.6387586,13.083347],[77.63464,13.0839362],[77.6358743,13.0926027],[77.6359399,13.0960058],[77.6351772,13.0968329],[77.6345821,13.0952264],[77.6328625,13.0957683],[77.6334615,13.0970232],[77.6315028,13.0979879],[77.6319802,13.0990874],[77.6297629,13.1000401],[77.6292203,13.0988598],[77.6253005,13.0981106],[77.6251222,13.0983228],[77.6241558,13.0980699],[77.6232595,13.0986044],[77.6172959,13.09793],[77.6140527,13.0974222],[77.6113273,13.0974187],[77.6106788,13.0977266],[77.6075251,13.0981921],[77.607318,13.0972756],[77.6078226,13.09476],[77.6080567,13.0945318],[77.6099815,13.0906255],[77.6121428,13.087828],[77.6126168,13.0873181],[77.6136168,13.082732],[77.6148454,13.0802308],[77.614426,13.0801207],[77.6139925,13.081105],[77.6118599,13.0820611],[77.6111741,13.0792561],[77.610475,13.0790001],[77.6188483,13.0719447],[77.6188922,13.0735605],[77.6227037,13.0731588],[77.6231213,13.0746915],[77.6242766,13.0745433],[77.6241539,13.0740986],[77.6265615,13.0738379],[77.6264844,13.072858],[77.628282,13.0726243],[77.6282348,13.0721736],[77.6300458,13.0719887],[77.6300557,13.0698792],[77.6311428,13.0699371],[77.6311115,13.0678523],[77.6336318,13.0675903],[77.6334722,13.0626228]]]}]},"properties":{"ward_key":"ward_369_final.286","ward_no":20,"ward_name":"Sampigehalli","ward_name_kn":"ಸಂಪಿಗೆಹಳ್ಳಿ","corporation":"North"}},{"type":"Feature","geometry":{"type":"Polygon","coordinates":[[[77.5653745,12.9173074],[77.5648509,12.9167614],[77.5658515,12.9142409],[77.5681718,12.9112178],[77.5691998,12.9124326],[77.5694417,12.9124161],[77.5700168,12.9145338],[77.570277,12.9148256],[77.570178,12.9156462],[77.5695604,12.9155151],[77.5686514,12.9177359],[77.5687144,12.9181502],[77.5682155,12.9182771],[77.5660655,12.9187964],[77.5653745,12.9173074]]]},"properties":{"ward_key":"ward_369_final.287","ward_no":3,"ward_name":"Kumaraswamy Layout","ward_name_kn":"ಕುಮಾರಸ್ವಾಮಿ ಲೇಔಟ್","corporation":"South"}},{"type":"Feature","geometry":{"type":"Polygon","coordinates":[[[77.5110644,13.0696348],[77.5127423,13.0686958],[77.5159115,13.0675507],[77.5184177,13.0715871],[77.5221536,13.070974],[77.524587,13.0710288],[77.5254865,13.0711757],[77.5255781,13.0717233],[77.5235972,13.0725065],[77.524171,13.0748053],[77.5254507,13.0734799],[77.5259664,13.0760409],[77.5267334,13.0759545],[77.5265681,13.0765902],[77.5301017,13.076121],[77.5303506,13.0782507],[77.5302281,13.0785964],[77.5294395,13.0788774],[77.5300982,13.0822386],[77.5311967,13.0829179],[77.53507,13.0837964],[77.5368929,13.0838029],[77.5379535,13.0857606],[77.5394815,13.0877137],[77.540713,13.0899734],[77.5394625,13.0900067],[77.5354396,13.0901963],[77.5343941,13.0921371],[77.5237786,13.093068],[77.5234695,13.0851696],[77.5234452,13.0818271],[77.5230952,13.080891],[77.522067,13.0803522],[77.521256,13.0803321],[77.5208825,13.0791509],[77.5195015,13.0793462],[77.5189518,13.0795576],[77.5182898,13.075899],[77.5179571,13.0741809],[77.5144422,13.075356],[77.5142885,13.0751585],[77.5112845,13.0758773],[77.5110927,13.0757591],[77.5090708,13.0774604],[77.5088377,13.0778339],[77.5082366,13.0776344],[77.5071256,13.0779771],[77.5060097,13.077422],[77.5053301,13.0768236],[77.5044811,13.0759981],[77.5037582,13.0752067],[77.5026724,13.0745751],[77.5014332,13.0728447],[77.4995979,13.0720321],[77.505111,13.0638405],[77.5052207,13.0635686],[77.5089054,13.0637522],[77.5092113,13.0637552],[77.5090281,13.0647892],[77.5094539,13.0647956],[77.5098221,13.0671607],[77.510041,13.0678306],[77.5102562,13.0678375],[77.5103224,13.068304],[77.5109107,13.0684128],[77.5110644,13.0696348]]]},"properties":{"ward_key":"ward_369_final.288","ward_no":65,"ward_name":"Abbigere","ward_name_kn":"ಅಬ್ಬಿಗೆರೆ","corporation":"North"}},{"type":"Feature","geometry":{"type":"MultiPolygon","coordinates":[[[[77.6543673,12.8766815],[77.6540052,12.876476],[77.6528854,12.8783217],[77.6538051,12.8788223],[77.6521352,12.8821705],[77.6517594,12.8824989],[77.6497826,12.8831676],[77.6493468,12.8836815],[77.6493332,12.8861684],[77.6486688,12.8860821],[77.6461849,12.8855097],[77.6448947,12.8866953],[77.6438307,12.8852108],[77.6426576,12.8847087],[77.6473722,12.8771671],[77.6502285,12.874278],[77.6518444,12.8741452],[77.654206,12.875663],[77.6543673,12.8766815]]],[[[77.6423497,12.8907972],[77.6412764,12.892545],[77.6420026,12.8930004],[77.6419682,12.8932909],[77.6411297,12.8931439],[77.6413779,12.8938514],[77.6416859,12.8938989],[77.6416179,12.8943354],[77.6407443,12.8944538],[77.6408396,12.8951234],[77.6417661,12.89516],[77.6420346,12.8956496],[77.6422292,12.8956099],[77.6422763,12.8963021],[77.6398849,12.8962356],[77.6385386,12.8954044],[77.638727,12.8966244],[77.6391513,12.8973104],[77.6391735,12.8993623],[77.638618,12.8995949],[77.6356626,12.9000699],[77.6360241,12.9034584],[77.6348668,12.9035198],[77.6348678,12.9057341],[77.6351637,12.9057225],[77.6357297,12.9071019],[77.6349762,12.9072767],[77.6345315,12.9071544],[77.6338553,12.9069052],[77.6338109,12.9050918],[77.6325046,12.9051531],[77.6323968,12.9041577],[77.6322399,12.9022284],[77.6320393,12.9022794],[77.6357735,12.895875],[77.6411578,12.8871215],[77.6436078,12.8876354],[77.6438281,12.8914136],[77.6423497,12.8907972]]]]},"properties":{"ward_key":"ward_369_final.289","ward_no":67,"ward_name":"Bandepalya","ward_name_kn":"ಬಂಡೇಪಾಳ್ಯ","corporation":"South"}},{"type":"Feature","geometry":{"type":"Polygon","coordinates":[[[77.5422941,12.9738306],[77.5451636,12.9741775],[77.5477381,12.9742889],[77.548359,12.9750655],[77.5458935,12.9773542],[77.5440304,12.9782368],[77.5405073,12.9790599],[77.5348859,12.9813678],[77.5339117,12.9783837],[77.5342394,12.9782978],[77.5334025,12.9758072],[77.536833,12.9756072],[77.5394285,12.9756716],[77.5404275,12.975555],[77.5402943,12.9742892],[77.5419825,12.9746648],[77.5422941,12.9738306]]]},"properties":{"ward_key":"ward_369_final.29","ward_no":71,"ward_name":"Thimmenahalli","ward_name_kn":"ತಿಮ್ಮೇನಹಳ್ಳಿ","corporation":"West"}},{"type":"Feature","geometry":{"type":"Polygon","coordinates":[[[77.6699481,12.9768736],[77.6710347,12.9791271],[77.6700795,12.9797408],[77.6700749,12.9800338],[77.6680751,12.9789867],[77.6663,12.9778153],[77.666075,12.9761504],[77.6660293,12.9751691],[77.6640251,12.974991],[77.6614771,12.9727153],[77.6615663,12.9719789],[77.661984,12.9717872],[77.6635075,12.9715874],[77.6654062,12.9717488],[77.6661978,12.9714949],[77.6667091,12.9725033],[77.6668855,12.9725805],[77.6666609,12.9730085],[77.6669136,12.9743011],[77.666611,12.9744251],[77.6666467,12.9754016],[77.6681348,12.9755466],[77.6762487,12.9730929],[77.6781162,12.972709],[77.679345,12.9766995],[77.6793379,12.9779755],[77.6753616,12.9788112],[77.6744008,12.978886],[77.6741655,12.9782954],[77.6726862,12.9787317],[77.6718962,12.9768671],[77.671291,12.9772023],[77.6710499,12.9768206],[77.6717462,12.9764928],[77.6716273,12.9763254],[77.67112,12.9760928],[77.6705002,12.9761886],[77.6706689,12.9765771],[77.6699481,12.9768736]]]},"properties":{"ward_key":"ward_369_final.290","ward_no":18,"ward_name":"G.M Palya","ward_name_kn":"ಜಿ.ಎಂ. ಪಾಳ್ಯ","corporation":"Central"}},{"type":"Feature","geometry":{"type":"Polygon","coordinates":[[[77.5653053,13.065463],[77.5662004,13.0638539],[77.5684112,13.0630888],[77.5685312,13.0628877],[77.568179,13.062393],[77.5688293,13.0617746],[77.5706177,13.0608006],[77.5700244,13.0598308],[77.5715651,13.0586507],[77.5732627,13.0609884],[77.5757838,13.0628865],[77.5869734,13.0705342],[77.5879467,13.0715341],[77.5900918,13.0760693],[77.5829104,13.0781841],[77.5844648,13.083631],[77.5791656,13.0851385],[77.5802058,13.0890924],[77.5741745,13.0904375],[77.5702426,13.0924493],[77.5695355,13.0943807],[77.569932,13.0980647],[77.5638246,13.0976315],[77.5628493,13.0977845],[77.5613255,13.0944897],[77.5600718,13.0879995],[77.5630704,13.0861945],[77.5643589,13.0845119],[77.5648346,13.0841854],[77.5626091,13.0797993],[77.564004,13.0779401],[77.5640248,13.0770523],[77.5664555,13.0760416],[77.5676374,13.0753472],[77.5666669,13.0733539],[77.5665095,13.073061],[77.5658538,13.0731572],[77.5656047,13.0719594],[77.5635359,13.0723102],[77.5633392,13.0710775],[77.5621677,13.0713354],[77.5617671,13.0690362],[77.5606038,13.0687767],[77.563587,13.068685],[77.5650834,13.0655601],[77.5653053,13.065463]]]},"properties":{"ward_key":"ward_369_final.291","ward_no":12,"ward_name":"Thindlu","ward_name_kn":"ತಿಂಡ್ಲು","corporation":"North"}},{"type":"Feature","geometry":{"type":"Polygon","coordinates":[[[77.6487482,12.9568439],[77.6497606,12.9590863],[77.6497733,12.9596957],[77.6492051,12.9597651],[77.6479469,12.9574353],[77.645601,12.9568698],[77.6446333,12.9573092],[77.6441208,12.9568055],[77.6436228,12.9569767],[77.6436625,12.9560561],[77.6433282,12.9546638],[77.6412929,12.954698],[77.6407888,12.9533249],[77.6415918,12.9535902],[77.6425256,12.9539458],[77.6442799,12.953255],[77.6450411,12.9499972],[77.6467621,12.9476806],[77.6477773,12.9471644],[77.6490253,12.9460134],[77.6493173,12.9474446],[77.6490528,12.9483462],[77.6495438,12.9494817],[77.6515177,12.9514401],[77.652365,12.9520266],[77.652524,12.9525229],[77.6604244,12.952879],[77.6609832,12.9528691],[77.6609918,12.954328],[77.6623695,12.9542589],[77.6623866,12.9549191],[77.6617762,12.9549547],[77.6616746,12.9554175],[77.6608474,12.9554192],[77.6609849,12.9556929],[77.6633698,12.955722],[77.6630292,12.9568277],[77.6631954,12.9574521],[77.6634769,12.9589156],[77.6608501,12.9592473],[77.6596645,12.9590618],[77.6594539,12.9591192],[77.6542873,12.9594317],[77.6530071,12.9544424],[77.6511433,12.9551106],[77.6510798,12.9548617],[77.6485066,12.9556082],[77.6484695,12.9560731],[77.6489178,12.9567305],[77.6487482,12.9568439]]]},"properties":{"ward_key":"ward_369_final.292","ward_no":21,"ward_name":"Konena Agrahara","ward_name_kn":"ಕೋನೇನ ಅಗ್ರಹಾರ","corporation":"Central"}},{"type":"Feature","geometry":{"type":"Polygon","coordinates":[[[77.6498912,12.9596837],[77.6491794,12.9575554],[77.6487482,12.9568439],[77.6489178,12.9567305],[77.6484695,12.9560731],[77.6485066,12.9556082],[77.6510798,12.9548617],[77.6511433,12.9551106],[77.6530071,12.9544424],[77.6542873,12.9594317],[77.6596695,12.9592096],[77.6599163,12.9602934],[77.6601638,12.9608702],[77.6597734,12.9610256],[77.6599798,12.9616877],[77.6608204,12.9616066],[77.6610455,12.9621966],[77.6613852,12.9621452],[77.6617076,12.9629018],[77.661791,12.9642504],[77.661087,12.9641537],[77.6605608,12.964982],[77.6609366,12.9651813],[77.6612524,12.9654498],[77.6617063,12.9658163],[77.6619525,12.9662981],[77.6616454,12.966804],[77.6584628,12.9672046],[77.6579517,12.9681652],[77.6572738,12.9682444],[77.657268,12.9690538],[77.656205,12.9703773],[77.6560273,12.9695979],[77.6557519,12.969646],[77.6557724,12.9699851],[77.6538795,12.9703099],[77.6521801,12.9705367],[77.6515947,12.9681401],[77.6522658,12.968023],[77.6503678,12.9630111],[77.6504502,12.9596308],[77.6498912,12.9596837]]]},"properties":{"ward_key":"ward_369_final.293","ward_no":19,"ward_name":"Jeevan Bhimanagar","ward_name_kn":"ಜೀವನ್ ಭೀಮನಗರ","corporation":"Central"}},{"type":"Feature","geometry":{"type":"Polygon","coordinates":[[[77.6410531,12.9007382],[77.6413224,12.904056],[77.6384969,12.9059564],[77.6357297,12.9071019],[77.6351637,12.9057225],[77.6348678,12.9057341],[77.6348668,12.9035198],[77.6360241,12.9034584],[77.6356626,12.9000699],[77.638959,12.8995867],[77.6391745,12.8990853],[77.6390148,12.8969422],[77.638727,12.8966244],[77.6385386,12.8954044],[77.6401525,12.8963761],[77.6422763,12.8963021],[77.6423323,12.8964622],[77.6427406,12.8965141],[77.6428135,12.8974435],[77.6440854,12.8973659],[77.6441795,12.8991555],[77.6402298,12.8996286],[77.6403722,12.900834],[77.6410531,12.9007382]]]},"properties":{"ward_key":"ward_369_final.294","ward_no":68,"ward_name":"Mangammana Palya","ward_name_kn":"ಮಂಗಮ್ಮನ ಪಾಳ್ಯ","corporation":"South"}},{"type":"Feature","geometry":{"type":"Polygon","coordinates":[[[77.5023569,13.0047794],[77.5024085,13.0052122],[77.5021186,13.0052203],[77.502004,13.005719],[77.5014025,13.0056466],[77.5011138,13.0058138],[77.5012704,13.0061135],[77.5005388,13.0063534],[77.50082,13.0071166],[77.5020896,13.0068048],[77.5021873,13.0072414],[77.5031627,13.0068673],[77.5031997,13.0073846],[77.502105,13.0076123],[77.5022351,13.0082124],[77.5032024,13.0080733],[77.5032262,13.0087572],[77.5036302,13.0086724],[77.5037272,13.0096872],[77.5062268,13.0098934],[77.50701,13.0109783],[77.5085673,13.0117861],[77.5108261,13.0149717],[77.5115101,13.0162206],[77.5131863,13.0154747],[77.5121147,13.0134141],[77.5123053,13.0133172],[77.5117249,13.012156],[77.5123505,13.0118718],[77.5125463,13.0125732],[77.5130819,13.012294],[77.5135858,13.0135806],[77.5137888,13.0134609],[77.5139547,13.013663],[77.5150636,13.0132087],[77.5138765,13.0171157],[77.5139458,13.0177022],[77.5150774,13.0181142],[77.5138022,13.0187292],[77.5142634,13.0194949],[77.5095048,13.0224069],[77.5111103,13.0250622],[77.5093803,13.0244975],[77.5096028,13.0258452],[77.5077453,13.026011],[77.5077078,13.026949],[77.505737,13.0269531],[77.5042327,13.0259783],[77.5046121,13.023521],[77.5040834,13.0227573],[77.5027501,13.0208099],[77.5000835,13.0223977],[77.5004573,13.0235869],[77.4995117,13.0240435],[77.4995157,13.024219],[77.4990297,13.0241304],[77.4987021,13.0249204],[77.4959724,13.0233018],[77.4951354,13.0236742],[77.4948328,13.0229808],[77.4955756,13.0225652],[77.4992775,13.0138595],[77.4997627,13.0135309],[77.4998171,13.0125282],[77.4999908,13.0118773],[77.4997638,13.0115698],[77.499872,13.0092112],[77.4992233,13.0085696],[77.4985252,13.0089908],[77.4979601,13.0074712],[77.4975689,13.0038587],[77.4990886,13.0035597],[77.4989998,13.0029843],[77.4996681,13.0027498],[77.5000063,13.0039691],[77.5014097,13.0036105],[77.5016751,13.0048751],[77.5023569,13.0047794]]]},"properties":{"ward_key":"ward_369_final.295","ward_no":6,"ward_name":"Shivapura","ward_name_kn":"ಶಿವಪುರ","corporation":"West"}},{"type":"Feature","geometry":{"type":"Polygon","coordinates":[[[77.6656259,12.9815096],[77.6655571,12.9824105],[77.6650026,12.9826248],[77.664284,12.9826974],[77.6644089,12.9832953],[77.6639814,12.9837284],[77.6633292,12.9834893],[77.6622708,12.9832085],[77.6613182,12.9834633],[77.6609948,12.9839893],[77.6601594,12.9840581],[77.6586215,12.9829706],[77.6583362,12.9813677],[77.6529633,12.97917],[77.6527176,12.9790492],[77.6567723,12.9746624],[77.6557592,12.9739219],[77.6542369,12.9757445],[77.6533886,12.9754297],[77.652595,12.9762556],[77.6521891,12.9760534],[77.652084,12.9756185],[77.6517672,12.975684],[77.6513373,12.973571],[77.6487579,12.9746015],[77.6480359,12.9743857],[77.6479845,12.9750271],[77.6468483,12.9749997],[77.6469663,12.9731241],[77.6483343,12.9727418],[77.6498365,12.9723528],[77.6506609,12.9724893],[77.650906,12.9700104],[77.6504281,12.9684181],[77.6515947,12.9681401],[77.6521801,12.9705367],[77.6557724,12.9699851],[77.6557519,12.969646],[77.6560273,12.9695979],[77.656205,12.9703773],[77.6573971,12.968972],[77.6577024,12.9707119],[77.658726,12.9712489],[77.6586373,12.9714533],[77.6615182,12.9716203],[77.6615378,12.9729155],[77.6643034,12.9750883],[77.6660293,12.9751691],[77.666132,12.9774884],[77.666789,12.9781394],[77.6695367,12.9798274],[77.6700749,12.9800338],[77.6698004,12.980486],[77.6690459,12.9806521],[77.6691387,12.9813849],[77.6667175,12.9815738],[77.6656259,12.9815096]]]},"properties":{"ward_key":"ward_369_final.296","ward_no":16,"ward_name":"New Thippasandra","ward_name_kn":"ನ್ಯೂ ತಿಪ್ಪಸಂದ್ರ","corporation":"Central"}},{"type":"Feature","geometry":{"type":"Polygon","coordinates":[[[77.5345588,13.0054668],[77.5333724,13.0063371],[77.5330725,13.0064616],[77.531546,13.0054942],[77.5299035,13.0057448],[77.5295739,13.0046414],[77.5294634,13.0040844],[77.5289805,13.0034205],[77.5291391,13.0022338],[77.5278278,13.0013201],[77.5278187,12.9994053],[77.5284438,12.9988905],[77.5285499,12.9992366],[77.534378,13.0006974],[77.5365353,12.9999134],[77.5367799,12.999951],[77.5368689,13.0005245],[77.535718,13.0010274],[77.5365938,13.001237],[77.5358939,13.003473],[77.533993,13.0050274],[77.5345588,13.0054668]]]},"properties":{"ward_key":"ward_369_final.297","ward_no":42,"ward_name":"Raja Mayura Varma Ward","ward_name_kn":"ರಾಜ ಮಯೂರ ವರ್ಮಾ ವಾರ್ಡ್","corporation":"West"}},{"type":"Feature","geometry":{"type":"Polygon","coordinates":[[[77.5385398,13.0000731],[77.5378188,13.0002334],[77.5368689,13.0005245],[77.5367799,12.999951],[77.5351832,13.0003207],[77.534378,13.0006974],[77.5285499,12.9992366],[77.5284438,12.9988905],[77.528074,12.9990556],[77.5259931,12.9985437],[77.5263012,12.9980246],[77.5259086,12.9977585],[77.5255732,12.9978297],[77.5254713,12.9974867],[77.5257674,12.9973963],[77.5256423,12.9971559],[77.5272959,12.9966954],[77.5273505,12.9969759],[77.5284981,12.9966926],[77.5280379,12.9945353],[77.5289733,12.9941389],[77.5291325,12.9948681],[77.5296096,12.9946928],[77.5297278,12.9944727],[77.5301703,12.9943332],[77.5306438,12.9960546],[77.530919,12.9959837],[77.5312697,12.9970999],[77.5325312,12.9967516],[77.5327731,12.9970705],[77.5335223,12.9966694],[77.5335154,12.9952498],[77.5354302,12.9949048],[77.5355626,12.9956962],[77.5345682,12.9957421],[77.5347631,12.99656],[77.534216,12.9965473],[77.5342159,12.9970314],[77.5368562,12.9973479],[77.5365484,12.9981314],[77.5377818,12.9982439],[77.5377478,12.9995362],[77.5384422,12.9990746],[77.5385398,13.0000731]]]},"properties":{"ward_key":"ward_369_final.298","ward_no":44,"ward_name":"Shankar Mutt","ward_name_kn":"ಶಂಕರ ಮಠ","corporation":"West"}},{"type":"Feature","geometry":{"type":"Polygon","coordinates":[[[77.7034308,12.966977],[77.7052405,12.968571],[77.7056632,12.9674279],[77.7070359,12.9677901],[77.7081046,12.9656237],[77.7083745,12.9637377],[77.7136392,12.9647586],[77.7135606,12.9651631],[77.7141086,12.9652689],[77.7140697,12.9677039],[77.7169351,12.967312],[77.7171532,12.9694353],[77.7154212,12.9696027],[77.7156136,12.9733012],[77.7179501,12.9732605],[77.7182615,12.9772902],[77.7272815,12.9765113],[77.7274409,12.9802242],[77.7213831,12.9804727],[77.7170857,12.9810239],[77.7170635,12.9808715],[77.7161027,12.9809371],[77.7157673,12.9814638],[77.7149954,12.9814409],[77.7149005,12.9820364],[77.7137564,12.9825588],[77.7130575,12.9834332],[77.7123534,12.9839118],[77.713479,12.9850504],[77.7134398,12.9866372],[77.7119091,12.986826],[77.7119202,12.9872778],[77.712185,12.9873323],[77.7122943,12.9886208],[77.7115524,12.9886929],[77.7101934,12.9881278],[77.7100682,12.9848285],[77.7082921,12.984262],[77.7080371,12.9853672],[77.7072792,12.9879945],[77.7022217,12.9887657],[77.6998895,12.9895506],[77.6992553,12.9880643],[77.6987335,12.9872359],[77.6991138,12.9867561],[77.6979152,12.9862681],[77.6977629,12.9858573],[77.6973886,12.9858567],[77.6977851,12.9844886],[77.6983873,12.9839816],[77.7007085,12.9839122],[77.7009058,12.9835825],[77.7007946,12.9827253],[77.7038186,12.9807418],[77.705512,12.9800898],[77.7053008,12.9795222],[77.7062982,12.9792444],[77.7067829,12.980481],[77.7082684,12.9757868],[77.7068162,12.9751816],[77.7071423,12.9742894],[77.703769,12.974502],[77.7030982,12.9735126],[77.7001097,12.9724564],[77.6990484,12.9730518],[77.6986864,12.9730237],[77.7016498,12.9680601],[77.7021739,12.9665828],[77.7021502,12.9658194],[77.7029531,12.9665541],[77.7031927,12.9665486],[77.703305,12.9661317],[77.7035021,12.9661748],[77.7034308,12.966977]]]},"properties":{"ward_key":"ward_369_final.299","ward_no":36,"ward_name":"Bharath Aikya Ward","ward_name_kn":"ಭಾರತ್ ಐಕ್ಯ ವಾರ್ಡ್","corporation":"East"}},{"type":"Feature","geometry":{"type":"GeometryCollection","geometries":[{"type":"LineString","coordinates":[[77.6300847,13.1112532],[77.6302409,13.111286]]},{"type":"MultiPolygon","coordinates":[[[[77.6249161,13.1031365],[77.6256499,13.1047378],[77.6257677,13.105154],[77.6260652,13.1052123],[77.6262393,13.106128],[77.6272129,13.1076258],[77.6300847,13.1112532],[77.6258209,13.1102151],[77.6220852,13.1101519],[77.620848,13.1081733],[77.6210431,13.1077784],[77.622817,13.1073601],[77.6228172,13.1063558],[77.6223428,13.1038222],[77.6224024,13.1035184],[77.6249161,13.1031365]]],[[[77.600208,13.0961115],[77.6012019,13.0923325],[77.6032149,13.0890855],[77.6034369,13.0878914],[77.6041449,13.0868354],[77.605631,13.087386],[77.6070186,13.0881907],[77.6079461,13.088345],[77.6075162,13.0900451],[77.6070895,13.0912788],[77.6067158,13.0913815],[77.6065049,13.0918853],[77.6066358,13.091997],[77.6059808,13.0934521],[77.6060973,13.0941133],[77.6080567,13.0945318],[77.6074479,13.0961362],[77.6073106,13.0976351],[77.6080443,13.0998509],[77.608289,13.1019985],[77.6091323,13.1020852],[77.6092316,13.1025339],[77.609864,13.1025654],[77.6102671,13.1034106],[77.6106438,13.1034245],[77.6106333,13.1039557],[77.6104883,13.1039424],[77.6106389,13.1050567],[77.6125086,13.1062112],[77.6120021,13.106648],[77.6113295,13.1080674],[77.6118447,13.1082771],[77.6115053,13.109023],[77.6122758,13.1093668],[77.6120293,13.1111411],[77.6103318,13.1111387],[77.6116877,13.1145191],[77.6121427,13.1174009],[77.6118616,13.1175042],[77.6122064,13.1209732],[77.6144185,13.1271742],[77.6157508,13.1311126],[77.6124352,13.1330058],[77.6031295,13.1343059],[77.6018395,13.1343074],[77.5995472,13.1320807],[77.596567,13.1329288],[77.5857476,13.1333047],[77.585859,13.1325988],[77.5851949,13.1327667],[77.5848641,13.1324575],[77.5851529,13.1318339],[77.5854874,13.1320249],[77.5861428,13.1291986],[77.5855954,13.1259891],[77.587255,13.1135732],[77.5878175,13.112471],[77.588849,13.1128884],[77.5900726,13.1127904],[77.593501,13.1099783],[77.5949504,13.107764],[77.5962496,13.1043152],[77.5962593,13.1041769],[77.5973032,13.1043337],[77.5977491,13.1046525],[77.5993438,13.104854],[77.5995983,13.103619],[77.6004203,13.1036083],[77.5988452,13.098015],[77.600208,13.0961115]]]]}]},"properties":{"ward_key":"ward_369_final.3","ward_no":2,"ward_name":"Akash Ward","ward_name_kn":"ಆಕಾಶ್ ವಾರ್ಡ್","corporation":"North"}},{"type":"Feature","geometry":{"type":"Polygon","coordinates":[[[77.5578822,12.9161762],[77.5578661,12.9134204],[77.5599619,12.9137275],[77.5659776,12.9128893],[77.5662415,12.9137308],[77.5656075,12.9148494],[77.5638889,12.9187788],[77.5634332,12.9194236],[77.5620883,12.9204809],[77.5614307,12.9216432],[77.5587518,12.9221698],[77.5579397,12.9193924],[77.5572262,12.9194703],[77.5569102,12.9183198],[77.5572651,12.9182278],[77.5571379,12.9178383],[77.5577972,12.9176455],[77.5574149,12.9161869],[77.5578822,12.9161762]]]},"properties":{"ward_key":"ward_369_final.30","ward_no":2,"ward_name":"Kadirenahalli","ward_name_kn":"ಕದಿರೇನಹಳ್ಳಿ","corporation":"South"}},{"type":"Feature","geometry":{"type":"Polygon","coordinates":[[[77.7044938,12.9803677],[77.7007946,12.9827253],[77.6958493,12.9839217],[77.6954775,12.981954],[77.6951042,12.9812054],[77.694094,12.9815268],[77.6935206,12.981587],[77.6932227,12.9818726],[77.6920519,12.9817953],[77.6916041,12.9815379],[77.6901779,12.9817989],[77.6887284,12.9785593],[77.6868071,12.9795064],[77.6852529,12.9782025],[77.6849001,12.9780344],[77.6840092,12.9759587],[77.6845388,12.9753778],[77.6857807,12.9745835],[77.6858439,12.9740375],[77.6868431,12.9730989],[77.6865745,12.9718292],[77.6861186,12.9703869],[77.6863903,12.9701303],[77.6863902,12.9696843],[77.6878055,12.969069],[77.6877938,12.9672748],[77.6884046,12.9670121],[77.6883823,12.9672371],[77.6887342,12.9672502],[77.6887375,12.9670997],[77.689648,12.9671299],[77.6898902,12.9675673],[77.6905409,12.9675679],[77.6913245,12.9676233],[77.6927743,12.9683855],[77.6933944,12.9683071],[77.6924967,12.9655281],[77.6916408,12.9639021],[77.6901748,12.963554],[77.6906527,12.9612502],[77.6941696,12.9618908],[77.6942854,12.9611847],[77.6962902,12.962037],[77.6983854,12.963131],[77.7000871,12.963481],[77.7013283,12.9643084],[77.7020964,12.965319],[77.7021238,12.9670195],[77.6998354,12.9711448],[77.6986864,12.9730237],[77.6990484,12.9730518],[77.7001097,12.9724564],[77.7032946,12.973728],[77.703769,12.974502],[77.7071423,12.9742894],[77.7068162,12.9751816],[77.7082684,12.9757868],[77.7067829,12.980481],[77.7062982,12.9792444],[77.7053008,12.9795222],[77.705512,12.9800898],[77.7044938,12.9803677]]]},"properties":{"ward_key":"ward_369_final.300","ward_no":43,"ward_name":"Dodda Nekkundi","ward_name_kn":"ದೊಡ್ಡ ನೆಕ್ಕುಂಡಿ","corporation":"East"}},{"type":"Feature","geometry":{"type":"Polygon","coordinates":[[[77.6968924,13.0199332],[77.6970355,13.0198142],[77.6968654,13.0183997],[77.6978935,13.0178922],[77.7011517,13.0176165],[77.7043554,13.0170183],[77.7135599,13.0224645],[77.724814,13.0286533],[77.7247234,13.0296626],[77.7248816,13.0321291],[77.7247492,13.0324365],[77.72417,13.0326701],[77.7239047,13.033571],[77.7230435,13.0335958],[77.7214441,13.0340608],[77.7181103,13.0330376],[77.7174164,13.0328969],[77.7173371,13.0315755],[77.71494,13.0319175],[77.711404,13.0272467],[77.710624,13.0259254],[77.7089822,13.0253665],[77.7059213,13.0261873],[77.7028797,13.0256316],[77.7011858,13.0249461],[77.7016757,13.0273794],[77.6963956,13.0269171],[77.69634,13.0227429],[77.6970912,13.0223518],[77.6968924,13.0199332]]]},"properties":{"ward_key":"ward_369_final.301","ward_no":9,"ward_name":"Bhattarahalli","ward_name_kn":"ಭಟ್ಟರಹಳ್ಳಿ","corporation":"East"}},{"type":"Feature","geometry":{"type":"GeometryCollection","geometries":[{"type":"LineString","coordinates":[[77.600019,12.9916975],[77.5999493,12.9918326]]},{"type":"Polygon","coordinates":[[[77.5987269,12.9875262],[77.5996187,12.9894282],[77.6006037,12.9891714],[77.6011187,12.9902488],[77.600019,12.9916975],[77.5995405,12.9905074],[77.5974162,12.9914505],[77.595626,12.9936534],[77.5920321,12.995257],[77.5896795,12.995329],[77.5895502,12.9956295],[77.586329,12.997569],[77.5843613,12.9978269],[77.5841877,12.9994096],[77.5829981,12.9992509],[77.5806178,12.996987],[77.5826112,12.9962178],[77.5829737,12.9955582],[77.5847657,12.9960052],[77.5857981,12.9895243],[77.5866069,12.988541],[77.5886569,12.9867273],[77.5888836,12.9863659],[77.5890407,12.9865269],[77.5888942,12.9876666],[77.5932751,12.9857405],[77.5922911,12.9831142],[77.5923316,12.9826646],[77.5983234,12.9805775],[77.5988782,12.9824719],[77.5983255,12.9835292],[77.5977962,12.9839743],[77.6035732,12.9851495],[77.603578,12.9860989],[77.602841,12.9862024],[77.6031912,12.9880936],[77.6021798,12.9891369],[77.6017891,12.9866614],[77.6014718,12.9869096],[77.6014934,12.9876299],[77.6010057,12.9876447],[77.6003594,12.9867982],[77.5997165,12.9870858],[77.5996403,12.9869334],[77.5987269,12.9875262]]]}]},"properties":{"ward_key":"ward_369_final.302","ward_no":3,"ward_name":"Vasanth Nagar","ward_name_kn":"ವಸಂತ ನಗರ","corporation":"Central"}},{"type":"Feature","geometry":{"type":"Polygon","coordinates":[[[77.5254528,12.9707566],[77.5275409,12.9703997],[77.5274995,12.9701666],[77.5277835,12.9701638],[77.5278271,12.9704336],[77.5285334,12.9699809],[77.5282716,12.9682236],[77.5293882,12.9682723],[77.5298461,12.9698955],[77.5307944,12.9696891],[77.5305728,12.9686804],[77.5324081,12.9685227],[77.5355545,12.967696],[77.5362305,12.9694356],[77.5330831,12.9702239],[77.5327807,12.9704316],[77.5328246,12.9706492],[77.5333414,12.9705442],[77.5337999,12.9720866],[77.5295701,12.9729581],[77.5270629,12.9729159],[77.5271304,12.9743579],[77.526541,12.9743848],[77.5265015,12.9759202],[77.5246112,12.9760612],[77.5245636,12.9763882],[77.524272,12.9763998],[77.5241651,12.9753302],[77.5239621,12.9750478],[77.5238042,12.975066],[77.5235597,12.9739021],[77.5248024,12.9735381],[77.5245932,12.9728438],[77.5253365,12.9726995],[77.525097,12.9715612],[77.5255068,12.9715099],[77.5254528,12.9707566]]]},"properties":{"ward_key":"ward_369_final.303","ward_no":75,"ward_name":"Marenahalli West","ward_name_kn":"ಮಾರೇನಹಳ್ಳಿ ಪಶ್ಚಿಮ","corporation":"West"}},{"type":"Feature","geometry":{"type":"Polygon","coordinates":[[[77.5439905,13.0148682],[77.5439722,13.0126977],[77.5440112,13.0122578],[77.5467961,13.0130432],[77.5472536,13.0157647],[77.5484213,13.0149571],[77.5479342,13.0138681],[77.5474888,13.0135685],[77.5476702,13.0122875],[77.5466779,13.0117172],[77.5451867,13.0114962],[77.5438444,13.0104671],[77.5437267,13.0089159],[77.5442662,13.0088414],[77.5450038,13.0093161],[77.5451991,13.0090259],[77.5460152,13.0094578],[77.5470015,13.0092587],[77.5472606,13.0106197],[77.5494828,13.0100785],[77.5506649,13.0112697],[77.5535683,13.012834],[77.5540668,13.014302],[77.5540734,13.0156752],[77.5538266,13.0164902],[77.5529091,13.0196384],[77.5515747,13.0220728],[77.5501933,13.0230536],[77.5442351,13.0263361],[77.5398419,13.0190878],[77.5415343,13.018037],[77.5404649,13.0160869],[77.5400828,13.014876],[77.5407595,13.0146873],[77.540457,13.0140286],[77.5410231,13.0138633],[77.5415834,13.0153079],[77.5427059,13.0147408],[77.5439905,13.0148682]]]},"properties":{"ward_key":"ward_369_final.304","ward_no":36,"ward_name":"Nalwadi Krishnaraja Wadiyar Ward","ward_name_kn":"ನಾಲ್ವಡಿ ಕೃಷ್ಣರಾಜ ಒಡೆಯರ್ ವಾರ್ಡ್","corporation":"West"}},{"type":"Feature","geometry":{"type":"Polygon","coordinates":[[[77.5415834,13.0153079],[77.5410231,13.0138633],[77.540457,13.0140286],[77.5407595,13.0146873],[77.5400828,13.014876],[77.5412914,13.0178664],[77.5415343,13.018037],[77.5347853,13.0217155],[77.532635,13.0221466],[77.5316093,13.0179921],[77.5343287,13.0177446],[77.5355912,13.0174113],[77.5357836,13.0179227],[77.5371577,13.0176683],[77.5372627,13.0172525],[77.5375681,13.0169366],[77.5375601,13.0164644],[77.5366668,13.0154581],[77.5366627,13.0152606],[77.5384861,13.0146958],[77.538769,13.0144713],[77.539689,13.013403],[77.5398819,13.0125118],[77.5417423,13.0124825],[77.5426923,13.0119409],[77.5440112,13.0122578],[77.5439128,13.0135943],[77.5439905,13.0148682],[77.5422694,13.0148521],[77.5415834,13.0153079]]]},"properties":{"ward_key":"ward_369_final.305","ward_no":37,"ward_name":"Dr. Puneeth Rajkumar Ward","ward_name_kn":"ಡಾ. ಪುನೀತ್ ರಾಜ್‌ಕುಮಾರ್ ವಾರ್ಡ್","corporation":"West"}},{"type":"Feature","geometry":{"type":"GeometryCollection","geometries":[{"type":"LineString","coordinates":[[77.5918848,12.9952965],[77.5917343,12.9953108]]},{"type":"Polygon","coordinates":[[[77.5987269,12.9875262],[77.5996403,12.9869334],[77.5997165,12.9870858],[77.6003594,12.9867982],[77.6010057,12.9876447],[77.6014934,12.9876299],[77.6016365,12.9867033],[77.6017891,12.9866614],[77.6021798,12.9891369],[77.6029802,12.9883401],[77.6032452,12.9886135],[77.6039731,12.9885645],[77.6038827,12.9900848],[77.6045997,12.9901723],[77.6046573,12.9890202],[77.6044678,12.9885323],[77.6052384,12.9883685],[77.6056173,12.9892787],[77.6049189,12.9914375],[77.6038718,12.9927275],[77.6023954,12.9923922],[77.5986422,12.9936472],[77.5965826,12.9945062],[77.600676,12.9957002],[77.6056685,12.9942984],[77.6087691,12.998973],[77.6067681,12.9994583],[77.6063832,12.9977841],[77.6050929,12.9977948],[77.6045983,12.9986727],[77.6018492,12.9998758],[77.601516,13.0014364],[77.6024351,13.0013877],[77.6036091,13.0031057],[77.6009894,13.0044268],[77.6000088,13.0046954],[77.5987801,13.0020735],[77.596424,13.0033009],[77.5932629,13.0056545],[77.5959217,12.996431],[77.5961978,12.9948505],[77.5961192,12.9947113],[77.5939501,12.9954817],[77.5920250872029,12.9954107754266],[77.5918848,12.9952965],[77.5945809,12.9941788],[77.5957896,12.9935384],[77.5976753,12.9912503],[77.5995405,12.9905074],[77.600019,12.9916975],[77.6011187,12.9902488],[77.6006037,12.9891714],[77.5996187,12.9894282],[77.5987269,12.9875262]]]}]},"properties":{"ward_key":"ward_369_final.306","ward_no":2,"ward_name":"Jayamahal","ward_name_kn":"ಜಯಮಹಲ್","corporation":"Central"}},{"type":"Feature","geometry":{"type":"Polygon","coordinates":[[[77.6115028,12.9498662],[77.6157093,12.9508371],[77.6174781,12.9507627],[77.6185192,12.9522397],[77.617764,12.9530811],[77.6176286,12.9536134],[77.6164763,12.9541562],[77.614099,12.9550785],[77.6136987,12.9536009],[77.6131483,12.9538168],[77.613191,12.954002],[77.6128257,12.9540577],[77.6128019,12.9538668],[77.6125013,12.9538797],[77.611567,12.9505215],[77.6115028,12.9498662]]]},"properties":{"ward_key":"ward_369_final.307","ward_no":28,"ward_name":"Neelasandra","ward_name_kn":"ನೀಲಸಂದ್ರ","corporation":"Central"}},{"type":"Feature","geometry":{"type":"Polygon","coordinates":[[[77.5733133,12.9701008],[77.5736397,12.9704313],[77.5745241,12.9700357],[77.5744626,12.969738],[77.5754256,12.9693637],[77.5748774,12.9683525],[77.5780406,12.9667431],[77.5786656,12.9679583],[77.5812952,12.966508],[77.5826648,12.9692849],[77.5829786,12.9701253],[77.5828375,12.9706671],[77.5827224,12.971985],[77.5802103,12.9734308],[77.5782217,12.9743214],[77.5770625,12.972489],[77.5764356,12.9726981],[77.5768564,12.9735246],[77.5754028,12.9739974],[77.5744648,12.9723546],[77.572597,12.9730108],[77.5723006,12.9725063],[77.5732034,12.9716298],[77.5728762,12.9708809],[77.573494,12.9706675],[77.5733133,12.9701008]]]},"properties":{"ward_key":"ward_369_final.308","ward_no":58,"ward_name":"Chickpete","ward_name_kn":"ಚಿಕ್ಕಪೇಟೆ","corporation":"Central"}},{"type":"Feature","geometry":{"type":"Polygon","coordinates":[[[77.6328967,12.8779645],[77.6329306,12.8756619],[77.6339343,12.8742295],[77.6325134,12.8723554],[77.6322168,12.8723721],[77.6316999,12.8707638],[77.6318142,12.8697959],[77.6313458,12.868358],[77.6306371,12.8684504],[77.6301812,12.8670932],[77.630198,12.8664855],[77.6342268,12.866964],[77.6343085,12.8674738],[77.6364652,12.8672874],[77.6368037,12.8697352],[77.6379152,12.8696154],[77.6380922,12.8708117],[77.638984,12.8707018],[77.6393105,12.8725057],[77.640234,12.8724054],[77.6399726,12.8749585],[77.6392455,12.8768076],[77.6369592,12.8799576],[77.6375748,12.8837019],[77.6382304,12.8837014],[77.6389285,12.8852182],[77.6382111,12.8854174],[77.6383075,12.8857676],[77.6375073,12.885971],[77.6375461,12.886157],[77.6368387,12.8863741],[77.6365541,12.8866729],[77.6351739,12.8878206],[77.6349459,12.887763],[77.6351617,12.8863772],[77.6323371,12.8860982],[77.631485,12.8889273],[77.6314742,12.8892554],[77.6328564,12.8894091],[77.6326912,12.8924255],[77.630276,12.892758],[77.6293998,12.8915443],[77.6290834,12.8907276],[77.6286092,12.8901327],[77.6286343,12.8881201],[77.6256026,12.8883948],[77.625331,12.8856916],[77.6248342,12.8836456],[77.6247551,12.881984],[77.6277744,12.8816385],[77.6276272,12.880464],[77.6273278,12.8804979],[77.6268966,12.8778198],[77.6324772,12.8785436],[77.6328967,12.8779645]]]},"properties":{"ward_key":"ward_369_final.309","ward_no":35,"ward_name":"Vishwapriya Nagara","ward_name_kn":"ವಿಶ್ವಪ್ರಿಯ ನಗರ","corporation":"South"}},{"type":"Feature","geometry":{"type":"Polygon","coordinates":[[[77.563872,13.0319588],[77.5641986,13.0347386],[77.5631867,13.0356245],[77.5633285,13.0362986],[77.5645697,13.0362599],[77.5646517,13.0380988],[77.5649765,13.038282],[77.5621608,13.0419201],[77.560483,13.0395061],[77.5587658,13.0386795],[77.5573023,13.0385429],[77.557535,13.0357656],[77.557427,13.0346065],[77.5616167,13.0286566],[77.5620603,13.029987],[77.5623478,13.0320709],[77.563872,13.0319588]]]},"properties":{"ward_key":"ward_369_final.31","ward_no":48,"ward_name":"Mathikere","ward_name_kn":"ಮತ್ತಿಕೆರೆ","corporation":"West"}},{"type":"Feature","geometry":{"type":"GeometryCollection","geometries":[{"type":"LineString","coordinates":[[77.5774452,12.9837094],[77.577588,12.9836549]]},{"type":"Polygon","coordinates":[[[77.5782217,12.9743214],[77.5810865,12.9730667],[77.5844508,12.9779289],[77.5808354,12.9801898],[77.5772492,12.9806723],[77.5765954,12.9817629],[77.5769501,12.9831575],[77.5774452,12.9837094],[77.5749105,12.9841175],[77.5749282,12.9843532],[77.5760976,12.9853026],[77.5798824,12.9909534],[77.5763936,12.992082],[77.5764477,12.9925912],[77.57624,12.9927699],[77.5754076,12.9919098],[77.5741009,12.9930135],[77.5739317,12.993911],[77.5728361,12.9935063],[77.5714831,12.9934152],[77.5718633,12.9897515],[77.5722706,12.9868728],[77.5722938,12.984795],[77.5726577,12.9833992],[77.5705381,12.9813543],[77.5710165,12.9800583],[77.5708263,12.9746294],[77.5720386,12.9744614],[77.5741589,12.9743166],[77.5741206,12.9735408],[77.5728718,12.9737891],[77.572597,12.9730108],[77.5744648,12.9723546],[77.5754028,12.9739974],[77.5768564,12.9735246],[77.5764356,12.9726981],[77.5770625,12.972489],[77.5782217,12.9743214]]]}]},"properties":{"ward_key":"ward_369_final.310","ward_no":59,"ward_name":"Nehru Nagar","ward_name_kn":"ನೆಹರು ನಗರ","corporation":"Central"}},{"type":"Feature","geometry":{"type":"Polygon","coordinates":[[[77.5464849,12.9602878],[77.5481224,12.9601038],[77.5484452,12.9607944],[77.5506777,12.9609355],[77.5507226,12.9612954],[77.5509426,12.9612543],[77.5510486,12.9616039],[77.549462,12.962147],[77.5486242,12.9624814],[77.5490647,12.9646726],[77.5485057,12.9651429],[77.5459315,12.9642429],[77.5443532,12.9642202],[77.5439044,12.9640247],[77.5447639,12.9630915],[77.5455464,12.9626568],[77.5452128,12.962179],[77.5464849,12.9602878]]]},"properties":{"ward_key":"ward_369_final.311","ward_no":51,"ward_name":"Old Guddadahalli","ward_name_kn":"ಹಳೆ ಗುಡ್ಡದಹಳ್ಳಿ","corporation":"Central"}},{"type":"Feature","geometry":{"type":"GeometryCollection","geometries":[{"type":"LineString","coordinates":[[77.6438281,12.8914136],[77.6438969,12.8912645]]},{"type":"Polygon","coordinates":[[[77.6413224,12.904056],[77.6410531,12.9007382],[77.6403722,12.900834],[77.6402298,12.8996286],[77.6441795,12.8991555],[77.6440854,12.8973659],[77.6428135,12.8974435],[77.6427406,12.8965141],[77.6423323,12.8964622],[77.6422292,12.8956099],[77.641935,12.8955228],[77.6416575,12.8950576],[77.6408396,12.8951234],[77.6407443,12.8944538],[77.6416179,12.8943354],[77.6416859,12.8938989],[77.6413753,12.8937127],[77.6411297,12.8931439],[77.6419682,12.8932909],[77.6420026,12.8930004],[77.6412764,12.892545],[77.6423497,12.8907972],[77.6438281,12.8914136],[77.6447939,12.8916461],[77.6490316,12.8909225],[77.6503902,12.893283],[77.6528477,12.8947139],[77.6539017,12.8944373],[77.6544718,12.8965849],[77.655768,12.8977602],[77.6566825,12.8974774],[77.6569556,12.8988178],[77.6550665,12.899623],[77.654951,12.8992698],[77.6540225,12.8994111],[77.6540412,12.8997547],[77.6532798,12.8999291],[77.6534374,12.9006046],[77.6517899,12.9011846],[77.6512633,12.8989558],[77.6492121,12.8997412],[77.6483669,12.8994351],[77.6473098,12.8995443],[77.6470059,12.9003046],[77.6413224,12.904056]]]}]},"properties":{"ward_key":"ward_369_final.312","ward_no":69,"ward_name":"Hosapalya","ward_name_kn":"ಹೊಸಪಾಳ್ಯ","corporation":"South"}},{"type":"Feature","geometry":{"type":"Polygon","coordinates":[[[77.6597734,12.9610256],[77.6601638,12.9608702],[77.6597289,12.9597105],[77.6596645,12.9590618],[77.661443,12.9592298],[77.6651508,12.9586294],[77.6679412,12.9581534],[77.6682738,12.9615149],[77.6686858,12.9649359],[77.6685737,12.9659618],[77.6697595,12.9661512],[77.6703569,12.9697283],[77.6701357,12.9697849],[77.670353,12.9710878],[77.6690723,12.9712587],[77.6688444,12.9709563],[77.6666523,12.9707482],[77.6670091,12.9712845],[77.6654062,12.9717488],[77.6626302,12.9715977],[77.6615663,12.9719789],[77.6615182,12.9716203],[77.6586373,12.9714533],[77.658726,12.9712489],[77.6577024,12.9707119],[77.6576577,12.9703442],[77.6572738,12.9682444],[77.6579517,12.9681652],[77.6584628,12.9672046],[77.6616454,12.966804],[77.6619525,12.9662981],[77.6615079,12.9655112],[77.6610686,12.9654525],[77.6609366,12.9651813],[77.6605608,12.964982],[77.661087,12.9641537],[77.661791,12.9642504],[77.6615208,12.9624525],[77.6613852,12.9621452],[77.6610455,12.9621966],[77.6608204,12.9616066],[77.6599798,12.9616877],[77.6597734,12.9610256]]]},"properties":{"ward_key":"ward_369_final.313","ward_no":26,"ward_name":"Jagadish Nagar","ward_name_kn":"ಜಗದೀಶ್ ನಗರ","corporation":"East"}},{"type":"Feature","geometry":{"type":"GeometryCollection","geometries":[{"type":"LineString","coordinates":[[77.5554258,12.9691353],[77.5555802,12.9691763]]},{"type":"Polygon","coordinates":[[[77.5514738,12.9679714],[77.551861,12.9678576],[77.5516762,12.9672042],[77.5522604,12.9670922],[77.5521877,12.9666851],[77.5516911,12.9666336],[77.5516841,12.9664513],[77.5548489,12.9653522],[77.5546781,12.964776],[77.5582327,12.9633572],[77.5585249,12.9650908],[77.5569441,12.9661651],[77.5565616,12.9667228],[77.5557611,12.9671795],[77.5548498,12.967252],[77.5554258,12.9691353],[77.5514738,12.9679714]]]}]},"properties":{"ward_key":"ward_369_final.314","ward_no":53,"ward_name":"Rayapuram","ward_name_kn":"ರಾಯಪುರಂ","corporation":"Central"}},{"type":"Feature","geometry":{"type":"Polygon","coordinates":[[[77.6561482,12.8765176],[77.6563947,12.8764648],[77.6565081,12.8769296],[77.6582578,12.8764539],[77.6596631,12.8764243],[77.6602966,12.8762087],[77.6590887,12.8716338],[77.6585355,12.8705388],[77.6586889,12.8702674],[77.6627185,12.8677518],[77.6663072,12.8660447],[77.666565,12.8659628],[77.666719,12.8662118],[77.667821,12.8664068],[77.6729144,12.8683516],[77.672812,12.8693073],[77.6752971,12.8727241],[77.6745981,12.8753628],[77.672906,12.8782356],[77.6713952,12.8802695],[77.6739677,12.8798489],[77.6741843,12.8841265],[77.673753,12.8843701],[77.6679685,12.8855237],[77.6681569,12.8836364],[77.6659284,12.8842173],[77.6619303,12.8843766],[77.6602162,12.8842164],[77.6565216,12.8849376],[77.6557314,12.8832102],[77.6548917,12.8796521],[77.654747,12.8771216],[77.6561809,12.8771063],[77.6561482,12.8765176]]]},"properties":{"ward_key":"ward_369_final.315","ward_no":33,"ward_name":"Naganathapura","ward_name_kn":"ನಾಗನಾಥಪುರ","corporation":"South"}},{"type":"Feature","geometry":{"type":"GeometryCollection","geometries":[{"type":"LineString","coordinates":[[77.5478996,12.9744319],[77.5479992,12.9745688]]},{"type":"Polygon","coordinates":[[[77.5444286,12.9609228],[77.5460668,12.9608437],[77.5452667,12.9623264],[77.5455464,12.9626568],[77.5442088,12.9635553],[77.5439044,12.9640247],[77.5453873,12.9642649],[77.5470439,12.9645316],[77.5491159,12.9656091],[77.5508483,12.9673853],[77.5511646,12.9677486],[77.5502083,12.9682974],[77.5493372,12.9671206],[77.5481197,12.9679863],[77.548457,12.9686824],[77.5459803,12.9693849],[77.5464296,12.9703869],[77.5462665,12.9704569],[77.5478996,12.9744319],[77.5465703,12.9742098],[77.543102,12.9740023],[77.5413408,12.9736282],[77.5410325,12.9725847],[77.5425955,12.9720433],[77.5421264,12.9701284],[77.5436474,12.9696515],[77.5434712,12.9691045],[77.5430291,12.9691896],[77.542385,12.9677195],[77.5430254,12.9674758],[77.5431565,12.9678343],[77.5438471,12.967581],[77.5436086,12.9668209],[77.5432937,12.9669348],[77.5428503,12.9656342],[77.5431692,12.9655262],[77.5433931,12.9661702],[77.5442422,12.9658739],[77.5433922,12.9643334],[77.5423755,12.9642591],[77.5423331,12.9634504],[77.542983,12.9634484],[77.5420922,12.9620984],[77.5444286,12.9609228]]]}]},"properties":{"ward_key":"ward_369_final.316","ward_no":85,"ward_name":"Adi Chunchanagiri Ward","ward_name_kn":"ಆದಿ ಚುಂಚನಗಿರಿ ವಾರ್ಡ್","corporation":"West"}},{"type":"Feature","geometry":{"type":"Polygon","coordinates":[[[77.5516841,12.9664513],[77.5517881,12.9667456],[77.5521877,12.9666851],[77.5522604,12.9670922],[77.5516762,12.9672042],[77.551861,12.9678576],[77.5513016,12.9678586],[77.5491159,12.9656091],[77.5488148,12.9653611],[77.5485057,12.9651429],[77.5490647,12.9646726],[77.5486242,12.9624814],[77.549462,12.962147],[77.5515383,12.9616117],[77.5523094,12.9644827],[77.5545495,12.9642043],[77.5548489,12.9653522],[77.5516841,12.9664513]]]},"properties":{"ward_key":"ward_369_final.317","ward_no":52,"ward_name":"Padarayanapura","ward_name_kn":"ಪಾದರಾಯನಪುರ","corporation":"Central"}},{"type":"Feature","geometry":{"type":"Polygon","coordinates":[[[77.5713966,12.9968545],[77.5712124,13.0063672],[77.5692469,13.0064553],[77.5689755,13.0121001],[77.5579668,13.0186376],[77.5574118,13.0182725],[77.5559499,13.0158651],[77.5556064,13.0156638],[77.5583734,13.012442],[77.5599126,13.0084517],[77.5614412,13.0039601],[77.5649453,12.9980936],[77.5660516,12.996634],[77.5671531,12.9968475],[77.5677752,12.9967933],[77.5713966,12.9968545]]]},"properties":{"ward_key":"ward_369_final.318","ward_no":53,"ward_name":"Malleshwaram","ward_name_kn":"ಮಲ್ಲೇಶ್ವರಂ","corporation":"West"}},{"type":"Feature","geometry":{"type":"Polygon","coordinates":[[[77.6279432,12.9418414],[77.6281801,12.9424724],[77.6290159,12.9422504],[77.6289493,12.9425068],[77.6292969,12.9424389],[77.6295026,12.9429894],[77.6305212,12.9431999],[77.6280511,12.9478678],[77.6270476,12.9492849],[77.6254208,12.9503391],[77.6228941,12.9510183],[77.6214987,12.9516637],[77.6203077,12.9492579],[77.6210645,12.9481605],[77.6212893,12.9483054],[77.6219956,12.9488002],[77.6238509,12.9462487],[77.6262044,12.945165],[77.6263798,12.9445406],[77.6259931,12.9444203],[77.626156,12.941808],[77.6270288,12.9416971],[77.6279432,12.9418414]]]},"properties":{"ward_key":"ward_369_final.319","ward_no":26,"ward_name":"Ejipura","ward_name_kn":"ಈಜಿಪುರ","corporation":"South"}},{"type":"Feature","geometry":{"type":"Polygon","coordinates":[[[77.5768936,12.9444855],[77.5775529,12.9441603],[77.5777381,12.9436191],[77.5788599,12.9436571],[77.5788814,12.9425537],[77.5777497,12.942563],[77.5777824,12.9405816],[77.579271,12.9405798],[77.5792437,12.9421176],[77.5800728,12.9421399],[77.5800948,12.9551526],[77.5824324,12.9547754],[77.5827155,12.9573994],[77.580144,12.958962],[77.5800047,12.9562617],[77.5796207,12.9552439],[77.5773061,12.9562913],[77.5735288,12.9573584],[77.5737958,12.9445469],[77.5768936,12.9444855]]]},"properties":{"ward_key":"ward_369_final.32","ward_no":41,"ward_name":"V.V Puram","ward_name_kn":"ವಿ.ವಿ. ಪುರಂ","corporation":"Central"}},{"type":"Feature","geometry":{"type":"Polygon","coordinates":[[[77.645664,12.9943532],[77.6441748,12.9935221],[77.6442067,12.9942771],[77.6435127,12.9954233],[77.6427186,12.995803],[77.6413243,12.9957777],[77.6411775,12.9953986],[77.6406595,12.9956839],[77.6404488,12.9948708],[77.6379391,12.9951007],[77.6379011,12.994236],[77.6380568,12.9942017],[77.6378896,12.9936354],[77.6374714,12.9936713],[77.63734,12.9926822],[77.6435489,12.9915446],[77.6424363,12.9847637],[77.6461157,12.9860995],[77.6454415,12.9884141],[77.6463619,12.9886424],[77.6471295,12.9886516],[77.6471357,12.9888575],[77.6464697,12.9889222],[77.646704,12.9909406],[77.6481278,12.9908393],[77.6472085,12.991186],[77.6465135,12.9921147],[77.645664,12.9943532]]]},"properties":{"ward_key":"ward_369_final.320","ward_no":11,"ward_name":"Old Baiyappanahalli","ward_name_kn":"ಹಳೆ ಬೈಯಪ್ಪನಹಳ್ಳಿ","corporation":"Central"}},{"type":"Feature","geometry":{"type":"GeometryCollection","geometries":[{"type":"LineString","coordinates":[[77.7058743,12.9993079],[77.7060546,12.9992803]]},{"type":"Polygon","coordinates":[[[77.7008605,13.0103246],[77.6986146,13.0092705],[77.699211,13.0090641],[77.6981646,13.007134],[77.700189,13.0062169],[77.7000238,13.004668],[77.6993316,12.9998205],[77.6941257,12.9999405],[77.6940685,12.9974861],[77.6937451,12.9961203],[77.6959828,12.9953299],[77.6990978,12.9946494],[77.7022921,12.9939129],[77.7027325,12.9952288],[77.7027551,12.9957304],[77.7026095,12.9958127],[77.7032066,12.997276],[77.7040712,12.998473],[77.7042375,12.9995317],[77.7058743,12.9993079],[77.7071252,13.0042895],[77.7052084,13.0045075],[77.7057966,13.0061019],[77.7052876,13.0061991],[77.7053533,13.0064739],[77.7055872,13.0064785],[77.70575,13.0071894],[77.7046639,13.0073385],[77.7047131,13.0078405],[77.7024032,13.0079226],[77.7018674,13.0080336],[77.7022234,13.0105764],[77.7008605,13.0103246]]]}]},"properties":{"ward_key":"ward_369_final.321","ward_no":12,"ward_name":"Chikka Devasandra","ward_name_kn":"ಚಿಕ್ಕ ದೇವಸಂದ್ರ","corporation":"East"}},{"type":"Feature","geometry":{"type":"Polygon","coordinates":[[[77.6442067,12.9942771],[77.6441748,12.9935221],[77.645664,12.9943532],[77.6466687,12.9917181],[77.6472085,12.991186],[77.6481278,12.9908393],[77.6512843,12.9909663],[77.6514846,12.992138],[77.6517488,12.9923996],[77.6520884,12.9962938],[77.6519571,12.9981014],[77.6530586,12.998231],[77.6557274,12.9977523],[77.6565238,12.9975291],[77.6589354,12.9973849],[77.6598746,12.9970828],[77.660549,12.9985708],[77.660773,12.9997084],[77.6613182,12.9998737],[77.6616129,12.9993927],[77.6625525,12.9999123],[77.6633169,12.9983221],[77.663592,12.9982592],[77.662956,13.0059942],[77.6624749,13.0102214],[77.6622976,13.012389],[77.6581311,13.01045],[77.6556813,13.0085447],[77.6531749,13.0060515],[77.6528764,13.0058152],[77.6512618,13.006079],[77.6514657,13.0067341],[77.6493037,13.0075083],[77.6474952,13.0076929],[77.6466246,13.0078993],[77.6454749,13.0063955],[77.6401106,13.005846],[77.6375935,13.0051715],[77.6363507,13.0039578],[77.6385657,13.0026332],[77.6413109,12.9978308],[77.6429326,12.9956931],[77.6435794,12.9952697],[77.6442067,12.9942771]]]},"properties":{"ward_key":"ward_369_final.322","ward_no":12,"ward_name":"Kasturi Nagar","ward_name_kn":"ಕಸ್ತೂರಿ ನಗರ","corporation":"Central"}},{"type":"Feature","geometry":{"type":"Polygon","coordinates":[[[77.5521197,12.9573535],[77.5484052,12.9565688],[77.5495673,12.9547291],[77.549345,12.9547232],[77.5492372,12.9523322],[77.5516744,12.9519585],[77.5527628,12.9505684],[77.5532659,12.950829],[77.5533618,12.9507032],[77.5537678,12.9508008],[77.5538396,12.9512913],[77.5540524,12.951319],[77.5543331,12.9520234],[77.5539454,12.9525396],[77.5562437,12.9546903],[77.5551007,12.9550414],[77.5553383,12.9559648],[77.5549959,12.9568025],[77.5540475,12.9564719],[77.5539183,12.9568205],[77.5527729,12.9564636],[77.5527568,12.9566947],[77.5520568,12.9567998],[77.5521197,12.9573535]]]},"properties":{"ward_key":"ward_369_final.323","ward_no":49,"ward_name":"Kasturbha Nagar","ward_name_kn":"ಕಸ್ತೂರ ಬಾ ವಾರ್ಡ್‌","corporation":"Central"}},{"type":"Feature","geometry":{"type":"Polygon","coordinates":[[[77.6435967,13.0424722],[77.6438906,13.038392],[77.6444627,13.0361943],[77.6449275,13.0359353],[77.6432313,13.0359065],[77.6433703,13.0338657],[77.6418349,13.0339626],[77.641195,13.0342243],[77.6408801,13.0339644],[77.6396487,13.0320381],[77.6391341,13.0311513],[77.6378223,13.0297824],[77.6376064,13.0279993],[77.6360682,13.0278618],[77.633496,13.0286888],[77.6327852,13.027855],[77.6349739,13.0268843],[77.6396496,13.0258848],[77.6460207,13.023242],[77.6469051,13.0234378],[77.6474753,13.0256286],[77.6471991,13.0256794],[77.6472954,13.0260544],[77.6465685,13.0262551],[77.6469387,13.0275785],[77.6484627,13.027125],[77.6492167,13.0310771],[77.6492776,13.0316937],[77.6495165,13.0316871],[77.6495713,13.0321495],[77.6497676,13.0321382],[77.6499547,13.0360724],[77.6497081,13.0360641],[77.6497074,13.0370807],[77.6449222,13.0428992],[77.6435967,13.0424722]]]},"properties":{"ward_key":"ward_369_final.324","ward_no":3,"ward_name":"Chellakere","ward_name_kn":"ಚೆಲ್ಲಕೆರೆ","corporation":"East"}},{"type":"Feature","geometry":{"type":"GeometryCollection","geometries":[{"type":"LineString","coordinates":[[77.554401,12.951897],[77.5542702,12.9517862]]},{"type":"MultiPolygon","coordinates":[[[[77.5527729,12.9564636],[77.5539183,12.9568205],[77.5540475,12.9564719],[77.5549959,12.9568025],[77.5553383,12.9559648],[77.5551007,12.9550414],[77.5562437,12.9546903],[77.5539454,12.9525396],[77.554401,12.951897],[77.5556558,12.9516725],[77.5569791,12.954094],[77.5574468,12.9554495],[77.5592943,12.9568822],[77.5592214,12.9607186],[77.5632815,12.9607944],[77.5632693,12.9616903],[77.5589205,12.9611458],[77.5571956,12.9604959],[77.5557339,12.9593257],[77.5548924,12.9583111],[77.5521264,12.9573554],[77.5520568,12.9567998],[77.5527568,12.9566947],[77.5527729,12.9564636]]],[[[77.5556558,12.9516725],[77.5555114,12.9504243],[77.5569432,12.9500182],[77.5580728,12.9501419],[77.5579087,12.9503276],[77.5576475,12.9504939],[77.557227,12.9511053],[77.5556558,12.9516725]]]]}]},"properties":{"ward_key":"ward_369_final.325","ward_no":48,"ward_name":"Azad Nagar","ward_name_kn":"ಆಜಾದ್ ನಗರ","corporation":"Central"}},{"type":"Feature","geometry":{"type":"Polygon","coordinates":[[[77.6386266,12.9059002],[77.6387603,12.9074327],[77.6390227,12.9079629],[77.6389944,12.9083328],[77.6384131,12.9083499],[77.6384074,12.9093131],[77.638017,12.9093274],[77.6380398,12.9098403],[77.6415993,12.909714],[77.6416891,12.9121873],[77.6445865,12.9120592],[77.6451031,12.921993],[77.6474427,12.92387],[77.649126,12.9243271],[77.6501916,12.9244158],[77.6488622,12.9246858],[77.6448934,12.9244166],[77.641087,12.923397],[77.6399479,12.9238186],[77.6384654,12.9204485],[77.6381705,12.9159502],[77.6283247,12.9168546],[77.624964,12.9176841],[77.6227426,12.917303],[77.6318915,12.9021994],[77.6323386,12.9024017],[77.6323968,12.9041577],[77.6325021,12.9047708],[77.6325046,12.9051531],[77.6338109,12.9050918],[77.6338553,12.9069052],[77.6349762,12.9072767],[77.6386266,12.9059002]]]},"properties":{"ward_key":"ward_369_final.326","ward_no":72,"ward_name":"HSR Layout","ward_name_kn":"ಎಚ್‌ಎಸ್‌ಆರ್ ಲೇಔಟ್","corporation":"South"}},{"type":"Feature","geometry":{"type":"Polygon","coordinates":[[[77.6561809,12.8771063],[77.6547388,12.877027],[77.6544086,12.8748853],[77.6541492,12.8736631],[77.6558665,12.8725564],[77.6576358,12.8706852],[77.6576696,12.8689808],[77.657139,12.8689737],[77.657123,12.869586],[77.6566447,12.8695784],[77.6566445,12.8690172],[77.6554473,12.8690575],[77.6554825,12.8697412],[77.6531901,12.8695355],[77.6506289,12.8704043],[77.6483039,12.8704883],[77.6408603,12.8720676],[77.6402427,12.8724985],[77.6393105,12.8725057],[77.638984,12.8707018],[77.6380922,12.8708117],[77.6379152,12.8696154],[77.6368037,12.8697352],[77.6364652,12.8672874],[77.6343085,12.8674738],[77.6342268,12.866964],[77.630198,12.8664855],[77.6258765,12.8643751],[77.6204361,12.8607404],[77.6195939,12.857953],[77.6264442,12.8574992],[77.6273228,12.8572001],[77.6291907,12.8572438],[77.6302767,12.8584078],[77.6309325,12.8601994],[77.6323242,12.8611798],[77.6343889,12.8618437],[77.6340721,12.8622608],[77.6352027,12.8630485],[77.6374949,12.8629567],[77.6384861,12.8634608],[77.6384725,12.8639905],[77.6390688,12.8649982],[77.641206,12.865008],[77.6417925,12.8636543],[77.6429035,12.859449],[77.642808,12.8526869],[77.643091,12.8505755],[77.6452168,12.8520687],[77.6452426,12.8516531],[77.6459336,12.851838],[77.6459611,12.8516404],[77.6468478,12.8519817],[77.6474173,12.8520418],[77.6479225,12.852242],[77.6481046,12.851956],[77.648686,12.852037],[77.6486271,12.852673],[77.6495629,12.8530704],[77.6496546,12.8521065],[77.6500727,12.8521501],[77.6499423,12.8531015],[77.6497674,12.8530876],[77.6498706,12.8536294],[77.6506878,12.8539528],[77.6506223,12.8541438],[77.6519829,12.8549717],[77.6519732,12.8547369],[77.6528183,12.8549785],[77.6531343,12.8556543],[77.6552769,12.8562136],[77.6554464,12.8558379],[77.6558999,12.8561123],[77.6558121,12.8563979],[77.6561983,12.8567634],[77.6561349,12.8571],[77.6568504,12.8572063],[77.6574542,12.8578262],[77.6574002,12.8585528],[77.6592973,12.8587113],[77.6612809,12.8586754],[77.6637177,12.860783],[77.6640867,12.8624181],[77.6645764,12.862428],[77.6656998,12.8646122],[77.666565,12.8659628],[77.6636106,12.8673111],[77.6612538,12.8685076],[77.6585355,12.8705388],[77.6595001,12.872876],[77.6602966,12.8762087],[77.658973,12.87647],[77.6578995,12.8766335],[77.6565081,12.8769296],[77.6563947,12.8764648],[77.6561482,12.8765176],[77.6561809,12.8771063]]]},"properties":{"ward_key":"ward_369_final.327","ward_no":34,"ward_name":"Chikkathoguru","ward_name_kn":"ಚಿಕ್ಕ ತೋಗೂರು","corporation":"South"}},{"type":"Feature","geometry":{"type":"Polygon","coordinates":[[[77.6051418,12.9195858],[77.6053176,12.9207626],[77.6080604,12.9200836],[77.6088966,12.9227275],[77.6084211,12.923747],[77.6087029,12.9240121],[77.6085273,12.9248244],[77.6079828,12.9248144],[77.6073657,12.923044],[77.6065774,12.9232516],[77.6060615,12.9217035],[77.6048438,12.9219381],[77.6048319,12.921538],[77.6040016,12.9215031],[77.6040037,12.9213584],[77.6025137,12.9214323],[77.6022993,12.9210673],[77.6001537,12.9209147],[77.6000527,12.9205715],[77.5969674,12.9205056],[77.5969878,12.9216019],[77.5914881,12.9216633],[77.5914794,12.9197269],[77.5928427,12.9195951],[77.5926541,12.9190523],[77.6001009,12.9188572],[77.6001879,12.920048],[77.6015693,12.9201753],[77.6017206,12.9190338],[77.6022552,12.919154],[77.6024143,12.9177331],[77.6030325,12.917817],[77.6030568,12.9174726],[77.6034542,12.9175432],[77.6034156,12.9198077],[77.6041324,12.9199354],[77.6041829,12.919412],[77.6051418,12.9195858]]]},"properties":{"ward_key":"ward_369_final.328","ward_no":11,"ward_name":"Jayanagar East","ward_name_kn":"ಜಯನಗರ ಪೂರ್ವ","corporation":"South"}},{"type":"Feature","geometry":{"type":"Polygon","coordinates":[[[77.6203086,12.9532361],[77.6258351,12.9522272],[77.6247155,12.9537262],[77.6237913,12.9539979],[77.6238522,12.9542375],[77.6233097,12.9543661],[77.6233664,12.9546906],[77.6209455,12.9559183],[77.6211528,12.9578297],[77.6197806,12.9604181],[77.6189742,12.9623622],[77.6163155,12.9616773],[77.6167621,12.9570246],[77.6174789,12.9549249],[77.617862,12.9527731],[77.618646,12.9521231],[77.618885,12.9522205],[77.6191348,12.952902],[77.6201806,12.9524223],[77.6203086,12.9532361]]]},"properties":{"ward_key":"ward_369_final.329","ward_no":26,"ward_name":"Vannarpet","ward_name_kn":"ವನ್ನಾರ್‌ಪೇಟೆ","corporation":"Central"}},{"type":"Feature","geometry":{"type":"Polygon","coordinates":[[[77.6504502,12.9596308],[77.6504977,12.9636312],[77.6522658,12.968023],[77.6518502,12.9680958],[77.6477581,12.9688722],[77.6474426,12.9704473],[77.641227,12.9701883],[77.6416759,12.9606043],[77.6424657,12.9603794],[77.6432561,12.9582109],[77.6436353,12.9579692],[77.6433127,12.957888],[77.6436228,12.9569767],[77.6441208,12.9568055],[77.6446333,12.9573092],[77.645601,12.9568698],[77.6479469,12.9574353],[77.6492051,12.9597651],[77.6504502,12.9596308]]]},"properties":{"ward_key":"ward_369_final.33","ward_no":20,"ward_name":"Kodihalli","ward_name_kn":"ಕೋಡಿಹಳ್ಳಿ","corporation":"Central"}},{"type":"Feature","geometry":{"type":"Polygon","coordinates":[[[77.6242643,12.9090586],[77.6254057,12.9088045],[77.6255655,12.9094511],[77.6260956,12.9095761],[77.6261968,12.909902],[77.6260404,12.910208],[77.6267393,12.9105698],[77.6227368,12.9173017],[77.6221816,12.9163648],[77.6221457,12.9144736],[77.6209058,12.9136324],[77.6214551,12.913209],[77.6211351,12.9126741],[77.6211722,12.911943],[77.6210923,12.91088],[77.6206104,12.9101176],[77.6207063,12.9082187],[77.6206944,12.9078234],[77.6189639,12.9059597],[77.6183556,12.9033919],[77.6184039,12.9027639],[77.618195,12.9025927],[77.6175913,12.9027625],[77.6171648,12.9021225],[77.6159836,12.9013271],[77.6139296,12.8991002],[77.6132428,12.8992838],[77.6130309,12.8982151],[77.6127818,12.8979473],[77.6114265,12.8979243],[77.6102829,12.8982403],[77.6095381,12.8991624],[77.6089411,12.8989548],[77.6085076,12.8958981],[77.6092754,12.8953029],[77.6097316,12.8959301],[77.6110403,12.8957985],[77.6110102,12.894819],[77.612902,12.8946864],[77.61291,12.8951684],[77.6134723,12.8951242],[77.6145981,12.895107],[77.6146469,12.8948857],[77.6154842,12.8948867],[77.6154922,12.8951594],[77.6165493,12.8952298],[77.6164687,12.8944891],[77.6171977,12.894406],[77.6171796,12.8959656],[77.6177559,12.8960273],[77.6180801,12.8979962],[77.6190342,12.8980685],[77.6197479,12.8982751],[77.6198342,12.8995573],[77.6199904,12.901082],[77.6202328,12.9010856],[77.6202622,12.9017364],[77.6199527,12.9018461],[77.6200908,12.902283],[77.6195324,12.9024362],[77.6205199,12.9048419],[77.6216518,12.9046288],[77.6217997,12.9058083],[77.621471,12.9058783],[77.6215573,12.9067435],[77.622306,12.9068202],[77.622884,12.9068657],[77.6232302,12.9082319],[77.6234763,12.9088013],[77.6239376,12.9087919],[77.6242643,12.9090586]]]},"properties":{"ward_key":"ward_369_final.330","ward_no":61,"ward_name":"Kodi Chikkanahalli","ward_name_kn":"ಕೋಡಿ ಚಿಕ್ಕನಹಳ್ಳಿ","corporation":"South"}},{"type":"Feature","geometry":{"type":"Polygon","coordinates":[[[77.5945113,12.9442269],[77.5916684,12.9442837],[77.5914142,12.9436246],[77.5911694,12.9437447],[77.5906833,12.9428381],[77.5900521,12.9431309],[77.5905421,12.9433378],[77.5909305,12.9440095],[77.5905216,12.9441957],[77.5906251,12.9447122],[77.5895936,12.9450933],[77.5898304,12.9457686],[77.5881546,12.9457462],[77.5879996,12.9461592],[77.5858144,12.9453395],[77.5852874,12.9443081],[77.5852889,12.9436124],[77.5828456,12.9437059],[77.5828439,12.9432201],[77.5844478,12.9428216],[77.5840788,12.941626],[77.5840014,12.9366599],[77.5861385,12.9364623],[77.5877486,12.9351656],[77.5892012,12.9358051],[77.5899399,12.9355142],[77.5901161,12.9363211],[77.5906244,12.9362066],[77.5910877,12.9366395],[77.5927002,12.9362051],[77.5926033,12.9407025],[77.594507,12.9430022],[77.5947376,12.9435722],[77.5945113,12.9442269]]]},"properties":{"ward_key":"ward_369_final.331","ward_no":38,"ward_name":"Kanakanapalya","ward_name_kn":"ಕನಕನಪಾಳ್ಯ","corporation":"Central"}},{"type":"Feature","geometry":{"type":"Polygon","coordinates":[[[77.5247998,13.065347],[77.524649,13.0654164],[77.5251678,13.0671093],[77.5255476,13.067027],[77.5257055,13.0692798],[77.5249149,13.0697061],[77.5235164,13.0698663],[77.5235488,13.0708707],[77.5189642,13.0714438],[77.5184177,13.0715871],[77.5172043,13.0695295],[77.5159115,13.0675507],[77.51193,13.0690783],[77.5110644,13.0696348],[77.5109107,13.0684128],[77.5103224,13.068304],[77.5102562,13.0678375],[77.510041,13.0678306],[77.5094539,13.0647956],[77.5090281,13.0647892],[77.5092113,13.0637552],[77.5059771,13.0636764],[77.5052207,13.0635686],[77.5068893,13.0609401],[77.5071647,13.0608571],[77.5079922,13.0594601],[77.5112608,13.0589098],[77.5115305,13.0599993],[77.5121603,13.0599183],[77.5141118,13.0612264],[77.5180795,13.0602357],[77.5199195,13.0591495],[77.5205353,13.0592089],[77.5210466,13.0581776],[77.5192034,13.0496423],[77.5187026,13.0483805],[77.5221339,13.0459525],[77.5232483,13.0477761],[77.5240751,13.0492564],[77.5271017,13.0512337],[77.528805,13.0518721],[77.5307415,13.0534726],[77.5314163,13.0545208],[77.5340792,13.0548765],[77.5353044,13.0548328],[77.5350978,13.0559292],[77.5352002,13.0562559],[77.5351577,13.0572097],[77.5349499,13.0572903],[77.5349931,13.0575308],[77.5354888,13.057639],[77.534453,13.0591284],[77.533565,13.0588753],[77.5334722,13.0595377],[77.5326943,13.0597299],[77.5327958,13.0583459],[77.5322518,13.0581655],[77.5310657,13.0617928],[77.5296885,13.0616106],[77.5272055,13.0631106],[77.5273477,13.0632407],[77.5245033,13.0643915],[77.5247998,13.065347]]]},"properties":{"ward_key":"ward_369_final.332","ward_no":67,"ward_name":"Shettihalli","ward_name_kn":"ಶೆಟ್ಟಿಹಳ್ಳಿ","corporation":"North"}},{"type":"Feature","geometry":{"type":"Polygon","coordinates":[[[77.7020876,12.9652366],[77.7011796,12.9643306],[77.7007237,12.9639531],[77.6998928,12.9634523],[77.6974036,12.9627601],[77.6944528,12.9612279],[77.6942854,12.9611847],[77.6941696,12.9618908],[77.6906527,12.9612502],[77.6901748,12.963554],[77.6917587,12.9639869],[77.6931895,12.9674044],[77.6933944,12.9683071],[77.692623,12.9683042],[77.6913245,12.9676233],[77.6905409,12.9675679],[77.6898902,12.9675673],[77.689648,12.9671299],[77.6887375,12.9670997],[77.6887342,12.9672502],[77.6883823,12.9672371],[77.6888655,12.9623245],[77.689348,12.9621682],[77.6895458,12.9611295],[77.6892574,12.9596615],[77.6896353,12.9554204],[77.6994496,12.9570567],[77.7048824,12.9566454],[77.7040337,12.962283],[77.7035414,12.9617029],[77.7016249,12.9618868],[77.7020876,12.9652366]]]},"properties":{"ward_key":"ward_369_final.333","ward_no":44,"ward_name":"Ashwath Nagar","ward_name_kn":"ಅಶ್ವಥ್ ನಗರ","corporation":"East"}},{"type":"Feature","geometry":{"type":"Polygon","coordinates":[[[77.5600718,13.0879995],[77.5615091,13.0951982],[77.5628493,13.0977845],[77.5651042,13.0976447],[77.5709783,13.0981791],[77.5708057,13.0992814],[77.5700245,13.1003342],[77.569815,13.1030403],[77.5706436,13.1066012],[77.5654631,13.1076644],[77.5668397,13.1034764],[77.5669265,13.1024336],[77.5659073,13.1028118],[77.5657785,13.101648],[77.565487,13.1017002],[77.5653756,13.1012587],[77.5631613,13.1013648],[77.5629598,13.1007553],[77.5621486,13.101009],[77.5610283,13.098403],[77.5579661,13.0997603],[77.5574344,13.0976923],[77.557802,13.0976452],[77.5576974,13.0966556],[77.5580606,13.0963413],[77.5566613,13.0964201],[77.557021,13.0957155],[77.5579291,13.095732],[77.557925,13.0943095],[77.5582456,13.0942642],[77.5582305,13.0939367],[77.5556895,13.0943963],[77.5553112,13.0931887],[77.5545261,13.0942422],[77.5540235,13.094238],[77.5535574,13.0939459],[77.5517626,13.0939445],[77.550349,13.0936202],[77.5475643,13.094547],[77.5461136,13.0948688],[77.5461722,13.0913622],[77.5467518,13.0882435],[77.5486772,13.0857768],[77.5485241,13.0848995],[77.5487393,13.0842114],[77.5482645,13.0817482],[77.548597,13.0817031],[77.5493239,13.0820957],[77.5502484,13.0822639],[77.5520679,13.0843758],[77.5556538,13.0859519],[77.5587154,13.0847222],[77.5589091,13.0849631],[77.5603935,13.0840698],[77.5630704,13.0861945],[77.5600718,13.0879995]]]},"properties":{"ward_key":"ward_369_final.334","ward_no":7,"ward_name":"Attur","ward_name_kn":"ಅಟ್ಟುರು","corporation":"North"}},{"type":"Feature","geometry":{"type":"Polygon","coordinates":[[[77.5595213,12.9882954],[77.5579139,12.9910193],[77.5560592,12.9899106],[77.5559481,12.9875034],[77.5543184,12.9875215],[77.5541558,12.9843532],[77.5493062,12.9849767],[77.549146,12.9849565],[77.5490234,12.9808084],[77.5538473,12.9805993],[77.5537448,12.9798393],[77.5550286,12.9800748],[77.5552639,12.9827358],[77.5556249,12.9827305],[77.5556654,12.983044],[77.5560052,12.983021],[77.5560655,12.9842547],[77.5557562,12.9842844],[77.5558075,12.9849778],[77.5565124,12.9850114],[77.5582501,12.9835705],[77.5602487,12.9834242],[77.5599656,12.9872102],[77.5595213,12.9882954]]]},"properties":{"ward_key":"ward_369_final.335","ward_no":62,"ward_name":"Rama Mandira","ward_name_kn":"ರಾಮ ಮಂದಿರ","corporation":"West"}},{"type":"Feature","geometry":{"type":"GeometryCollection","geometries":[{"type":"LineString","coordinates":[[77.572241,12.9849723],[77.572193,12.9847925]]},{"type":"Polygon","coordinates":[[[77.5650888,12.9874034],[77.5665437,12.9873705],[77.5665997,12.986818],[77.5669691,12.9870328],[77.5667979,12.9859208],[77.567504,12.9859192],[77.5673,12.9853619],[77.5680283,12.9852913],[77.5680491,12.984893],[77.5685734,12.9851728],[77.5688566,12.9865494],[77.569653,12.9870365],[77.569813,12.9858332],[77.5714798,12.9852538],[77.5719867,12.9848111],[77.5720509,12.985045],[77.572241,12.9849723],[77.5720996,12.9887467],[77.5719023,12.9895793],[77.5715138,12.9894817],[77.5685745,12.9933928],[77.5678109,12.9933801],[77.5679321,12.9884213],[77.5651104,12.9885068],[77.5650888,12.9874034]]]}]},"properties":{"ward_key":"ward_369_final.336","ward_no":62,"ward_name":"Swatantra Palya Ward","ward_name_kn":"ಸ್ವತಂತ್ರ ಪಾಳ್ಯ ವಾರ್ಡ್","corporation":"Central"}},{"type":"Feature","geometry":{"type":"Polygon","coordinates":[[[77.6335349,12.9219384],[77.6322952,12.9194172],[77.632105,12.9186425],[77.6288371,12.9195841],[77.6288147,12.9193397],[77.6285751,12.9180063],[77.625001,12.9189994],[77.6241009,12.9190473],[77.6237208,12.9182803],[77.6230284,12.9185009],[77.6222374,12.9180768],[77.6227368,12.9173017],[77.62562,12.9176468],[77.6292058,12.9167566],[77.6381705,12.9159502],[77.6385136,12.9206225],[77.6399248,12.9238266],[77.6366943,12.9253216],[77.6349881,12.925069],[77.63402,12.9249199],[77.6335349,12.9219384]]]},"properties":{"ward_key":"ward_369_final.337","ward_no":30,"ward_name":"Jakkasandra","ward_name_kn":"ಜಕ್ಕಸಂದ್ರ","corporation":"South"}},{"type":"Feature","geometry":{"type":"Polygon","coordinates":[[[77.54455,12.9973102],[77.5446881,12.9976129],[77.5418054,12.9989866],[77.5411577,12.999385],[77.5384013,12.9915904],[77.5316547,12.9925753],[77.5314787,12.9911103],[77.5329239,12.9909602],[77.5327611,12.9900618],[77.5335657,12.9896543],[77.5330079,12.9890986],[77.5350381,12.9882963],[77.5381261,12.9877847],[77.5427907,12.9855821],[77.5451699,12.9850145],[77.5456198,12.9887072],[77.5425154,12.9889266],[77.5422943,12.9873811],[77.5405187,12.9882859],[77.5405431,12.9892905],[77.541217,12.9891617],[77.5410408,12.9912317],[77.541409,12.9911818],[77.5415607,12.992185],[77.5421377,12.9920887],[77.5425424,12.9942815],[77.5425087,12.99509],[77.5441452,12.99499],[77.5457871,12.9945649],[77.5458809,12.9948189],[77.5448637,12.9952611],[77.5443033,12.9954284],[77.5443629,12.99609],[77.5440726,12.9962184],[77.5441729,12.9968826],[77.5439402,12.9972108],[77.54455,12.9973102]]]},"properties":{"ward_key":"ward_369_final.338","ward_no":67,"ward_name":"Basaveshwara Nagara","ward_name_kn":"ಬಸವೇಶ್ವರ ನಗರ","corporation":"West"}},{"type":"Feature","geometry":{"type":"Polygon","coordinates":[[[77.5660167,12.9707443],[77.5662837,12.9711218],[77.5672242,12.9728037],[77.5674245,12.9739359],[77.5670017,12.97397],[77.5669212,12.9748703],[77.5680828,12.9805817],[77.5690044,12.9824812],[77.5695793,12.9826651],[77.5703739,12.9819037],[77.5705381,12.9813543],[77.5726577,12.9833992],[77.572193,12.9847925],[77.5720509,12.985045],[77.5719867,12.9848111],[77.5707891,12.9855865],[77.5697028,12.9859804],[77.569653,12.9870365],[77.5686958,12.9862934],[77.5685734,12.9851728],[77.5680492,12.9848919],[77.5681377,12.9825374],[77.5661516,12.9819928],[77.5615765,12.9826997],[77.5617291,12.9819155],[77.5611823,12.9817583],[77.5606307,12.9803611],[77.5592111,12.9798759],[77.5589089,12.9788831],[77.5572369,12.9784656],[77.5553223,12.9772869],[77.5544935,12.9755744],[77.5587014,12.9757358],[77.5584432,12.9746181],[77.5588808,12.9743501],[77.5588407,12.9741137],[77.5597411,12.9737345],[77.5597596,12.97322],[77.5600063,12.9732069],[77.5599909,12.9739686],[77.5604499,12.9739886],[77.5604428,12.9738026],[77.5627249,12.9736291],[77.5626558,12.9716315],[77.5645214,12.9712374],[77.5649062,12.9716121],[77.5652503,12.9713404],[77.5658361,12.9713011],[77.5660167,12.9707443]]]},"properties":{"ward_key":"ward_369_final.339","ward_no":56,"ward_name":"Gopalpura","ward_name_kn":"ಗೋಪಾಲಪುರ","corporation":"Central"}},{"type":"Feature","geometry":{"type":"Polygon","coordinates":[[[77.5078274,13.0515738],[77.5077302,13.0487694],[77.5080069,13.0471348],[77.5073034,13.0453336],[77.5090631,13.044727],[77.5129563,13.0429342],[77.5134123,13.0443082],[77.5149515,13.0492635],[77.5119449,13.0500773],[77.5120239,13.0505472],[77.5108081,13.0510444],[77.5115778,13.0535714],[77.5114669,13.0537091],[77.5110912,13.0538164],[77.5109605,13.053438],[77.5092362,13.0538299],[77.5082472,13.0515356],[77.5078274,13.0515738]]]},"properties":{"ward_key":"ward_369_final.34","ward_no":71,"ward_name":"Nele Maheshwaramma Temple Ward","ward_name_kn":"ನೆಲೆ ಮಹೇಶ್ವರಮ್ಮ ದೇವಸ್ಥಾನ ವಾರ್ಡ್","corporation":"North"}},{"type":"Feature","geometry":{"type":"GeometryCollection","geometries":[{"type":"LineString","coordinates":[[77.5661063,12.9708649],[77.5660167,12.9707443]]},{"type":"Polygon","coordinates":[[[77.5754256,12.9693637],[77.5744626,12.969738],[77.5745241,12.9700357],[77.5736397,12.9704313],[77.5733133,12.9701008],[77.573494,12.9706675],[77.5728762,12.9708809],[77.5732034,12.9716298],[77.5723006,12.9725063],[77.5728718,12.9737891],[77.5741206,12.9735408],[77.5741589,12.9743166],[77.5711418,12.9745151],[77.5708263,12.9746294],[77.5708992,12.9804726],[77.5700078,12.9823711],[77.5695793,12.9826651],[77.5690044,12.9824812],[77.5680828,12.9805817],[77.5669212,12.9748703],[77.5670017,12.97397],[77.5674245,12.9739359],[77.5669796,12.9722983],[77.5661063,12.9708649],[77.5664302,12.97076],[77.5642566,12.9682428],[77.5651997,12.9677457],[77.5656015,12.9667465],[77.5662035,12.9667583],[77.5664247,12.9671365],[77.5677475,12.9670327],[77.567928,12.9673655],[77.5679068,12.9682111],[77.5706821,12.9677918],[77.5737431,12.9664438],[77.5754256,12.9693637]]]}]},"properties":{"ward_key":"ward_369_final.340","ward_no":57,"ward_name":"Cottonpete","ward_name_kn":"ಕಾಟನ್‌ಪೇಟೆ","corporation":"Central"}},{"type":"Feature","geometry":{"type":"Polygon","coordinates":[[[77.5660167,12.9707443],[77.5658361,12.9713011],[77.5652503,12.9713404],[77.5649062,12.9716121],[77.5645214,12.9712374],[77.5615152,12.9719473],[77.5613539,12.9713175],[77.5608447,12.9713845],[77.5606423,12.96928],[77.560302,12.9684225],[77.5591012,12.9689931],[77.5565343,12.9694029],[77.5556628,12.9691981],[77.5548498,12.967252],[77.5561008,12.967008],[77.5568116,12.9665645],[77.5569115,12.9660271],[77.5585249,12.9650909],[77.5588558,12.9647871],[77.5597438,12.9665583],[77.5607413,12.965794],[77.5612417,12.9648473],[77.5617408,12.9647238],[77.5619998,12.9648872],[77.5645585,12.9686219],[77.5664302,12.97076],[77.5660167,12.9707443]]]},"properties":{"ward_key":"ward_369_final.341","ward_no":54,"ward_name":"Binnypete","ward_name_kn":"ಬಿನ್ನಿಪೇಟೆ","corporation":"Central"}},{"type":"Feature","geometry":{"type":"GeometryCollection","geometries":[{"type":"LineString","coordinates":[[77.5377785,13.006681],[77.5379106,13.0067471]]},{"type":"Polygon","coordinates":[[[77.5352959,13.005366],[77.5360402,13.0067761],[77.5363301,13.0064429],[77.5364847,13.0066578],[77.5371703,13.0062366],[77.5377785,13.006681],[77.5374408,13.0070963],[77.5386933,13.0068438],[77.5388639,13.0079928],[77.5392258,13.007952],[77.5393494,13.0090039],[77.5411403,13.0087513],[77.5412332,13.0096477],[77.5400561,13.0098584],[77.5404815,13.012557],[77.5398819,13.0125118],[77.5395037,13.0138215],[77.538186,13.0148808],[77.5366627,13.0152606],[77.5351243,13.0149123],[77.5346648,13.0145489],[77.5353065,13.0136887],[77.5347268,13.0132358],[77.5342516,13.0135593],[77.5335366,13.0119666],[77.5335237,13.0106938],[77.5338573,13.010754],[77.5336317,13.0102495],[77.5352843,13.0091701],[77.5344366,13.0076028],[77.5316009,13.0087144],[77.5320468,13.0095428],[77.5318813,13.0098406],[77.5327975,13.0106955],[77.5326575,13.0111154],[77.5330793,13.0112568],[77.5329891,13.0133154],[77.5330412,13.0134524],[77.530468,13.0142772],[77.528385,13.011393],[77.5276831,13.0107558],[77.5282326,13.0094556],[77.5288242,13.0089464],[77.5302734,13.0088242],[77.5304164,13.0078809],[77.5300501,13.0073605],[77.5299053,13.0057481],[77.5317099,13.005568],[77.5330725,13.0064616],[77.5333724,13.0063371],[77.534518,13.00719],[77.5352959,13.005366]]]}]},"properties":{"ward_key":"ward_369_final.342","ward_no":39,"ward_name":"Jai Maruthi Nagar","ward_name_kn":"ಜೈ ಮಾರುತಿ ನಗರ","corporation":"West"}},{"type":"Feature","geometry":{"type":"GeometryCollection","geometries":[{"type":"LineString","coordinates":[[77.6164421,12.9151971],[77.6165573,12.915319]]},{"type":"Polygon","coordinates":[[[77.6058034,12.8962132],[77.6053277,12.8943627],[77.6073162,12.8939201],[77.6078488,12.8955311],[77.609107,12.8950165],[77.6092072,12.8949066],[77.6092754,12.8953029],[77.6085076,12.8958981],[77.6089411,12.8989548],[77.6095381,12.8991624],[77.6106249,12.8980935],[77.6119581,12.8978026],[77.6127818,12.8979473],[77.6130309,12.8982151],[77.6132428,12.8992838],[77.6139296,12.8991002],[77.6167679,12.9019579],[77.6172884,12.9022265],[77.6175913,12.9027625],[77.618195,12.9025927],[77.6184446,12.9031651],[77.6186165,12.9050469],[77.6189639,12.9059597],[77.6207537,12.9079757],[77.6205603,12.909919],[77.620934,12.9107758],[77.621146,12.9117373],[77.6212268,12.9123851],[77.6211351,12.9126741],[77.6193125,12.9126387],[77.6164421,12.9151971],[77.6153059,12.9096185],[77.6148668,12.9084654],[77.6140347,12.9071644],[77.612686,12.9047303],[77.609322,12.9050564],[77.6094479,12.9054166],[77.6081225,12.9058485],[77.6055562,12.9057025],[77.6038539,12.9058652],[77.6040169,12.9086958],[77.6002904,12.9085279],[77.6005645,12.9072448],[77.6018518,12.9054977],[77.6014284,12.9035237],[77.599763,12.9037776],[77.599198,12.9037708],[77.5989283,12.903205],[77.5994891,12.901161],[77.5962142,12.9025439],[77.5949108,12.9026416],[77.5950107,12.9017056],[77.5980273,12.900832],[77.598672,12.9002227],[77.5976873,12.8969446],[77.5994994,12.8962628],[77.5997379,12.8964975],[77.6009026,12.8998061],[77.6052558,12.8981385],[77.6049026,12.8965797],[77.6058034,12.8962132]]]}]},"properties":{"ward_key":"ward_369_final.343","ward_no":60,"ward_name":"Bilekahalli","ward_name_kn":"ಬಿಳೇಕಹಳ್ಳಿ","corporation":"South"}},{"type":"Feature","geometry":{"type":"GeometryCollection","geometries":[{"type":"LineString","coordinates":[[77.5585446,12.964955],[77.5585249,12.9650908]]},{"type":"Polygon","coordinates":[[[77.5571956,12.9604959],[77.5591663,12.9612042],[77.563255,12.9618174],[77.5661587,12.9628221],[77.5661336,12.9640743],[77.5655257,12.9641102],[77.5656618,12.9651254],[77.5651984,12.9651523],[77.5654659,12.9668622],[77.5650141,12.9679463],[77.5642243,12.9682019],[77.5617408,12.9647238],[77.5610334,12.9650797],[77.560332,12.9662498],[77.5597438,12.9665583],[77.5588558,12.9647871],[77.5585446,12.964955],[77.5582327,12.9633572],[77.5558432,12.9642857],[77.55522,12.9644021],[77.5550012,12.9638065],[77.555478,12.9629976],[77.5571956,12.9604959]]]}]},"properties":{"ward_key":"ward_369_final.344","ward_no":47,"ward_name":"IPD Salappa Ward","ward_name_kn":"ಐಪಿಡಿ ಸಾಲಪ್ಪ ವಾರ್ಡ್","corporation":"Central"}},{"type":"Feature","geometry":{"type":"Polygon","coordinates":[[[77.6264157,12.9044337],[77.6264069,12.9035959],[77.625399,12.9033178],[77.6242724,12.8990115],[77.6258628,12.8989679],[77.6254839,12.8967116],[77.6261168,12.8966051],[77.6260472,12.8958294],[77.6253368,12.8959149],[77.6253164,12.8945968],[77.6227716,12.8950061],[77.6226988,12.8945895],[77.6229728,12.8945478],[77.6230306,12.8940097],[77.6227186,12.894019],[77.6227372,12.8934615],[77.6258429,12.8933715],[77.6258128,12.8937068],[77.6295861,12.8936904],[77.6297631,12.8946972],[77.6307273,12.8945707],[77.6308134,12.8955142],[77.6314043,12.8954753],[77.6314742,12.895764],[77.6321752,12.8956259],[77.6322223,12.8958697],[77.6325032,12.895824],[77.6305186,12.8972378],[77.6297053,12.8994173],[77.6285083,12.8996699],[77.628488,12.899504],[77.6282292,12.8995244],[77.6281054,12.8990299],[77.62748,12.8991446],[77.6272922,12.8981622],[77.6264676,12.8982842],[77.6274627,12.9025476],[77.6273045,12.9039209],[77.6274826,12.9043615],[77.6264157,12.9044337]]]},"properties":{"ward_key":"ward_369_final.345","ward_no":64,"ward_name":"Hongasandra","ward_name_kn":"ಹೊಂಗಸಂದ್ರ","corporation":"South"}},{"type":"Feature","geometry":{"type":"Polygon","coordinates":[[[77.5546781,12.964776],[77.5545495,12.9642043],[77.5523094,12.9644827],[77.5515383,12.9616117],[77.5510486,12.9616039],[77.5509426,12.9612543],[77.5507226,12.9612954],[77.5506777,12.9609355],[77.5484452,12.9607944],[77.5481224,12.9601038],[77.5464849,12.9602878],[77.5484052,12.9565688],[77.5528679,12.9576063],[77.5552044,12.9585847],[77.55668,12.9601592],[77.5571049,12.9604407],[77.5562379,12.9618018],[77.5556232,12.9627876],[77.5550872,12.9639361],[77.55522,12.9644021],[77.5546781,12.964776]]]},"properties":{"ward_key":"ward_369_final.346","ward_no":50,"ward_name":"JJR Nagara","ward_name_kn":"ಜೆಜೆಆರ್ ನಗರ","corporation":"Central"}},{"type":"Feature","geometry":{"type":"Polygon","coordinates":[[[77.6264157,12.9044337],[77.6293429,12.9039022],[77.6292962,12.9035945],[77.6311381,12.9034239],[77.6310038,12.9036412],[77.6267393,12.9105698],[77.6260404,12.910208],[77.6262016,12.9096701],[77.6259433,12.9094271],[77.6255655,12.9094511],[77.6254057,12.9088045],[77.6242643,12.9090586],[77.6236483,12.9087906],[77.6234763,12.9088013],[77.6229082,12.9074169],[77.622884,12.9068657],[77.622306,12.9068202],[77.6215573,12.9067435],[77.621471,12.9058783],[77.6217997,12.9058083],[77.6216518,12.9046288],[77.6205199,12.9048419],[77.6195324,12.9024362],[77.6200908,12.902283],[77.6199527,12.9018461],[77.6202622,12.9017364],[77.6202328,12.9010856],[77.6199904,12.901082],[77.6197479,12.8982751],[77.6214413,12.8976775],[77.6213643,12.8974084],[77.6230987,12.8973195],[77.6229152,12.8963918],[77.6241177,12.8966111],[77.6242172,12.8970113],[77.6254839,12.8967116],[77.6258628,12.8989679],[77.6242724,12.8990115],[77.625399,12.9033178],[77.6264069,12.9035959],[77.6264157,12.9044337]]]},"properties":{"ward_key":"ward_369_final.347","ward_no":63,"ward_name":"Bommanahalli","ward_name_kn":"ಬೊಮ್ಮನಹಳ್ಳಿ","corporation":"South"}},{"type":"Feature","geometry":{"type":"GeometryCollection","geometries":[{"type":"LineString","coordinates":[[77.5468653,13.0332622],[77.5469489,13.0328961]]},{"type":"Polygon","coordinates":[[[77.5448416,13.0369793],[77.5468653,13.0332622],[77.5500369,13.0368408],[77.5501726,13.0375268],[77.549896,13.0375767],[77.5502009,13.0390232],[77.5498854,13.0390941],[77.550053,13.039663],[77.5530214,13.038722],[77.5573023,13.0385429],[77.5594422,13.0389314],[77.5609627,13.0400016],[77.5606419,13.0404498],[77.5597301,13.040609],[77.5592253,13.0415298],[77.5572522,13.0427223],[77.5570783,13.0428269],[77.5566648,13.0452288],[77.5530775,13.0504659],[77.5504808,13.0536514],[77.5467934,13.0567276],[77.5448617,13.0549829],[77.5412664,13.0546965],[77.5385303,13.0543608],[77.5375552,13.0544923],[77.5376704,13.0514669],[77.5372397,13.0514872],[77.5376165,13.0495849],[77.5424426,13.0507491],[77.5428408,13.0504805],[77.5426905,13.0492491],[77.550153,13.048854],[77.5498431,13.0480025],[77.5523024,13.045403],[77.5518954,13.0442592],[77.5501585,13.0445796],[77.5508552,13.0441352],[77.5509113,13.0429123],[77.5472323,13.0416836],[77.5474877,13.0435816],[77.5459159,13.0439926],[77.5465127,13.0448082],[77.5444658,13.0457228],[77.5437628,13.0443121],[77.5428395,13.0448443],[77.5429946,13.0451681],[77.5416457,13.046398],[77.5401306,13.0443118],[77.5396891,13.0440216],[77.5364795,13.0489658],[77.5355676,13.0486163],[77.5354785,13.0481723],[77.5299841,13.0465499],[77.5312227,13.0442511],[77.5269166,13.0451074],[77.5255467,13.0441361],[77.5254348,13.0436817],[77.5407535,13.0325223],[77.5419507,13.0383125],[77.5429546,13.0392901],[77.5448416,13.0369793]]]}]},"properties":{"ward_key":"ward_369_final.348","ward_no":61,"ward_name":"HMT Ward","ward_name_kn":"ಎಚ್ಎಮ್.ಟಿ ವಾರ್ಡ್","corporation":"North"}},{"type":"Feature","geometry":{"type":"Polygon","coordinates":[[[77.6041324,12.9199354],[77.6034156,12.9198077],[77.6034542,12.9175432],[77.6030568,12.9174726],[77.6030325,12.917817],[77.6024143,12.9177331],[77.6022552,12.919154],[77.6017206,12.9190338],[77.6015693,12.9201753],[77.6001879,12.920048],[77.6001009,12.9188572],[77.5951367,12.9189684],[77.5950585,12.916852],[77.5968667,12.9168157],[77.59693,12.912761],[77.5955998,12.9127148],[77.5956536,12.9108952],[77.5951815,12.910884],[77.5952008,12.9102177],[77.5933177,12.9101392],[77.5932985,12.9090302],[77.59506,12.9090055],[77.5949497,12.9039047],[77.5938583,12.9038573],[77.5939922,12.9026623],[77.5968259,12.9023929],[77.5994891,12.901161],[77.5989876,12.9035755],[77.5995526,12.9038492],[77.6009911,12.9034577],[77.6014284,12.9035237],[77.6018518,12.9054977],[77.6005645,12.9072448],[77.6000708,12.9102122],[77.5999717,12.9139342],[77.5999931,12.9167278],[77.6072371,12.9165922],[77.6078287,12.9189681],[77.6080604,12.9200836],[77.6053176,12.9207626],[77.6051418,12.9195858],[77.6041829,12.919412],[77.6041324,12.9199354]]]},"properties":{"ward_key":"ward_369_final.349","ward_no":14,"ward_name":"J.P Nagar","ward_name_kn":"ಜೆ.ಪಿ. ನಗರ","corporation":"South"}},{"type":"Feature","geometry":{"type":"Polygon","coordinates":[[[77.5349594,13.0264764],[77.5381398,13.0260651],[77.5384071,13.0261513],[77.5386132,13.0276438],[77.5394219,13.0271938],[77.5400813,13.0288159],[77.5407477,13.0324966],[77.5253137,13.0437552],[77.5221922,13.0459013],[77.5184519,13.0399357],[77.5183231,13.0366711],[77.5178776,13.0331333],[77.5216482,13.0238043],[77.5239944,13.0225019],[77.5279352,13.0211487],[77.5284557,13.0210027],[77.5310218,13.0266691],[77.5341383,13.0250038],[77.5349594,13.0264764]]]},"properties":{"ward_key":"ward_369_final.35","ward_no":34,"ward_name":"Peenya","ward_name_kn":"ಪೀಣ್ಯ","corporation":"West"}},{"type":"Feature","geometry":{"type":"Polygon","coordinates":[[[77.7215995,12.9955906],[77.7258298,12.9956022],[77.7315512,12.9966106],[77.7332612,12.9933008],[77.7341877,12.9878259],[77.7373076,12.987576],[77.7404952,12.9875108],[77.7449015,12.9863927],[77.747261,12.9854674],[77.7476436,12.9853559],[77.7487663,12.9858475],[77.748746,12.9886178],[77.7500128,12.9889925],[77.7528292,12.9891404],[77.7548279,12.9900381],[77.757175,12.9929543],[77.7584088,12.9967458],[77.7598189,12.9965388],[77.7601248,12.998069],[77.7595782,12.9980866],[77.7598103,12.9993663],[77.7611364,12.9997526],[77.7613789,13.0004967],[77.7616999,13.0005416],[77.7621078,13.0017464],[77.7626948,13.0013079],[77.7630526,13.0021595],[77.7634979,13.0022908],[77.763491,13.0027128],[77.7632581,13.0027574],[77.7633617,13.0028514],[77.7619924,13.0051195],[77.7605679,13.0050651],[77.7593844,13.0060978],[77.7596162,13.0073757],[77.7580286,13.0085571],[77.7573648,13.0088282],[77.7560142,13.010072],[77.7553103,13.0102393],[77.754822,13.0088456],[77.7523016,13.0107481],[77.7507122,13.0113105],[77.7496248,13.0115137],[77.7487191,13.0122933],[77.7478807,13.0127309],[77.7477957,13.0114982],[77.7472174,13.011663],[77.7468932,13.0104761],[77.7471981,13.0098395],[77.74695,13.0093463],[77.7468674,13.0072311],[77.7470524,13.007195],[77.7469993,13.006813],[77.7442516,13.0071807],[77.7411054,13.0071435],[77.7408784,13.0081253],[77.738143,13.0075772],[77.7366022,13.0078778],[77.7355753,13.0070074],[77.7355522,13.0063945],[77.7335993,13.0056542],[77.7306579,13.0055375],[77.7302978,13.0049441],[77.7293182,13.0054809],[77.7281386,13.0041963],[77.7277989,13.0042673],[77.7273919,13.0038767],[77.7252787,13.0035701],[77.7234941,13.0035966],[77.7229436,13.0011716],[77.722022,12.9986378],[77.7198839,12.9959155],[77.7215995,12.9955906]]]},"properties":{"ward_key":"ward_369_final.350","ward_no":30,"ward_name":"Belathur","ward_name_kn":"ಬೆಳತ್ತೂರ್","corporation":"East"}},{"type":"Feature","geometry":{"type":"Polygon","coordinates":[[[77.5225457,12.9899118],[77.5231923,12.9898577],[77.5233544,12.9902409],[77.5240464,12.989961],[77.5244935,12.9914027],[77.5277808,12.9902007],[77.5287341,12.9898765],[77.5288988,12.9903266],[77.5312179,12.9897585],[77.5315935,12.9921662],[77.5285685,12.9926422],[77.527283,12.9929827],[77.52758,12.9939522],[77.5267319,12.9941543],[77.5268057,12.9944675],[77.5270893,12.9943931],[77.527531,12.9963172],[77.5280851,12.9961776],[77.5281971,12.9967569],[77.5273505,12.9969759],[77.5272959,12.9966954],[77.5256423,12.9971559],[77.5257674,12.9973963],[77.5254713,12.9974867],[77.5254709,12.9978666],[77.5252072,12.99792],[77.5248266,12.9971831],[77.5243333,12.9961131],[77.5235908,12.9953749],[77.5230324,12.9937279],[77.5228681,12.9929601],[77.5222462,12.9922646],[77.5216374,12.9919737],[77.5215199,12.9914573],[77.5222246,12.9911425],[77.5224763,12.9915599],[77.523168,12.9912335],[77.5225457,12.9899118]]]},"properties":{"ward_key":"ward_369_final.351","ward_no":46,"ward_name":"Kamalanagara","ward_name_kn":"ಕಮಲಾನಗರ","corporation":"West"}},{"type":"Feature","geometry":{"type":"Polygon","coordinates":[[[77.5225457,12.9899118],[77.523168,12.9912335],[77.5224763,12.9915599],[77.5222246,12.9911425],[77.5215199,12.9914573],[77.5207273,12.989891],[77.5200813,12.9874985],[77.5203779,12.9868756],[77.5229478,12.9856141],[77.5238374,12.985015],[77.5255503,12.9856034],[77.526073,12.9859428],[77.5274335,12.9850638],[77.528643,12.9838516],[77.5291162,12.9855518],[77.5292622,12.9863827],[77.5307948,12.9887906],[77.5311927,12.9896953],[77.5288988,12.9903266],[77.5287341,12.9898765],[77.5246349,12.9913403],[77.5244204,12.9912361],[77.5240464,12.989961],[77.5233544,12.9902409],[77.5231923,12.9898577],[77.5225457,12.9899118]]]},"properties":{"ward_key":"ward_369_final.352","ward_no":47,"ward_name":"Vrishabhavathi Nagar","ward_name_kn":"ವೃಷಭಾವತಿ ನಗರ","corporation":"West"}},{"type":"Feature","geometry":{"type":"Polygon","coordinates":[[[77.557773,12.9407353],[77.5553252,12.941011],[77.5551644,12.939678],[77.5547887,12.9397067],[77.5550212,12.9418626],[77.5508336,12.94209],[77.5510967,12.9430296],[77.550793,12.943086],[77.5506647,12.9426307],[77.5502588,12.9426276],[77.5498378,12.9421637],[77.5464116,12.9427631],[77.5460236,12.9417564],[77.5468944,12.9416281],[77.5468034,12.9413266],[77.5464346,12.9414163],[77.5463026,12.9411359],[77.5466895,12.9408751],[77.5466744,12.9406418],[77.5487583,12.9403722],[77.5486487,12.9398962],[77.5494187,12.9396059],[77.5495123,12.9389712],[77.5490575,12.9387807],[77.5497698,12.9379991],[77.5513557,12.9390394],[77.5542856,12.9385069],[77.5565929,12.9382336],[77.5572036,12.9379736],[77.559992,12.9382677],[77.5598188,12.9358218],[77.559047,12.9359322],[77.5588722,12.9351815],[77.5594774,12.9350482],[77.5593938,12.9343098],[77.5603249,12.9345668],[77.5601206,12.9330776],[77.5616939,12.9327716],[77.5622741,12.9343885],[77.5627229,12.9341378],[77.5625036,12.9338114],[77.5626804,12.9334381],[77.5639673,12.9366237],[77.5645177,12.9376442],[77.5644336,12.9389247],[77.5631422,12.9388614],[77.5628681,12.9392351],[77.5600798,12.9392667],[77.5601271,12.9400604],[77.5598443,12.9400641],[77.559848,12.9404005],[77.5578053,12.9405201],[77.557773,12.9407353]]]},"properties":{"ward_key":"ward_369_final.353","ward_no":98,"ward_name":"Ashoka Nagara","ward_name_kn":"ಅಶೋಕ ನಗರ","corporation":"West"}},{"type":"Feature","geometry":{"type":"Polygon","coordinates":[[[77.599635,13.0299655],[77.5994821,13.0283613],[77.5996825,13.0279678],[77.6051987,13.0271984],[77.6064868,13.0269261],[77.6078502,13.0297008],[77.6086416,13.0322799],[77.6064978,13.0328425],[77.6064246,13.0347875],[77.6047392,13.0348544],[77.6047946,13.0321884],[77.6001867,13.0327777],[77.6001653,13.0307696],[77.599635,13.0299655]]]},"properties":{"ward_key":"ward_369_final.354","ward_no":51,"ward_name":"Manorayanapalya","ward_name_kn":"ಮನೋರಾಯನಪಾಳ್ಯ","corporation":"North"}},{"type":"Feature","geometry":{"type":"Polygon","coordinates":[[[77.7020257,12.9151564],[77.7035356,12.915173],[77.7037636,12.9153969],[77.7037079,12.9157247],[77.704963,12.9169942],[77.7055423,12.9205354],[77.7079864,12.9310174],[77.7079271,12.9325325],[77.71111,12.9310454],[77.7129877,12.9292306],[77.7142358,12.9284681],[77.7180406,12.9279871],[77.7187871,12.9293951],[77.721805,12.930297],[77.7240648,12.9305774],[77.7252309,12.9313933],[77.7258837,12.9314378],[77.7272942,12.9310051],[77.72736,12.9312233],[77.7288347,12.9307354],[77.7288126,12.9305525],[77.7299935,12.9303695],[77.7303262,12.9354259],[77.7331017,12.9359863],[77.7335025,12.9359634],[77.7339673,12.9373805],[77.7337976,12.9375202],[77.7330003,12.9393047],[77.732817,12.9412402],[77.7323954,12.9412443],[77.7322739,12.9419422],[77.7316033,12.9426248],[77.7286219,12.943585],[77.7263143,12.9431658],[77.7251444,12.943463],[77.7200625,12.9432628],[77.7165129,12.9420569],[77.7159167,12.9422132],[77.714136,12.941757],[77.7139945,12.9415002],[77.7136615,12.9416398],[77.7118599,12.9412292],[77.7105264,12.9415678],[77.7086157,12.9416652],[77.7076784,12.941027],[77.7072594,12.9418572],[77.7061176,12.9420881],[77.7054322,12.9419401],[77.7042763,12.9434531],[77.7038502,12.9436264],[77.703795,12.944544],[77.7032958,12.9451423],[77.7027494,12.9454121],[77.7010238,12.9454392],[77.7002346,12.9457854],[77.6991944,12.9457077],[77.6984217,12.9459547],[77.6991296,12.9481878],[77.7003051,12.9538815],[77.6999632,12.9539573],[77.6980532,12.9543357],[77.6982188,12.952865],[77.6974433,12.9486694],[77.6963622,12.9490963],[77.6962402,12.9456404],[77.6954751,12.9459934],[77.6950981,12.9458973],[77.6950232,12.9456183],[77.69286,12.9447459],[77.6921707,12.9441637],[77.691923,12.9434947],[77.6906109,12.9425781],[77.6903422,12.9419864],[77.6892723,12.9414258],[77.6897044,12.9408492],[77.6898208,12.9394936],[77.6877593,12.9387747],[77.6878646,12.9381685],[77.6868334,12.9379024],[77.6860747,12.9370947],[77.688091,12.9367843],[77.6881785,12.9362397],[77.6880356,12.9355592],[77.6900421,12.9356674],[77.6917527,12.9321568],[77.6931282,12.9313986],[77.6950704,12.9313203],[77.6947137,12.9291045],[77.6949863,12.9243399],[77.6955689,12.9211519],[77.6964624,12.9198341],[77.6990918,12.9167048],[77.6987268,12.9155403],[77.7017817,12.9145188],[77.7020257,12.9151564]]]},"properties":{"ward_key":"ward_369_final.355","ward_no":48,"ward_name":"Panathur","ward_name_kn":"ಪಣತ್ತೂರು","corporation":"East"}},{"type":"Feature","geometry":{"type":"Polygon","coordinates":[[[77.5933279,13.0055883],[77.5947787,13.0092181],[77.5949229,13.0091378],[77.595773,13.0112294],[77.5953914,13.0113824],[77.5964571,13.0135797],[77.5976904,13.015767],[77.5977985,13.0164532],[77.5990171,13.0186312],[77.5998772,13.0202668],[77.6009439,13.0229923],[77.5995472,13.0235278],[77.5988778,13.023484],[77.5985431,13.0224397],[77.5981132,13.0225487],[77.5977795,13.0213552],[77.5979531,13.0212982],[77.5974558,13.0200928],[77.5971527,13.0201768],[77.5968851,13.0196081],[77.5944135,13.0202528],[77.5939467,13.0187825],[77.5947553,13.018564],[77.5945687,13.017748],[77.5950166,13.0174144],[77.5951005,13.0167152],[77.5938054,13.0165106],[77.5936212,13.0158196],[77.59285,13.0158785],[77.592704,13.014946],[77.5927876,13.0146508],[77.5934931,13.0141396],[77.5936941,13.0126136],[77.5938554,13.0122467],[77.5906042,13.0100193],[77.5926794,13.0067975],[77.5933279,13.0055883]]]},"properties":{"ward_key":"ward_369_final.356","ward_no":49,"ward_name":"Jaya Chamarajendra Nagara","ward_name_kn":"ಜಯ ಚಾಮರಾಜೇಂದ್ರ ನಗರ","corporation":"North"}},{"type":"Feature","geometry":{"type":"Polygon","coordinates":[[[77.6751127,13.0173453],[77.6750299,13.0164748],[77.6785153,13.0163475],[77.6781932,13.0190102],[77.6783817,13.0213464],[77.6789662,13.0212932],[77.6793481,13.0313529],[77.6794374,13.0347937],[77.680734,13.0347637],[77.6808882,13.0367292],[77.6802565,13.0367753],[77.6801919,13.0388983],[77.6775544,13.038958],[77.6776972,13.0432034],[77.6798476,13.0432954],[77.6801817,13.0495865],[77.681083,13.0518388],[77.679531,13.0524501],[77.6756458,13.0525491],[77.6744142,13.0511729],[77.6735911,13.0507887],[77.6729818,13.0507857],[77.6724272,13.0511282],[77.6717054,13.050969],[77.6699942,13.0490106],[77.6689681,13.0452217],[77.6687252,13.0452012],[77.6698273,13.0437748],[77.6696819,13.042829],[77.6706688,13.042884],[77.6711038,13.0428598],[77.6705697,13.0408726],[77.6684261,13.0410905],[77.6683404,13.0406174],[77.6695744,13.0404363],[77.6694537,13.0394671],[77.6681316,13.0396518],[77.6678858,13.0379368],[77.6706993,13.0373577],[77.6710241,13.0368123],[77.6733338,13.0357998],[77.6739195,13.0344626],[77.6737568,13.0334995],[77.6683555,13.0309372],[77.6669024,13.0304985],[77.6638264,13.0287853],[77.6664347,13.0262453],[77.6681981,13.0250909],[77.6708434,13.0223706],[77.6745418,13.0199943],[77.6761435,13.0192739],[77.6755022,13.0172474],[77.6751127,13.0173453]]]},"properties":{"ward_key":"ward_369_final.357","ward_no":6,"ward_name":"Kalkere","ward_name_kn":"ಕಲ್ಕೆರೆ","corporation":"East"}},{"type":"Feature","geometry":{"type":"Polygon","coordinates":[[[77.5023569,13.0047794],[77.5026126,13.004738],[77.502575,13.0044256],[77.5037423,13.0043292],[77.5035692,13.003346],[77.504362,13.0032455],[77.5045104,13.0019373],[77.5051535,13.0016897],[77.5066343,13.0014501],[77.5069252,13.0028129],[77.5090192,13.0024295],[77.5094362,13.0025237],[77.5123922,13.0002227],[77.5140941,13.0001568],[77.5147888,13.0005758],[77.5151607,13.0001159],[77.5152488,12.9995978],[77.5155918,12.9993461],[77.5165591,12.9988838],[77.5177047,12.9986785],[77.5174633,12.9985498],[77.5174104,12.9972425],[77.5186513,12.9972131],[77.519031,12.9974888],[77.518861,12.9985633],[77.519369,12.9988599],[77.5190698,13.0000216],[77.5183217,13.0001892],[77.5178982,13.0014762],[77.5181425,13.0024575],[77.5182371,13.003045],[77.5176996,13.0041073],[77.5176978,13.0042711],[77.515106,13.0046285],[77.5152288,13.0052784],[77.5149653,13.0053567],[77.514992,13.0057083],[77.5126084,13.0055231],[77.5126903,13.0044016],[77.5124956,13.003779],[77.5084183,13.0041443],[77.5085114,13.0051307],[77.5051597,13.005521],[77.5061289,13.0098948],[77.5037272,13.0096872],[77.5036302,13.0086724],[77.5032262,13.0087572],[77.5032024,13.0080733],[77.5022351,13.0082124],[77.502105,13.0076123],[77.5031997,13.0073846],[77.5031627,13.0068673],[77.5021873,13.0072414],[77.5020896,13.0068048],[77.50082,13.0071166],[77.5005388,13.0063534],[77.5012704,13.0061135],[77.5011138,13.0058138],[77.5018443,13.0056464],[77.502004,13.005719],[77.5021186,13.0052203],[77.5024085,13.0052122],[77.5023569,13.0047794]]]},"properties":{"ward_key":"ward_369_final.358","ward_no":8,"ward_name":"Hegganahalli","ward_name_kn":"ಹೆಗ್ಗನಹಳ್ಳಿ","corporation":"West"}},{"type":"Feature","geometry":{"type":"Polygon","coordinates":[[[77.5733862,13.0076892],[77.5757383,13.0078787],[77.5763823,13.0077524],[77.5788033,13.0064659],[77.5786449,13.0057659],[77.5835333,13.0029319],[77.5840921,13.0030619],[77.5839007,13.0089786],[77.5840734,13.0208912],[77.5845793,13.0229713],[77.5821664,13.0248632],[77.5811553,13.0253189],[77.5806109,13.0259708],[77.5799943,13.026532],[77.5777266,13.0268878],[77.5777073,13.027246],[77.5715305,13.0284378],[77.5714976,13.0275931],[77.5687608,13.0279277],[77.5669364,13.0280938],[77.5643475,13.0297316],[77.5627095,13.0300541],[77.561799,13.0273351],[77.5618253,13.0263344],[77.5631191,13.0224877],[77.5630582,13.0212887],[77.5615988,13.0189451],[77.5605694,13.0170775],[77.5689755,13.0121001],[77.5692469,13.0064553],[77.5739206,13.0063441],[77.5738179,13.0071511],[77.57233,13.0078781],[77.5724268,13.0080735],[77.5733862,13.0076892]]]},"properties":{"ward_key":"ward_369_final.359","ward_no":50,"ward_name":"Sadashiva Nagara","ward_name_kn":"ಸದಾಶಿವ ನಗರ","corporation":"West"}},{"type":"Feature","geometry":{"type":"GeometryCollection","geometries":[{"type":"LineString","coordinates":[[77.5179072,13.0086972],[77.5182114,13.0091074]]},{"type":"Polygon","coordinates":[[[77.5123053,13.0133172],[77.5121147,13.0134141],[77.5131863,13.0154747],[77.5115101,13.0162206],[77.5094587,13.0128787],[77.5082144,13.0115253],[77.5069008,13.0108886],[77.5059338,13.0093315],[77.5051597,13.005521],[77.5085114,13.0051307],[77.5084183,13.0041443],[77.5124956,13.003779],[77.5126627,13.0048654],[77.5126084,13.0055231],[77.514992,13.0057083],[77.5149653,13.0053567],[77.5152288,13.0052784],[77.515106,13.0046285],[77.5177059,13.0044483],[77.517662,13.006146],[77.5173247,13.0066125],[77.5174755,13.0075766],[77.5173868,13.008316],[77.5179072,13.0086972],[77.515607,13.0096255],[77.515553,13.0094719],[77.5144259,13.0096566],[77.5138687,13.0103478],[77.5135842,13.0104113],[77.5138534,13.0113423],[77.5136853,13.01137],[77.5138,13.01199],[77.5125463,13.0125732],[77.5123505,13.0118718],[77.5117249,13.012156],[77.5123053,13.0133172]]]}]},"properties":{"ward_key":"ward_369_final.36","ward_no":7,"ward_name":"Rajagopala Nagara","ward_name_kn":"ರಾಜಗೋಪಾಲ ನಗರ","corporation":"West"}},{"type":"Feature","geometry":{"type":"Polygon","coordinates":[[[77.5610376,12.9902987],[77.5604004,12.9920036],[77.5584623,12.9913753],[77.5579139,12.9910193],[77.5599656,12.9872102],[77.5602487,12.9834242],[77.5580219,12.9836826],[77.5565124,12.9850114],[77.5558075,12.9849778],[77.5557562,12.9842844],[77.5560655,12.9842547],[77.5560052,12.983021],[77.5556654,12.983044],[77.5556249,12.9827305],[77.5552639,12.9827358],[77.5550831,12.9800848],[77.55527,12.9801191],[77.5545599,12.9773771],[77.5552058,12.977101],[77.5560487,12.9778405],[77.5584157,12.9788305],[77.5590195,12.9789902],[77.5592111,12.9798759],[77.5607596,12.9804615],[77.5611823,12.9817583],[77.5617291,12.9819155],[77.5611008,12.98471],[77.5608351,12.986768],[77.5618478,12.9872041],[77.5611522,12.9891959],[77.5609597,12.9891974],[77.5607601,12.9901385],[77.5610376,12.9902987]]]},"properties":{"ward_key":"ward_369_final.360","ward_no":61,"ward_name":"Da.Ra. Bendre Ward","ward_name_kn":"ದ.ರಾ.ಬೇಂದ್ರೆ ವಾರ್ಡ್","corporation":"West"}},{"type":"Feature","geometry":{"type":"Polygon","coordinates":[[[77.6860914,13.0179123],[77.6862903,13.0207673],[77.6873275,13.0210557],[77.6873216,13.021799],[77.6881825,13.022072],[77.6839616,13.0228933],[77.6831768,13.0272161],[77.6838576,13.0360644],[77.6850463,13.0450412],[77.6841334,13.0493401],[77.6839647,13.050107],[77.6836568,13.0500406],[77.681127,13.0518047],[77.6801817,13.0495865],[77.6798476,13.0432954],[77.6776972,13.0432034],[77.6775544,13.038958],[77.6801919,13.0388983],[77.6802565,13.0367753],[77.6808882,13.0367292],[77.680734,13.0347637],[77.6794374,13.0347937],[77.6790459,13.0226323],[77.6789662,13.0212932],[77.6783817,13.0213464],[77.6782496,13.018064],[77.6785153,13.0163475],[77.681659,13.0162259],[77.6817403,13.0166217],[77.6833177,13.0163313],[77.6836616,13.0176012],[77.6867218,13.0172947],[77.686731,13.0178525],[77.6860914,13.0179123]]]},"properties":{"ward_key":"ward_369_final.361","ward_no":7,"ward_name":"K Chennasandra","ward_name_kn":"ಕೆ ಚೆನ್ನಸಂದ್ರ","corporation":"East"}},{"type":"Feature","geometry":{"type":"Polygon","coordinates":[[[77.6729437,13.0069103],[77.6707122,13.0069419],[77.6706034,13.0054082],[77.6700867,13.0037549],[77.6708476,13.0036352],[77.6708255,13.0030811],[77.672716,13.0033657],[77.6726612,13.002614],[77.6754554,13.0023642],[77.6754631,13.0013796],[77.6756286,13.0007545],[77.6771112,13.0007411],[77.6769984,13.0033609],[77.6771247,13.0049897],[77.6754543,13.0055545],[77.6751486,13.0054712],[77.6746807,13.0066164],[77.674464,13.0068221],[77.6746076,13.0072248],[77.672941,13.0072097],[77.6729437,13.0069103]]]},"properties":{"ward_key":"ward_369_final.362","ward_no":17,"ward_name":"Vijinapura","ward_name_kn":"ವಿಜಿನಾಪುರ","corporation":"East"}},{"type":"Feature","geometry":{"type":"Polygon","coordinates":[[[77.670353,12.9710878],[77.6701357,12.9697849],[77.6703569,12.9697283],[77.6702833,12.9695183],[77.6710835,12.9694059],[77.6716465,12.9710327],[77.6725471,12.9709157],[77.6725129,12.9707484],[77.6745087,12.97004],[77.674098,12.9691472],[77.6744611,12.9688523],[77.6741669,12.9681675],[77.6743889,12.9680974],[77.6740978,12.9674478],[77.6727147,12.9670327],[77.6725673,12.9644852],[77.6751146,12.9648488],[77.675073,12.9668765],[77.6769322,12.9667382],[77.6774014,12.9661705],[77.6778688,12.9658733],[77.678625,12.9660146],[77.6786527,12.9662251],[77.6792357,12.9660865],[77.6789698,12.9649892],[77.6810902,12.9642461],[77.6821149,12.9641169],[77.6830111,12.9661318],[77.6826203,12.967394],[77.6824374,12.9696229],[77.6818491,12.9706687],[77.6818387,12.972283],[77.6822392,12.9740372],[77.6812378,12.9744107],[77.6821121,12.9768691],[77.6812101,12.9772092],[77.681429,12.9776656],[77.6793373,12.9779199],[77.6792989,12.9761624],[77.6781162,12.972709],[77.6728571,12.974015],[77.6679314,12.9755565],[77.6665159,12.9753328],[77.666611,12.9744251],[77.6669136,12.9743011],[77.6666609,12.9730085],[77.6668855,12.9725805],[77.6665681,12.9724042],[77.6661978,12.9714949],[77.6670091,12.9712845],[77.6666523,12.9707482],[77.6688444,12.9709563],[77.6690723,12.9712587],[77.670353,12.9710878]]]},"properties":{"ward_key":"ward_369_final.363","ward_no":24,"ward_name":"Vignananagara","ward_name_kn":"ವಿಜ್ಞಾನನಗರ","corporation":"East"}},{"type":"Feature","geometry":{"type":"Polygon","coordinates":[[[77.6381954,13.0615332],[77.6382191,13.0618142],[77.6334645,13.0625469],[77.6328291,13.0594451],[77.6279938,13.0637276],[77.627546,13.0623732],[77.6255265,13.0629099],[77.6254578,13.0622357],[77.6242632,13.0614817],[77.6243574,13.0601089],[77.623988,13.0587778],[77.6262347,13.0575769],[77.6276264,13.0572932],[77.6260146,13.0541011],[77.6250469,13.0523377],[77.6264113,13.0520064],[77.6260759,13.0508713],[77.6284383,13.0506817],[77.628076,13.0496616],[77.6273395,13.049836],[77.6268407,13.0482534],[77.6272446,13.0480418],[77.6269411,13.0465539],[77.6270483,13.045772],[77.6278451,13.0451865],[77.6281351,13.0443467],[77.6286708,13.0439223],[77.6281287,13.0433067],[77.6285156,13.0426365],[77.6285406,13.0423935],[77.6290767,13.0424931],[77.6293796,13.0424358],[77.6297906,13.0422543],[77.6304424,13.0426215],[77.6310436,13.0425115],[77.6314103,13.0429312],[77.6319474,13.0425847],[77.6327881,13.0419246],[77.6335406,13.0418481],[77.6336307,13.0425857],[77.6347383,13.0424344],[77.6350064,13.0414842],[77.6354488,13.0410077],[77.6358164,13.0408029],[77.6364962,13.0409394],[77.636787,13.0412086],[77.6366109,13.0422527],[77.6372775,13.0429313],[77.6371813,13.0452117],[77.6383339,13.0500642],[77.6381356,13.0500956],[77.6384207,13.0514998],[77.63778,13.0518089],[77.6383393,13.0545348],[77.6381855,13.0548404],[77.6383542,13.0576695],[77.6381954,13.0615332]]]},"properties":{"ward_key":"ward_369_final.364","ward_no":19,"ward_name":"Thanisandra","ward_name_kn":"ಥಣಿಸಂದ್ರ","corporation":"North"}},{"type":"Feature","geometry":{"type":"Polygon","coordinates":[[[77.6066709,13.0646222],[77.6067375,13.0676193],[77.6097738,13.0666025],[77.6092851,13.06343],[77.6081917,13.0634142],[77.6077431,13.0630393],[77.6069217,13.0627495],[77.6036256,13.0609017],[77.6033909,13.0583834],[77.6043319,13.0580617],[77.6029542,13.0561806],[77.6032524,13.0560993],[77.6025813,13.0538825],[77.6067373,13.0523106],[77.6069887,13.0519901],[77.6071859,13.0538694],[77.6070197,13.0538961],[77.6070912,13.0543965],[77.6111462,13.0534355],[77.611255,13.0538061],[77.6118785,13.0536716],[77.6118844,13.053263],[77.6124699,13.0531505],[77.6128101,13.0537665],[77.6154506,13.0532576],[77.6156199,13.0539335],[77.6163536,13.0538619],[77.616434,13.0542441],[77.6187131,13.0541746],[77.619603,13.055512],[77.6199692,13.0557302],[77.6234508,13.0555062],[77.6252835,13.0551459],[77.6255171,13.0552558],[77.6262347,13.0575769],[77.623988,13.0587778],[77.6243263,13.0607069],[77.6242632,13.0614817],[77.6254578,13.0622357],[77.6255265,13.0629099],[77.627546,13.0623732],[77.6279938,13.0637276],[77.6328291,13.0594451],[77.6336107,13.0642525],[77.6336318,13.0675903],[77.6311115,13.0678523],[77.6311428,13.0699371],[77.6300557,13.0698792],[77.6300458,13.0719887],[77.6282348,13.0721736],[77.628282,13.0726243],[77.6264844,13.072858],[77.6265615,13.0738379],[77.6241539,13.0740986],[77.6242766,13.0745433],[77.6231213,13.0746915],[77.6227037,13.0731588],[77.6188922,13.0735605],[77.6188483,13.0719447],[77.610475,13.0790001],[77.6111741,13.0792561],[77.6118599,13.0820611],[77.6139925,13.081105],[77.614426,13.0801207],[77.6148454,13.0802308],[77.6136168,13.082732],[77.6125419,13.0875192],[77.6111713,13.0890116],[77.6089396,13.0925095],[77.6080015,13.0944163],[77.6060426,13.0939833],[77.6059808,13.0934521],[77.6066358,13.091997],[77.6065049,13.0918853],[77.6068081,13.0912464],[77.6070895,13.0912788],[77.6078717,13.088897],[77.6079461,13.088345],[77.6070186,13.0881907],[77.6050351,13.0871476],[77.6025254,13.0861327],[77.6028153,13.0857587],[77.6020928,13.0820076],[77.6023532,13.0819236],[77.6018203,13.0781548],[77.6022776,13.0780869],[77.602055,13.0770887],[77.6016009,13.076887],[77.6012822,13.0730288],[77.6018557,13.0728462],[77.6015014,13.071209],[77.6038388,13.0714143],[77.6034433,13.0688077],[77.6042609,13.0685139],[77.6041127,13.0657863],[77.6038615,13.0658451],[77.60389,13.0645014],[77.6066709,13.0646222]]]},"properties":{"ward_key":"ward_369_final.365","ward_no":17,"ward_name":"Jakkur","ward_name_kn":"ಜಕ್ಕೂರು","corporation":"North"}},{"type":"Feature","geometry":{"type":"Polygon","coordinates":[[[77.6098056,12.9437218],[77.6098638,12.9440428],[77.6142615,12.9425709],[77.6151786,12.9420837],[77.6146854,12.9409741],[77.6151221,12.9403634],[77.6163981,12.9396441],[77.617985,12.9392454],[77.6173117,12.9363192],[77.6156762,12.9360588],[77.615289,12.9358491],[77.616602,12.9341335],[77.6181584,12.9335262],[77.6201683,12.9336562],[77.6234273,12.9335588],[77.623796,12.9345531],[77.6219773,12.9357539],[77.6238016,12.9379543],[77.6222484,12.9396141],[77.6228532,12.9401966],[77.6219352,12.9411811],[77.6228719,12.9418777],[77.6224105,12.9423128],[77.6212443,12.9414522],[77.6196853,12.9421963],[77.6187087,12.9423009],[77.6187133,12.9420998],[77.6174235,12.9422204],[77.6176777,12.9441679],[77.6177701,12.9446536],[77.6166181,12.9451984],[77.6160936,12.9466221],[77.6165164,12.9485399],[77.6169514,12.9491855],[77.6131279,12.9492917],[77.6116649,12.9493075],[77.6112117,12.9489899],[77.6057917,12.9497977],[77.6056893,12.9501161],[77.6034233,12.9504372],[77.6024255,12.9473559],[77.60283,12.9444505],[77.6061795,12.9440072],[77.6062802,12.9433356],[77.6060204,12.9423032],[77.6070361,12.9422564],[77.608022,12.9425557],[77.6082962,12.941949],[77.6089041,12.9421151],[77.6088582,12.9437286],[77.6098056,12.9437218]]]},"properties":{"ward_key":"ward_369_final.366","ward_no":24,"ward_name":"A Adugodi","ward_name_kn":"ಎ. ಆಡುಗೋಡಿ","corporation":"South"}},{"type":"Feature","geometry":{"type":"Polygon","coordinates":[[[77.5314455,13.0786346],[77.5303735,13.0781048],[77.5304053,13.0779024],[77.5307042,13.0778645],[77.5311172,13.0758615],[77.5315213,13.075609],[77.5312477,13.0739155],[77.531789,13.0724429],[77.5309762,13.0697735],[77.5322054,13.0688929],[77.5339302,13.0673392],[77.5339384,13.0660334],[77.5349539,13.0634994],[77.5351865,13.0632645],[77.5338549,13.0600498],[77.5354888,13.057639],[77.5349931,13.0575308],[77.5349499,13.0572903],[77.5351577,13.0572097],[77.5352529,13.0560069],[77.5351247,13.0557381],[77.5353746,13.0548254],[77.5394998,13.054372],[77.5434035,13.0549328],[77.545033,13.0550625],[77.5467934,13.0567276],[77.5479948,13.0557766],[77.548051,13.0575517],[77.550808,13.0576842],[77.5514115,13.057908],[77.5515497,13.0597759],[77.5514569,13.0603499],[77.5520452,13.0626046],[77.5515928,13.0624185],[77.5511483,13.0621251],[77.5508583,13.0622462],[77.5510529,13.0634881],[77.5519867,13.0631985],[77.5531545,13.0664918],[77.5534927,13.0664134],[77.5553693,13.0701811],[77.5518158,13.0716808],[77.5537209,13.0760059],[77.5510615,13.0777649],[77.5501945,13.0780537],[77.5501341,13.0778615],[77.5475659,13.0785399],[77.548116,13.0814686],[77.546085,13.0814765],[77.5451969,13.082399],[77.5449846,13.0822682],[77.5445506,13.082544],[77.5443415,13.0822364],[77.5437803,13.0827797],[77.5433222,13.0827312],[77.5416445,13.0818072],[77.5417731,13.0805943],[77.5410659,13.079385],[77.5427506,13.0787779],[77.5422855,13.0761924],[77.5386929,13.076687],[77.5388558,13.0764215],[77.5370978,13.076572],[77.5371941,13.0770142],[77.5365912,13.0771089],[77.5368084,13.0782022],[77.5351318,13.0783814],[77.5339487,13.0787185],[77.5314455,13.0786346]]]},"properties":{"ward_key":"ward_369_final.367","ward_no":9,"ward_name":"Kuvempunagara","ward_name_kn":"ಕುವೆಂಪುನಗರ","corporation":"North"}},{"type":"Feature","geometry":{"type":"Polygon","coordinates":[[[77.5514461,13.0600304],[77.5514602,13.0585136],[77.5512907,13.0578072],[77.5495064,13.0575531],[77.548051,13.0575517],[77.548081,13.0555666],[77.551172,13.0529834],[77.5553079,13.047344],[77.5568477,13.044703],[77.5571033,13.0426687],[77.55757,13.0426635],[77.5594354,13.0412917],[77.5599642,13.0404599],[77.5606419,13.0404498],[77.5610559,13.0401012],[77.562074,13.0419084],[77.5715651,13.0586507],[77.5700244,13.0598308],[77.5706177,13.0608006],[77.5683567,13.0620767],[77.568179,13.062393],[77.5685312,13.0628877],[77.5665561,13.0637713],[77.5662004,13.0638539],[77.5653053,13.065463],[77.5644141,13.0668655],[77.563587,13.068685],[77.5611339,13.0687547],[77.5604676,13.0687521],[77.5599583,13.0656197],[77.5576094,13.0662462],[77.5575019,13.0659296],[77.5565516,13.0662733],[77.5558644,13.0642529],[77.5560597,13.0642493],[77.5561148,13.0636611],[77.555212,13.0635621],[77.5556674,13.0619456],[77.5520452,13.0626046],[77.5514461,13.0600304]]]},"properties":{"ward_key":"ward_369_final.368","ward_no":11,"ward_name":"Doddabommasandra","ward_name_kn":"ದೊಡ್ಡಬೊಮ್ಮಸಂದ್ರ","corporation":"North"}},{"type":"Feature","geometry":{"type":"Polygon","coordinates":[[[77.6034685,13.0332901],[77.6035455,13.0340247],[77.6046613,13.0340598],[77.6046579,13.0348323],[77.6013858,13.0350942],[77.5990917,13.0352988],[77.59706,13.0357859],[77.5969019,13.0353604],[77.5967562,13.0340227],[77.5965793,13.0340282],[77.5964775,13.030112],[77.5963328,13.0298694],[77.596076,13.0298852],[77.5958406,13.0283492],[77.5955207,13.028407],[77.5947674,13.0247453],[77.5929742,13.0249221],[77.5920428,13.0182463],[77.5914058,13.0157488],[77.5926323,13.0150631],[77.59285,13.0158785],[77.5936212,13.0158196],[77.5938054,13.0165106],[77.5951005,13.0167152],[77.5950166,13.0174144],[77.5945687,13.017748],[77.5947553,13.018564],[77.5939467,13.0187825],[77.5944135,13.0202528],[77.5935981,13.0204629],[77.5944805,13.023683],[77.5961189,13.023247],[77.596239,13.0236648],[77.5968102,13.023496],[77.5971055,13.0250257],[77.5971639,13.0272722],[77.5968009,13.0273236],[77.5967834,13.0288995],[77.5972737,13.0288663],[77.5972453,13.0294625],[77.5979915,13.0294668],[77.5980263,13.0301243],[77.598644,13.0300134],[77.5992552,13.0331768],[77.600658,13.033444],[77.6017046,13.0341409],[77.6020265,13.0340473],[77.6019418,13.0334322],[77.6034685,13.0332901]]]},"properties":{"ward_key":"ward_369_final.369","ward_no":53,"ward_name":"R.T Nagar","ward_name_kn":"ಆರ್.ಟಿ ನಗರ","corporation":"North"}},{"type":"Feature","geometry":{"type":"Polygon","coordinates":[[[77.5433637,12.9432737],[77.5457574,12.942955],[77.5498378,12.9421637],[77.5502588,12.9426276],[77.5502812,12.9429059],[77.5497914,12.9434855],[77.5494719,12.9449567],[77.5488059,12.9450418],[77.5486874,12.9441873],[77.5479315,12.9442652],[77.5479819,12.9447013],[77.5460963,12.9450353],[77.5453853,12.945045],[77.545376,12.9453081],[77.5441757,12.9456859],[77.5444822,12.9462068],[77.5442734,12.9463143],[77.5446639,12.9470047],[77.5425255,12.9480712],[77.5406959,12.9483579],[77.5402077,12.9485675],[77.5388638,12.9487685],[77.5385016,12.9487255],[77.5387161,12.9497047],[77.5381666,12.9498641],[77.5374656,12.9495381],[77.5374307,12.9488427],[77.5381472,12.9481022],[77.5374219,12.9454516],[77.5394196,12.9452902],[77.5394661,12.9445385],[77.5409205,12.9448197],[77.5410077,12.9444495],[77.5415542,12.9445483],[77.5414829,12.9448619],[77.5429581,12.9447543],[77.5429621,12.9444145],[77.5433885,12.9443929],[77.5433637,12.9432737]]]},"properties":{"ward_key":"ward_369_final.37","ward_no":93,"ward_name":"Avalahalli","ward_name_kn":"ಆವಲಹಳ್ಳಿ","corporation":"West"}},{"type":"Feature","geometry":{"type":"Polygon","coordinates":[[[77.6694537,13.0394671],[77.6695744,13.0404363],[77.6683404,13.0406174],[77.6684261,13.0410905],[77.6706933,13.0409658],[77.6711038,13.0428598],[77.6706688,13.042884],[77.6696819,13.042829],[77.669703,13.0438908],[77.6687252,13.0452012],[77.6690094,13.0454084],[77.6702397,13.0493888],[77.6718432,13.0510911],[77.6723036,13.0509937],[77.6722825,13.0511805],[77.6715555,13.0512386],[77.6700195,13.0501038],[77.6678154,13.0499323],[77.6657639,13.0500257],[77.6642456,13.0508081],[77.6652667,13.0548991],[77.6656818,13.0608112],[77.6672959,13.0640511],[77.6668778,13.0659387],[77.6597985,13.0681041],[77.6578229,13.0729698],[77.6564887,13.0745729],[77.6565221,13.0678324],[77.6558264,13.0624256],[77.6553817,13.0569926],[77.6555237,13.056535],[77.6551334,13.0551523],[77.6555195,13.0550715],[77.6553365,13.051252],[77.6548465,13.0488913],[77.6551183,13.04808],[77.6561028,13.0481049],[77.65614,13.046842],[77.6528658,13.0465626],[77.6521722,13.0470759],[77.6485669,13.0479766],[77.6472868,13.0481845],[77.6473524,13.0486361],[77.6474689,13.0488698],[77.6472683,13.0490582],[77.647424,13.0494101],[77.6470456,13.0495133],[77.6480104,13.0508706],[77.6472532,13.0527295],[77.6471005,13.0542386],[77.6473238,13.0542747],[77.6472882,13.0556011],[77.6470301,13.0555147],[77.6459259,13.052393],[77.6455233,13.0492597],[77.6452295,13.0482206],[77.6443912,13.0470769],[77.6439168,13.0453705],[77.6426371,13.0437869],[77.6414005,13.0410452],[77.6414585,13.0395111],[77.6423684,13.0389767],[77.6437093,13.0389381],[77.6435967,13.0424722],[77.6449222,13.0428992],[77.6594727,13.0249327],[77.6614866,13.0273917],[77.667188,13.030621],[77.6694479,13.0313107],[77.6737568,13.0334995],[77.6738335,13.034627],[77.6731491,13.0359116],[77.6707938,13.0369697],[77.6706993,13.0373577],[77.6678858,13.0379368],[77.6681316,13.0396518],[77.6694537,13.0394671]]]},"properties":{"ward_key":"ward_369_final.38","ward_no":2,"ward_name":"Horamavu","ward_name_kn":"ಹೊರಮಾವು","corporation":"East"}},{"type":"Feature","geometry":{"type":"GeometryCollection","geometries":[{"type":"LineString","coordinates":[[77.6460207,13.023242],[77.6458827,13.0231809]]},{"type":"Polygon","coordinates":[[[77.6469051,13.0234378],[77.6460207,13.023242],[77.6619359,13.016204],[77.6622773,13.0132978],[77.6630897,13.0130513],[77.662678,13.0199072],[77.6614923,13.0225582],[77.6497074,13.0370807],[77.6497081,13.0360641],[77.6499547,13.0360724],[77.6497676,13.0321382],[77.6495713,13.0321495],[77.6495165,13.0316871],[77.6492776,13.0316937],[77.6487861,13.0285294],[77.6484627,13.027125],[77.6469387,13.0275785],[77.6465685,13.0262551],[77.6472954,13.0260544],[77.6471991,13.0256794],[77.6474753,13.0256286],[77.6469051,13.0234378]]]}]},"properties":{"ward_key":"ward_369_final.39","ward_no":4,"ward_name":"Babusab Palya","ward_name_kn":"ಬಾಬುಸಾಬ್ ಪಾಳ್ಯ","corporation":"East"}},{"type":"Feature","geometry":{"type":"Polygon","coordinates":[[[77.608289,13.1019985],[77.6080079,13.0994316],[77.6075251,13.0981921],[77.6106788,13.0977266],[77.6113273,13.0974187],[77.614197,13.0974915],[77.6172959,13.09793],[77.6232595,13.0986044],[77.6241558,13.0980699],[77.6251222,13.0983228],[77.6253005,13.0981106],[77.6292203,13.0988598],[77.6297629,13.1000401],[77.6319802,13.0990874],[77.6315028,13.0979879],[77.6334615,13.0970232],[77.6328625,13.0957683],[77.6345821,13.0952264],[77.6351772,13.0968329],[77.6359196,13.0958468],[77.6356461,13.0900737],[77.63464,13.0839362],[77.6387586,13.083347],[77.6418373,13.0818892],[77.6425765,13.0834281],[77.6435569,13.0829878],[77.6436423,13.0826587],[77.6445512,13.0823175],[77.6461014,13.0843387],[77.6465837,13.0851302],[77.646524,13.0862758],[77.6426974,13.0868863],[77.6474561,13.096776],[77.6490296,13.1011503],[77.6503034,13.1046591],[77.6438538,13.1057352],[77.6419234,13.1055389],[77.6369589,13.1064042],[77.6372427,13.1078841],[77.6386098,13.1133688],[77.6304723,13.1260075],[77.6258699,13.1274617],[77.6184035,13.1316008],[77.6157508,13.1311126],[77.61216,13.1206654],[77.6118616,13.1175042],[77.6121427,13.1174009],[77.6114142,13.1136015],[77.6103318,13.1111387],[77.6120293,13.1111411],[77.6122758,13.1093668],[77.6115053,13.109023],[77.6118447,13.1082771],[77.6113295,13.1080674],[77.6120021,13.106648],[77.6125086,13.1062112],[77.6105461,13.1049249],[77.6104883,13.1039424],[77.6106382,13.1037047],[77.6106438,13.1034245],[77.6101891,13.1032341],[77.609864,13.1025654],[77.6092316,13.1025339],[77.6091323,13.1020852],[77.608289,13.1019985]],[[77.620848,13.1081733],[77.6220852,13.1101519],[77.6261426,13.1102793],[77.6300847,13.1112532],[77.6278942,13.108348],[77.6272129,13.1076258],[77.6261121,13.1057231],[77.62603,13.1050813],[77.6257677,13.105154],[77.6252258,13.1038072],[77.6249161,13.1031365],[77.6224024,13.1035184],[77.6225668,13.1056828],[77.622953,13.1071725],[77.6215627,13.1076871],[77.6208766,13.1079728],[77.620848,13.1081733]]]},"properties":{"ward_key":"ward_369_final.4","ward_no":21,"ward_name":"Kogilu","ward_name_kn":"ಕೋಗಿಲು","corporation":"North"}},{"type":"Feature","geometry":{"type":"Polygon","coordinates":[[[77.6707577,12.9946914],[77.6720724,12.9951229],[77.6720037,12.9961684],[77.6721669,12.9961953],[77.672295,12.9958386],[77.672941,12.9958883],[77.6745405,12.9951894],[77.6754204,12.9949948],[77.6755171,12.9955159],[77.6767323,12.9944695],[77.6772462,12.9950072],[77.6799083,12.9947508],[77.6825296,12.9948237],[77.683202,12.9951567],[77.6834856,12.9962713],[77.6836471,12.9963293],[77.6875186,12.9912631],[77.6888062,12.9924153],[77.6898767,12.9954746],[77.6906532,12.9971533],[77.6884052,12.9985511],[77.6864965,13.0001832],[77.6831797,13.0005473],[77.6771112,13.0007411],[77.6678401,12.9961591],[77.6684008,12.9955494],[77.6686992,12.9954628],[77.668358,12.9937358],[77.668808,12.9937191],[77.6697756,12.9940353],[77.6702159,12.9939424],[77.6707577,12.9946914]]]},"properties":{"ward_key":"ward_369_final.40","ward_no":20,"ward_name":"A Narayanapura","ward_name_kn":"ಎ ನಾರಾಯಣಪುರ","corporation":"East"}},{"type":"Feature","geometry":{"type":"Polygon","coordinates":[[[77.6792357,12.9660865],[77.6786527,12.9662251],[77.678625,12.9660146],[77.6777207,12.9659521],[77.6769878,12.9664652],[77.6767208,12.9668013],[77.675073,12.9668765],[77.6751146,12.9648488],[77.6733417,12.9646417],[77.6733351,12.9632457],[77.6725676,12.9633615],[77.6721641,12.9611636],[77.6703382,12.9617478],[77.668175,12.9612784],[77.6679412,12.9581534],[77.66358,12.9588843],[77.6630292,12.9568277],[77.6633698,12.955722],[77.6608912,12.955587],[77.6608474,12.9554192],[77.6618177,12.9553934],[77.6617762,12.9549547],[77.6624002,12.9547845],[77.6623695,12.9542589],[77.6609918,12.954328],[77.6609832,12.9528691],[77.6551242,12.9527016],[77.652524,12.9525229],[77.6522398,12.9517839],[77.6505421,12.9506381],[77.6491847,12.948897],[77.6490891,12.9477473],[77.6495588,12.9473322],[77.6548226,12.9476257],[77.6553815,12.9474551],[77.6599591,12.9475563],[77.6625724,12.9465077],[77.6625077,12.9445311],[77.6641577,12.9444453],[77.6647497,12.94587],[77.6664812,12.9460804],[77.6665476,12.9463688],[77.6683847,12.9465492],[77.6683083,12.9468871],[77.6708759,12.9471172],[77.670897,12.9478532],[77.672948,12.9478988],[77.6731052,12.9481231],[77.6753178,12.9486367],[77.6794606,12.9481899],[77.6885906,12.9492691],[77.6893291,12.9500113],[77.6893898,12.9530403],[77.6875806,12.9550104],[77.6798612,12.9544237],[77.6799618,12.9550154],[77.6796303,12.9563692],[77.6803316,12.9579471],[77.6810241,12.9584117],[77.6810153,12.959902],[77.6821364,12.9641139],[77.6803009,12.9644012],[77.6789698,12.9649892],[77.6792357,12.9660865]]]},"properties":{"ward_key":"ward_369_final.41","ward_no":27,"ward_name":"Vibhootipura","ward_name_kn":"ವಿಭೂತಿಪುರ","corporation":"East"}},{"type":"Feature","geometry":{"type":"Polygon","coordinates":[[[77.574325,12.8390845],[77.5762225,12.8385628],[77.5787959,12.8382785],[77.5795003,12.8390072],[77.5816375,12.8407802],[77.5818515,12.8424309],[77.5825469,12.8425582],[77.5834625,12.844454],[77.5844353,12.8443464],[77.5851058,12.8453431],[77.5853907,12.8452007],[77.5857232,12.845564],[77.58629,12.8455652],[77.5875859,12.8468895],[77.5876107,12.847145],[77.5881501,12.8471344],[77.5886849,12.8552876],[77.588846,12.8564045],[77.5875343,12.8563933],[77.5875142,12.8559683],[77.5868099,12.8560602],[77.5869557,12.8567392],[77.5863953,12.8568907],[77.5860888,12.8557658],[77.5851531,12.8556738],[77.5850092,12.8558914],[77.5855044,12.8594867],[77.5850325,12.8593812],[77.583984,12.8581912],[77.5823414,12.8586133],[77.5819864,12.8581876],[77.5800619,12.8583748],[77.5802158,12.8556229],[77.5806207,12.8550665],[77.5808015,12.8549453],[77.5790415,12.8505403],[77.5765937,12.8499052],[77.5757981,12.8462662],[77.5734449,12.839879],[77.5743403,12.8395681],[77.574325,12.8390845]]]},"properties":{"ward_key":"ward_369_final.42","ward_no":39,"ward_name":"Gottigere","ward_name_kn":"ಗೊಟ್ಟಿಗೆರೆ","corporation":"South"}},{"type":"Feature","geometry":{"type":"Polygon","coordinates":[[[77.5887537,12.901073],[77.5896709,12.9011207],[77.589468,12.9034008],[77.5889356,12.9033244],[77.5886852,12.9050025],[77.5881184,12.9050819],[77.5880484,12.9055456],[77.5864797,12.9055763],[77.5864361,12.9046445],[77.584978,12.9046647],[77.5849529,12.9051663],[77.5817297,12.9055685],[77.5817577,12.9038642],[77.5802966,12.9041293],[77.5803025,12.9043607],[77.5796677,12.9045398],[77.579689,12.9047135],[77.5786646,12.904954],[77.5786959,12.9053681],[77.5769108,12.9052843],[77.5769718,12.9043891],[77.5772352,12.9038692],[77.5765707,12.9041773],[77.5754579,12.9050567],[77.5754883,12.9064557],[77.5732644,12.9064798],[77.5732164,12.9040398],[77.573233,12.9034261],[77.5759858,12.9033789],[77.5760021,12.9032304],[77.5775489,12.9033586],[77.5779003,12.902828],[77.5779096,12.9019917],[77.5823243,12.9017019],[77.5827368,12.9019129],[77.5828937,12.8986814],[77.5826946,12.8984303],[77.5826527,12.8978787],[77.5832171,12.8975732],[77.5831465,12.8968712],[77.5861094,12.8969683],[77.5858521,12.8978069],[77.5869234,12.8978838],[77.5870073,12.8993077],[77.5875847,12.8994321],[77.5875438,12.8998334],[77.588522,12.9000635],[77.5883823,12.9003192],[77.5888872,12.9003841],[77.5887537,12.901073]]]},"properties":{"ward_key":"ward_369_final.43","ward_no":54,"ward_name":"Kengal Hanumanthaiah South","ward_name_kn":"ಕೆಂಗಲ್ ಹನುಮಂತಯ್ಯ ದಕ್ಷಿಣ","corporation":"South"}},{"type":"Feature","geometry":{"type":"Polygon","coordinates":[[[77.6143283,13.0180129],[77.6148139,13.0177983],[77.6143526,13.0160586],[77.6150501,13.0159104],[77.6148366,13.0151375],[77.6171196,13.0144342],[77.618734,13.0188635],[77.6191101,13.021304],[77.6177315,13.0209758],[77.6172692,13.0203579],[77.6150261,13.0206925],[77.6142518,13.0207651],[77.6138071,13.0201923],[77.6127575,13.0203902],[77.6127588,13.0198608],[77.6134328,13.019773],[77.6129506,13.0172134],[77.6126427,13.0172745],[77.6118119,13.0157815],[77.6126411,13.0152452],[77.6132427,13.0153213],[77.6130674,13.0167489],[77.6134899,13.0166931],[77.6140307,13.0187461],[77.6145024,13.0186383],[77.6143283,13.0180129]]]},"properties":{"ward_key":"ward_369_final.44","ward_no":40,"ward_name":"Shakthi Nagar","ward_name_kn":"ಶಕ್ತಿ ನಗರ","corporation":"North"}},{"type":"Feature","geometry":{"type":"Polygon","coordinates":[[[77.5872136,13.1039877],[77.5846106,13.1036176],[77.5934896,13.0961139],[77.5943341,13.0950721],[77.5953885,13.09642],[77.5962626,13.0935778],[77.5962619,13.091422],[77.5954085,13.0886272],[77.5947979,13.0872175],[77.6021439,13.0859083],[77.6041241,13.0868255],[77.6034369,13.0878914],[77.6032149,13.0890855],[77.6012019,13.0923325],[77.600208,13.0961115],[77.5988452,13.098015],[77.6004203,13.1036083],[77.5995983,13.103619],[77.5993438,13.104854],[77.597533,13.1045604],[77.5969604,13.1042747],[77.5956686,13.1043264],[77.5930093,13.1043075],[77.5919335,13.1039962],[77.5915539,13.1048322],[77.5899676,13.1047932],[77.5872136,13.1039877]]]},"properties":{"ward_key":"ward_369_final.45","ward_no":3,"ward_name":"Yelahanka Old Town","ward_name_kn":"ಯಲಹಂಕ ಓಲ್ಡ್ ಟೌನ್","corporation":"North"}},{"type":"Feature","geometry":{"type":"GeometryCollection","geometries":[{"type":"MultiLineString","coordinates":[[[77.6290802,12.9943504],[77.6288919,12.9941863]],[[77.6225171,12.997891],[77.6223954,12.9979982]]]},{"type":"Polygon","coordinates":[[[77.6254256,12.9955482],[77.6280647,12.994674],[77.6291546,12.9944749],[77.6290802,12.9943504],[77.63734,12.9926822],[77.6374714,12.9936713],[77.6378896,12.9936354],[77.6380568,12.9942017],[77.6379011,12.994236],[77.6379391,12.9951007],[77.6404488,12.9948708],[77.6406595,12.9956839],[77.6411775,12.9953986],[77.6413243,12.9957777],[77.6427186,12.995803],[77.6400652,12.9999766],[77.6384457,13.002727],[77.6363507,13.0039578],[77.6341474,13.0023731],[77.6270737,13.0009932],[77.6249045,12.999437],[77.6232143,12.9980471],[77.6225171,12.997891],[77.6254256,12.9955482]]]}]},"properties":{"ward_key":"ward_369_final.46","ward_no":37,"ward_name":"Jeevanahalli","ward_name_kn":"ಜೀವನಹಳ್ಳಿ","corporation":"North"}},{"type":"Feature","geometry":{"type":"Polygon","coordinates":[[[77.5571859,12.9702864],[77.5571264,12.9693806],[77.5596682,12.9688187],[77.560302,12.9684225],[77.5608084,12.9699212],[77.5608447,12.9713845],[77.5613539,12.9713175],[77.5615152,12.9719473],[77.5624419,12.9717565],[77.562608,12.9717449],[77.5627249,12.9736291],[77.5604428,12.9738026],[77.5604499,12.9739886],[77.5599909,12.9739686],[77.5600063,12.9732069],[77.5597596,12.97322],[77.5597411,12.9737345],[77.5588407,12.9741137],[77.5588808,12.9743501],[77.5583526,12.9745175],[77.5579576,12.9735343],[77.5573559,12.9702509],[77.5571859,12.9702864]]]},"properties":{"ward_key":"ward_369_final.47","ward_no":55,"ward_name":"Bhuvaneshwari Nagar","ward_name_kn":"ಭುವನೇಶ್ವರಿ ನಗರ","corporation":"Central"}},{"type":"Feature","geometry":{"type":"GeometryCollection","geometries":[{"type":"LineString","coordinates":[[77.6470989,13.0556502],[77.647282,13.0557014]]},{"type":"Polygon","coordinates":[[[77.641318,13.0413091],[77.6416093,13.0413055],[77.6426371,13.0437869],[77.6440222,13.0456514],[77.6446272,13.047556],[77.6455127,13.0487148],[77.6459259,13.052393],[77.6470989,13.0556502],[77.6470928,13.0565955],[77.6469082,13.0572692],[77.6471281,13.0575146],[77.6488929,13.0577052],[77.6490817,13.0588308],[77.6516052,13.0586993],[77.6519763,13.0616327],[77.6514139,13.0723681],[77.6508519,13.0764402],[77.650373,13.0789931],[77.6493755,13.0815733],[77.6465837,13.0851302],[77.6448951,13.0827106],[77.6421464,13.0778262],[77.6410625,13.0770107],[77.6395589,13.0766681],[77.6383086,13.0751598],[77.6394909,13.0749354],[77.6394994,13.0695525],[77.6386488,13.0660856],[77.6381574,13.059641],[77.6382982,13.0552389],[77.6381533,13.0546373],[77.638313,13.0543284],[77.6377963,13.0516608],[77.6384207,13.0514998],[77.6381356,13.0500956],[77.6383339,13.0500642],[77.6371014,13.0446823],[77.6372775,13.0429313],[77.6390651,13.0433163],[77.6406478,13.0427276],[77.6414295,13.0423119],[77.641318,13.0413091]]]}]},"properties":{"ward_key":"ward_369_final.48","ward_no":1,"ward_name":"K Narayanapura","ward_name_kn":"ಕೆ ನಾರಾಯಣಪುರ","corporation":"East"}},{"type":"Feature","geometry":{"type":"Polygon","coordinates":[[[77.5573559,12.9702509],[77.5576625,12.9716677],[77.5578025,12.9723022],[77.5571571,12.9724339],[77.5572285,12.9726717],[77.5555889,12.9731706],[77.5554799,12.9721288],[77.5533836,12.9725323],[77.5527662,12.9712419],[77.5516365,12.9699243],[77.5536918,12.9692316],[77.5545758,12.9689097],[77.5571133,12.9693837],[77.5571859,12.9702864],[77.5573559,12.9702509]]]},"properties":{"ward_key":"ward_369_final.49","ward_no":88,"ward_name":"Sangolli Rayanna Ward","ward_name_kn":"ಸಂಗೊಳ್ಳಿ ರಾಯಣ್ಣ ವಾರ್ಡ್","corporation":"West"}},{"type":"Feature","geometry":{"type":"Polygon","coordinates":[[[77.5117423,12.9554035],[77.5120461,12.9566274],[77.5118608,12.9573248],[77.5119499,12.9586295],[77.5115615,12.958884],[77.5118388,12.9593802],[77.5130703,12.9583488],[77.5133998,12.9581875],[77.5138548,12.9580907],[77.5144765,12.9577084],[77.5151722,12.9594446],[77.5157776,12.9602516],[77.51619,12.9618705],[77.5176672,12.9618528],[77.5176499,12.9627632],[77.5174743,12.9637936],[77.5182288,12.9646089],[77.5184434,12.9654554],[77.5175471,12.9659348],[77.5175054,12.9666024],[77.5180612,12.9672517],[77.5180258,12.9677355],[77.5174595,12.9685056],[77.5175585,12.9694736],[77.5177429,12.9699049],[77.5154128,12.9704714],[77.5154407,12.9706629],[77.5143685,12.9710042],[77.5151176,12.9739702],[77.5150086,12.9742357],[77.5134614,12.9746645],[77.5148403,12.9782343],[77.5160734,12.9800962],[77.5109903,12.9810244],[77.5094672,12.9750656],[77.5070955,12.9710521],[77.5048911,12.9660133],[77.5048562,12.96447],[77.5050416,12.9631166],[77.5044554,12.9608252],[77.5033089,12.9578794],[77.5069623,12.9570248],[77.5087263,12.9562337],[77.5117423,12.9554035]]]},"properties":{"ward_key":"ward_369_final.5","ward_no":25,"ward_name":"Vinayaka Layout","ward_name_kn":"ವಿನಾಯಕ ಲೇಔಟ್","corporation":"West"}},{"type":"Feature","geometry":{"type":"Polygon","coordinates":[[[77.5504687,12.9736941],[77.5496072,12.9739657],[77.5483598,12.9750666],[77.5474253,12.9731046],[77.5472816,12.9723861],[77.5497294,12.9727475],[77.5528658,12.9713443],[77.5533836,12.9725323],[77.5554799,12.9721288],[77.5555889,12.9731706],[77.5572285,12.9726717],[77.5571571,12.9724339],[77.5578025,12.9723022],[77.5579168,12.9737312],[77.5587014,12.9757358],[77.5529615,12.9753659],[77.5504687,12.9736941]]]},"properties":{"ward_key":"ward_369_final.50","ward_no":87,"ward_name":"K.P Agrahara","ward_name_kn":"ಕೆ.ಪಿ. ಅಗ್ರಹಾರ","corporation":"West"}},{"type":"Feature","geometry":{"type":"Polygon","coordinates":[[[77.5700168,12.9145338],[77.5694417,12.9124161],[77.5690793,12.9122076],[77.5681718,12.9112178],[77.569596,12.9094992],[77.571947,12.9067232],[77.573171,12.9064694],[77.572969,12.912371],[77.5735299,12.9153078],[77.5735342,12.9169787],[77.5725568,12.9165829],[77.5704037,12.9163353],[77.5699959,12.9156824],[77.570178,12.9156462],[77.570277,12.9148256],[77.5700168,12.9145338]]]},"properties":{"ward_key":"ward_369_final.51","ward_no":4,"ward_name":"Banashankari Temple Ward","ward_name_kn":"ಬನಶಂಕರಿ ದೇವಸ್ಥಾನ ವಾರ್ಡ್","corporation":"South"}},{"type":"Feature","geometry":{"type":"Polygon","coordinates":[[[77.6227368,12.9173017],[77.6161393,12.9277601],[77.6158994,12.9272876],[77.6154406,12.927407],[77.6152573,12.9268466],[77.6157015,12.9267276],[77.6154996,12.9259242],[77.6150542,12.9260537],[77.6148335,12.9252884],[77.6152239,12.9251903],[77.6147512,12.9237707],[77.6163586,12.9229626],[77.6159666,12.9221931],[77.6148898,12.920653],[77.61355,12.9212684],[77.612972,12.9196367],[77.6121669,12.9196619],[77.6122044,12.9190477],[77.6128213,12.9187454],[77.6126517,12.9178655],[77.6143296,12.9178313],[77.6142693,12.9164486],[77.6193574,12.9162636],[77.6227368,12.9173017]]]},"properties":{"ward_key":"ward_369_final.52","ward_no":20,"ward_name":"Madiwala","ward_name_kn":"ಮಡಿವಾಳ","corporation":"South"}},{"type":"Feature","geometry":{"type":"Polygon","coordinates":[[[77.7602667,12.967114],[77.75604,12.9684715],[77.7528512,12.9696678],[77.7523863,12.9697117],[77.7525552,12.9706443],[77.7501494,12.9710273],[77.7493104,12.9668619],[77.7476496,12.9614553],[77.7505403,12.9629862],[77.7504834,12.9615211],[77.7501794,12.9606035],[77.7490909,12.9606026],[77.7490391,12.9582879],[77.7472354,12.9581899],[77.7473407,12.9576669],[77.747678,12.9574969],[77.7479127,12.955792],[77.7504271,12.9559519],[77.75246,12.9571513],[77.7526651,12.9559445],[77.7517871,12.9548182],[77.7508764,12.9530186],[77.7483997,12.9523123],[77.7485861,12.9498589],[77.7490655,12.9477163],[77.7497786,12.9460346],[77.7495868,12.9453433],[77.7499065,12.9428349],[77.7511016,12.9434365],[77.753527,12.9464097],[77.7542783,12.9467242],[77.7543927,12.9474162],[77.7558484,12.9482552],[77.7561448,12.9490501],[77.7580147,12.9516903],[77.7617634,12.9547655],[77.7644963,12.9559341],[77.7644769,12.9581168],[77.7646684,12.9594527],[77.7650014,12.9599146],[77.766852,12.9593924],[77.7670087,12.9595121],[77.7672167,12.9595575],[77.7674956,12.9602133],[77.7681447,12.9604679],[77.7685521,12.961347],[77.7699521,12.9618981],[77.7703736,12.9629027],[77.7706428,12.9630146],[77.7706395,12.9637311],[77.7713214,12.9650299],[77.7721835,12.9659424],[77.7739594,12.9662632],[77.7752641,12.9669039],[77.7769001,12.9677147],[77.7774305,12.9679775],[77.7777806,12.9680996],[77.7788445,12.9676543],[77.7787046,12.9669663],[77.7789787,12.9668197],[77.7804124,12.9670834],[77.7814464,12.9667958],[77.7820417,12.9661848],[77.7840639,12.9667302],[77.7833952,12.9705597],[77.783203,12.9709009],[77.7811641,12.970719],[77.7803462,12.9699309],[77.7786284,12.9705769],[77.7786193,12.971289],[77.7789793,12.9721809],[77.778692,12.9728401],[77.7781101,12.9730723],[77.776658,12.9742944],[77.7762017,12.9751374],[77.7766577,12.9761886],[77.7773539,12.9764571],[77.7780755,12.9762794],[77.7784486,12.976722],[77.7770094,12.9774189],[77.7764843,12.9776037],[77.7754401,12.9774127],[77.7742455,12.9776054],[77.7723184,12.9772044],[77.7704352,12.97716],[77.7713067,12.9756145],[77.7710855,12.9744822],[77.7704351,12.9745511],[77.7689868,12.9748582],[77.763404,12.9753722],[77.762588,12.972163],[77.7624864,12.9687726],[77.7628807,12.9672058],[77.7630952,12.9667138],[77.7602667,12.967114]]]},"properties":{"ward_key":"ward_369_final.53","ward_no":39,"ward_name":"Hagaduru","ward_name_kn":"ಹಗದೂರು","corporation":"East"}},{"type":"Feature","geometry":{"type":"GeometryCollection","geometries":[{"type":"LineString","coordinates":[[77.646704,12.9909406],[77.64656,12.9910094]]},{"type":"Polygon","coordinates":[[[77.6454415,12.9884141],[77.6461157,12.9860995],[77.6606191,12.99284],[77.6641354,12.9945215],[77.6628337,12.9966905],[77.6640442,12.9975263],[77.663592,12.9982592],[77.6633169,12.9983221],[77.6625525,12.9999123],[77.6616129,12.9993927],[77.6613182,12.9998737],[77.660773,12.9997084],[77.660549,12.9985708],[77.6598746,12.9970828],[77.6570891,12.9975848],[77.6560803,12.9975247],[77.6542463,12.9979923],[77.652662,12.9982473],[77.6519571,12.9981014],[77.6520767,12.9948077],[77.6516648,12.9921762],[77.6513699,12.9917225],[77.6512843,12.9909663],[77.6481278,12.9908393],[77.646704,12.9909406],[77.6464697,12.9889222],[77.6471357,12.9888575],[77.6471295,12.9886516],[77.6456042,12.9885418],[77.6454415,12.9884141]]]}]},"properties":{"ward_key":"ward_369_final.54","ward_no":13,"ward_name":"Krishnaiahnapalya","ward_name_kn":"ಕೃಷ್ಣಯ್ಯನ ಪಾಳ್ಯ","corporation":"Central"}},{"type":"Feature","geometry":{"type":"Polygon","coordinates":[[[77.5650888,12.9874034],[77.5650807,12.9883026],[77.5639615,12.9882618],[77.5614502,12.9882814],[77.5618478,12.9872041],[77.5608351,12.986768],[77.5611008,12.98471],[77.5615746,12.9827048],[77.5664732,12.9819807],[77.5681377,12.9825374],[77.5680283,12.9852913],[77.5673,12.9853619],[77.5673235,12.9857742],[77.567504,12.9859192],[77.5667979,12.9859208],[77.5669691,12.9870328],[77.5665997,12.986818],[77.5665437,12.9873705],[77.5650888,12.9874034]]]},"properties":{"ward_key":"ward_369_final.55","ward_no":63,"ward_name":"Okalipuram","ward_name_kn":"ಓಕಳಿಪುರಂ","corporation":"Central"}},{"type":"Feature","geometry":{"type":"Polygon","coordinates":[[[77.6089706,13.0178789],[77.6091707,13.0181628],[77.6105919,13.0175415],[77.6109779,13.018351],[77.6118393,13.0180452],[77.6121192,13.0190824],[77.6126927,13.0188742],[77.6125575,13.0236129],[77.6124825,13.0237591],[77.6096244,13.0245217],[77.609436,13.0239096],[77.6082453,13.0241464],[77.6089615,13.0259002],[77.6075525,13.0262618],[77.6069555,13.0248459],[77.6056767,13.0253414],[77.6051037,13.0243954],[77.6034243,13.0247378],[77.6024228,13.0221521],[77.6047109,13.0215061],[77.6045661,13.0193687],[77.6050299,13.0192917],[77.6048869,13.0184652],[77.6053713,13.0184017],[77.6053685,13.017272],[77.6071522,13.0171356],[77.6080879,13.0173859],[77.6089706,13.0178789]]]},"properties":{"ward_key":"ward_369_final.56","ward_no":39,"ward_name":"Kaval Byrasandra","ward_name_kn":"ಕಾವಲ್ ಬೈರಸಂದ್ರ","corporation":"North"}},{"type":"Feature","geometry":{"type":"Polygon","coordinates":[[[77.5649705,12.887189],[77.5655692,12.8868314],[77.564854,12.8853571],[77.5643787,12.8846281],[77.5638262,12.884077],[77.5624705,12.884435],[77.5631285,12.8831979],[77.5648829,12.8828034],[77.5645043,12.8800032],[77.5615856,12.8803409],[77.5614949,12.8798868],[77.5624432,12.8798331],[77.5620665,12.878241],[77.5636517,12.8778952],[77.5623878,12.8762733],[77.5612127,12.8751716],[77.5591453,12.8741304],[77.5560931,12.8701968],[77.5583628,12.8698857],[77.5583872,12.8702291],[77.5620181,12.8695553],[77.5621328,12.8699541],[77.5626119,12.8698859],[77.5630394,12.8718009],[77.5644804,12.8714234],[77.5643355,12.8704837],[77.5651399,12.8700059],[77.5650879,12.8696356],[77.5661616,12.8694405],[77.56618,12.8709128],[77.5672574,12.8776328],[77.5676219,12.8789456],[77.5674106,12.8790429],[77.5703217,12.8846321],[77.5706313,12.8860239],[77.5688107,12.8863307],[77.5687222,12.888597],[77.5696334,12.8885353],[77.5693423,12.890536],[77.5717238,12.8907094],[77.5720969,12.8921155],[77.5718761,12.894263],[77.5683614,12.89408],[77.5634993,12.8896243],[77.5649705,12.887189]]]},"properties":{"ward_key":"ward_369_final.57","ward_no":45,"ward_name":"Konanakunte","ward_name_kn":"ಕೋಣನಕುಂಟೆ","corporation":"South"}},{"type":"Feature","geometry":{"type":"Polygon","coordinates":[[[77.5673583,12.9122772],[77.566796,12.9095105],[77.5632761,12.9092644],[77.5615539,12.9084078],[77.5569335,12.9045625],[77.556259,12.902563],[77.5565117,12.9025007],[77.555652,12.8985644],[77.5558256,12.8981934],[77.5556109,12.8979742],[77.5558258,12.897622],[77.5553858,12.8969399],[77.5564985,12.8958819],[77.5583251,12.8949944],[77.558463,12.8953093],[77.5590416,12.8949897],[77.5592597,12.8942445],[77.559712,12.894126],[77.5601203,12.8962383],[77.5612428,12.8992404],[77.5601806,12.9002356],[77.5639925,12.9035455],[77.5702127,12.908694],[77.5673583,12.9122772]]]},"properties":{"ward_key":"ward_369_final.58","ward_no":5,"ward_name":"Kane Muneshwara Ward","ward_name_kn":"ಕಾನೆ ಮುನೇಶ್ವರ ವಾರ್ಡ್","corporation":"South"}},{"type":"Feature","geometry":{"type":"Polygon","coordinates":[[[77.5689052,13.037901],[77.569016,13.0360361],[77.5701318,13.0344825],[77.5719157,13.0333948],[77.5718799,13.0346879],[77.5716956,13.0351192],[77.5738138,13.0351497],[77.5743202,13.0349797],[77.5743815,13.0345975],[77.5753927,13.034677],[77.5752664,13.0352275],[77.5758911,13.035273],[77.5759165,13.0356367],[77.5789322,13.0357363],[77.5790183,13.0369244],[77.5785012,13.0369977],[77.5790053,13.0386673],[77.5784028,13.0387804],[77.5785212,13.0391104],[77.5771006,13.0391721],[77.5770984,13.0388023],[77.5764084,13.03885],[77.5763538,13.0398441],[77.576173,13.0398366],[77.5762623,13.0409816],[77.5770002,13.0426699],[77.5747824,13.042434],[77.5750235,13.0433218],[77.5753796,13.0432264],[77.5755078,13.0437985],[77.5744285,13.0442236],[77.5758388,13.0474316],[77.5727612,13.0472391],[77.5727134,13.0468039],[77.5713887,13.0465704],[77.5700324,13.0419515],[77.5700924,13.0378875],[77.5689052,13.037901]]]},"properties":{"ward_key":"ward_369_final.59","ward_no":58,"ward_name":"Nagashettyhalli","ward_name_kn":"ನಾಗಶೆಟ್ಟಿಹಳ್ಳಿ","corporation":"North"}},{"type":"Feature","geometry":{"type":"Polygon","coordinates":[[[77.4846204,12.9708154],[77.4827379,12.9715037],[77.482446,12.9710701],[77.4815652,12.9712078],[77.4812486,12.970358],[77.4791675,12.9709377],[77.4788284,12.9711631],[77.4750806,12.9715934],[77.4748229,12.9695911],[77.4734954,12.9673079],[77.4732186,12.9647481],[77.4733127,12.9630321],[77.47395,12.9616863],[77.4750405,12.9604463],[77.4719953,12.9550433],[77.4715798,12.9526454],[77.471553,12.952286],[77.4725129,12.9517356],[77.4721424,12.9508688],[77.4711157,12.9506127],[77.4710589,12.9495859],[77.4725599,12.9494291],[77.473703,12.9492119],[77.4757782,12.9490002],[77.4762113,12.9488555],[77.474836,12.9442408],[77.4742576,12.9421823],[77.4732516,12.9403335],[77.4747358,12.9399146],[77.4764035,12.9386287],[77.4762729,12.9383094],[77.4788507,12.9375406],[77.47961,12.9403662],[77.482523,12.9395822],[77.4835493,12.9398246],[77.4835704,12.9401235],[77.484477,12.9400757],[77.4842948,12.9404048],[77.4831532,12.9409944],[77.483225,12.9420067],[77.4848413,12.9420979],[77.4854646,12.9442187],[77.4888136,12.9494638],[77.4856312,12.9513548],[77.4849744,12.9514266],[77.48526,12.952874],[77.4855949,12.9533214],[77.4855829,12.9550111],[77.4844863,12.9555603],[77.4843815,12.9563078],[77.4844473,12.9567883],[77.4848144,12.9572388],[77.4846852,12.9574445],[77.4855668,12.9589523],[77.4858525,12.9600354],[77.486424,12.9609995],[77.4865282,12.9614759],[77.4881272,12.9607911],[77.4882039,12.9610965],[77.4922422,12.9608599],[77.4925999,12.9627866],[77.4945455,12.9624628],[77.4952373,12.9623173],[77.4962222,12.9642549],[77.496801,12.9643894],[77.4968772,12.9650369],[77.4963957,12.9651996],[77.4964563,12.9661353],[77.4966828,12.9668537],[77.4968327,12.9668161],[77.4969718,12.9672982],[77.4967829,12.9677099],[77.4985121,12.9695692],[77.4940966,12.9703581],[77.4918699,12.9700242],[77.4880951,12.9713683],[77.4877778,12.9687769],[77.4881202,12.9673867],[77.4877422,12.9661104],[77.4850921,12.9667313],[77.4853977,12.9681371],[77.4841805,12.9696458],[77.4846204,12.9708154]]]},"properties":{"ward_key":"ward_369_final.6","ward_no":16,"ward_name":"Ullal","ward_name_kn":"ಉಳ್ಳಾಲ","corporation":"West"}},{"type":"Feature","geometry":{"type":"Polygon","coordinates":[[[77.6374062,12.9828658],[77.6348086,12.9824674],[77.634616,12.9842142],[77.6363278,12.9859346],[77.6367899,12.9874328],[77.6355274,12.9876548],[77.634559,12.9870605],[77.6340357,12.9869889],[77.6337244,12.9873876],[77.6328093,12.9891206],[77.6310219,12.9887424],[77.6308356,12.989675],[77.6225465,12.9876916],[77.6225153,12.9838423],[77.6229285,12.9817399],[77.6245577,12.9818917],[77.6243124,12.9809016],[77.6255748,12.9807669],[77.6255016,12.9803215],[77.6258793,12.9802647],[77.6256943,12.9794817],[77.6264397,12.9792969],[77.6264257,12.978677],[77.6285365,12.9781052],[77.6319779,12.9761255],[77.6327311,12.9750425],[77.6330211,12.9737726],[77.633516,12.9749499],[77.6334045,12.9759018],[77.635573,12.9753564],[77.6357043,12.9759836],[77.6409528,12.976102],[77.6407756,12.9800127],[77.6379003,12.9799742],[77.6376639,12.9821433],[77.6374062,12.9828658]]]},"properties":{"ward_key":"ward_369_final.60","ward_no":9,"ward_name":"Hoysala Nagara Central","ward_name_kn":"ಹೊಯ್ಸಳ ನಗರ ಕೇಂದ್ರ","corporation":"Central"}},{"type":"Feature","geometry":{"type":"Polygon","coordinates":[[[77.5974673,12.9231729],[77.5975254,12.9245066],[77.6019306,12.9240047],[77.6021611,12.9238022],[77.6020355,12.9226775],[77.6049049,12.9226814],[77.6051128,12.925148],[77.6049432,12.9251448],[77.6051047,12.9259495],[77.6044235,12.9263143],[77.6044655,12.9265329],[77.6045712,12.9266775],[77.6045939,12.9271968],[77.6043687,12.9273364],[77.6044353,12.9275134],[77.6047362,12.9274348],[77.6049145,12.9280371],[77.6031922,12.9279341],[77.6011534,12.9267195],[77.6004345,12.9266138],[77.6004043,12.925464],[77.599921,12.9254884],[77.5999405,12.9260325],[77.5989462,12.9262403],[77.5976896,12.9261079],[77.5976673,12.9255818],[77.5971092,12.9253797],[77.5970655,12.9241931],[77.5934971,12.924214],[77.5934712,12.9232377],[77.5974673,12.9231729]]]},"properties":{"ward_key":"ward_369_final.61","ward_no":9,"ward_name":"N.A.L Layout","ward_name_kn":"ಎನ್‌.ಎ.ಎಲ್ ಲೇಔಟ್","corporation":"South"}},{"type":"Feature","geometry":{"type":"Polygon","coordinates":[[[77.6935456,12.9462726],[77.6954751,12.9459934],[77.6962402,12.9456404],[77.6963622,12.9490963],[77.6974433,12.9486694],[77.6982304,12.9530206],[77.6980532,12.9543357],[77.7003051,12.9538815],[77.7002109,12.9534352],[77.7043326,12.9530927],[77.7043312,12.9538289],[77.7050279,12.9538797],[77.7046729,12.9566705],[77.7020253,12.9568572],[77.6984282,12.9569826],[77.6896353,12.9554204],[77.6909683,12.9539778],[77.6910094,12.9510579],[77.6926358,12.9499306],[77.6924039,12.9470597],[77.6935456,12.9462726]]]},"properties":{"ward_key":"ward_369_final.62","ward_no":45,"ward_name":"Marathahalli","ward_name_kn":"ಮಾರತಹಳ್ಳಿ","corporation":"East"}},{"type":"Feature","geometry":{"type":"Polygon","coordinates":[[[77.7570702,12.9767137],[77.7582402,12.9824894],[77.7558511,12.9828981],[77.7543968,12.983506],[77.7521319,12.9838383],[77.743293,12.9868026],[77.7396713,12.987612],[77.7345706,12.9877301],[77.7317615,12.9881441],[77.731791,12.9864844],[77.7299109,12.9852247],[77.728487,12.9833664],[77.7276867,12.9813686],[77.7272889,12.9772016],[77.7272815,12.9765113],[77.7270902,12.9764503],[77.7268521,12.9715019],[77.7310126,12.9707063],[77.7320595,12.9696752],[77.7310217,12.9678215],[77.7307122,12.9639294],[77.7312565,12.9637104],[77.7331233,12.9635448],[77.7338589,12.9673236],[77.7341365,12.9678113],[77.734649,12.9677625],[77.7355173,12.9687114],[77.7356115,12.9693462],[77.7389141,12.9691834],[77.7390401,12.9697038],[77.7387746,12.9697501],[77.7388154,12.9700043],[77.7383864,12.9701579],[77.7386204,12.9712859],[77.7399884,12.9737136],[77.7408571,12.9742747],[77.7413267,12.9760401],[77.7439083,12.9754626],[77.7453231,12.9756498],[77.7462818,12.9751914],[77.7472778,12.973332],[77.7477618,12.9730291],[77.7488098,12.9730846],[77.7502823,12.9721685],[77.7504609,12.9739171],[77.7533647,12.9733039],[77.7539994,12.9744453],[77.7547065,12.9754545],[77.7555409,12.9751237],[77.7563172,12.9767407],[77.7570702,12.9767137]]]},"properties":{"ward_key":"ward_369_final.63","ward_no":33,"ward_name":"S.M Krishna Ward","ward_name_kn":"ಎಸ್.ಎಂ ಕೃಷ್ಣ ವಾರ್ಡ್","corporation":"East"}},{"type":"Feature","geometry":{"type":"Polygon","coordinates":[[[77.5000063,13.0039691],[77.4996681,13.0027498],[77.4989998,13.0029843],[77.4990886,13.0035597],[77.4957379,13.0043303],[77.49306,13.000704],[77.49507,13.0004552],[77.4954602,13.0017435],[77.4983274,13.0012729],[77.498265,13.0006711],[77.4994545,13.0004383],[77.4995665,13.0010237],[77.5001829,13.0008773],[77.5000831,13.000301],[77.5012044,12.9998087],[77.5015629,13.0003562],[77.5021263,13.0000799],[77.5022475,13.000373],[77.5042675,12.9997138],[77.5049008,12.9996142],[77.5048085,12.999065],[77.5060443,12.9988884],[77.5103709,12.9974891],[77.5106484,12.9983944],[77.5127883,12.9979502],[77.5133005,13.0000357],[77.5118194,13.0005467],[77.5094362,13.0025237],[77.5081374,13.0025679],[77.5069252,13.0028129],[77.5066343,13.0014501],[77.5046857,13.0017569],[77.5043328,13.0027491],[77.504362,13.0032455],[77.5035692,13.003346],[77.5037423,13.0043292],[77.502575,13.0044256],[77.5026126,13.004738],[77.5016751,13.0048751],[77.5014097,13.0036105],[77.5000063,13.0039691]]]},"properties":{"ward_key":"ward_369_final.64","ward_no":9,"ward_name":"Srigandhanagar","ward_name_kn":"ಶ್ರೀಗಂಧನಗರ","corporation":"West"}},{"type":"Feature","geometry":{"type":"Polygon","coordinates":[[[77.5907745,12.9169578],[77.5903379,12.9176596],[77.5903782,12.9188714],[77.5895142,12.9188805],[77.5895364,12.9206431],[77.588037,12.920662],[77.5880293,12.9201945],[77.5858954,12.9202458],[77.5857036,12.910568],[77.5948558,12.9101948],[77.5952008,12.9102177],[77.5951815,12.910884],[77.5956536,12.9108952],[77.5955998,12.9127148],[77.5951137,12.9127013],[77.5950899,12.9134896],[77.594356,12.9130975],[77.5941871,12.9140954],[77.5950508,12.9144986],[77.5950399,12.9149129],[77.5932581,12.9149797],[77.5915513,12.9145183],[77.5915181,12.9133603],[77.5906106,12.913362],[77.5904578,12.914956],[77.5897861,12.9149525],[77.5896256,12.9165054],[77.5894176,12.9165336],[77.5894231,12.9169976],[77.5907745,12.9169578]]]},"properties":{"ward_key":"ward_369_final.65","ward_no":13,"ward_name":"Marenahalli South","ward_name_kn":"ಮಾರೇನಹಳ್ಳಿ ದಕ್ಷಿಣ","corporation":"South"}},{"type":"Feature","geometry":{"type":"Polygon","coordinates":[[[77.5553252,12.941011],[77.557773,12.9407353],[77.5578053,12.9405201],[77.559848,12.9404005],[77.5598443,12.9400641],[77.5601271,12.9400604],[77.5600798,12.9392667],[77.5629557,12.9391175],[77.5634031,12.9388684],[77.5644336,12.9389247],[77.5644779,12.9393018],[77.563973,12.9393045],[77.5650317,12.9413337],[77.5650987,12.9417475],[77.5642955,12.9417384],[77.5642547,12.9442465],[77.5632948,12.9438871],[77.563189,12.9441601],[77.5620189,12.9442223],[77.5619101,12.9456827],[77.5614983,12.9456565],[77.561534,12.9447871],[77.5607193,12.9447008],[77.5606845,12.9457318],[77.559849,12.9457195],[77.5599407,12.944644],[77.5584184,12.944542],[77.5585198,12.9454138],[77.5575066,12.9454774],[77.5573322,12.9449266],[77.5559345,12.9463165],[77.5549465,12.946358],[77.5548884,12.945667],[77.5535523,12.9458839],[77.5534552,12.9447021],[77.5531902,12.9446733],[77.5532537,12.9442547],[77.5537446,12.9442995],[77.5536948,12.9438223],[77.5525705,12.9439521],[77.552409,12.9419821],[77.5550212,12.9418626],[77.5547887,12.9397067],[77.5551644,12.939678],[77.5553252,12.941011]]]},"properties":{"ward_key":"ward_369_final.66","ward_no":102,"ward_name":"Hanumanthanagar","ward_name_kn":"ಹನುಮಂತನಗರ","corporation":"West"}},{"type":"Feature","geometry":{"type":"Polygon","coordinates":[[[77.61277,13.0148138],[77.6120735,13.0140672],[77.6112114,13.014785],[77.6100198,13.0126499],[77.6099375,13.0117],[77.6094839,13.0109456],[77.6097268,13.0102984],[77.6105831,13.0101126],[77.6106377,13.0103311],[77.6120606,13.0099964],[77.6118396,13.0091687],[77.6129081,13.0088748],[77.6128603,13.008559],[77.6131978,13.0084932],[77.6133968,13.0120111],[77.6133098,13.0147913],[77.6140244,13.0146805],[77.6142488,13.0153134],[77.6147975,13.0151506],[77.6150501,13.0159104],[77.6143526,13.0160586],[77.6148139,13.0177983],[77.6143283,13.0180129],[77.6145024,13.0186383],[77.6140307,13.0187461],[77.6134899,13.0166931],[77.6130674,13.0167489],[77.6132427,13.0153213],[77.6126412,13.0152437],[77.61277,13.0148138]]]},"properties":{"ward_key":"ward_369_final.67","ward_no":41,"ward_name":"Periyar Nagar","ward_name_kn":"ಪೆರಿಯಾರ್ ನಗರ","corporation":"North"}},{"type":"Feature","geometry":{"type":"Polygon","coordinates":[[[77.6727147,12.9670327],[77.6740978,12.9674478],[77.6743889,12.9680974],[77.6741669,12.9681675],[77.6744611,12.9688523],[77.674098,12.9691472],[77.6745087,12.97004],[77.6725129,12.9707484],[77.6725471,12.9709157],[77.6716465,12.9710327],[77.6710835,12.9694059],[77.6702833,12.9695183],[77.6697595,12.9661512],[77.6685737,12.9659618],[77.6685543,12.9628474],[77.668175,12.9612784],[77.6703382,12.9617478],[77.6717846,12.9613643],[77.6721641,12.9611636],[77.6725676,12.9633615],[77.6733351,12.9632457],[77.6733417,12.9646417],[77.6725673,12.9644852],[77.6727147,12.9670327]]]},"properties":{"ward_key":"ward_369_final.68","ward_no":25,"ward_name":"L.B Shastri Nagar","ward_name_kn":"ಎಲ್.ಬಿ.ಶಾಸ್ತ್ರಿ ನಗರ","corporation":"East"}},{"type":"Feature","geometry":{"type":"Polygon","coordinates":[[[77.6052558,12.8981385],[77.6009026,12.8998061],[77.5989017,12.8927801],[77.5981572,12.8905742],[77.5997187,12.8902048],[77.6018248,12.8893772],[77.6019983,12.8904944],[77.6032942,12.8902579],[77.6031726,12.8894796],[77.6034327,12.8893984],[77.6038138,12.8897748],[77.6074905,12.8884642],[77.6088013,12.8882937],[77.6088129,12.8868003],[77.6104789,12.8868453],[77.6100838,12.883477],[77.6099074,12.879476],[77.6087741,12.8767021],[77.607171,12.8765187],[77.6072782,12.8753274],[77.6062863,12.875066],[77.6043871,12.8754325],[77.6041149,12.8740366],[77.6031914,12.874545],[77.6029056,12.8743857],[77.6021796,12.8717695],[77.5963673,12.8719476],[77.5967849,12.8702836],[77.5975726,12.868863],[77.5980625,12.8667748],[77.5992712,12.8665458],[77.5992638,12.8663832],[77.6015371,12.866285],[77.6014845,12.8667696],[77.6028228,12.8665037],[77.6035388,12.8652341],[77.6035098,12.864655],[77.6042857,12.8647795],[77.6046624,12.8670332],[77.6048723,12.8670314],[77.6053251,12.8682361],[77.6059943,12.8692358],[77.6064289,12.8699059],[77.6080236,12.8696739],[77.6083049,12.8672759],[77.6083792,12.8669985],[77.6102737,12.866904],[77.6103321,12.8675199],[77.6111051,12.8674219],[77.6111391,12.8666457],[77.612056,12.8657484],[77.6128001,12.8654059],[77.6131231,12.8681731],[77.6132746,12.8681863],[77.6135802,12.8713],[77.6149702,12.871128],[77.6152778,12.8716162],[77.6152669,12.8735045],[77.6149191,12.8762566],[77.6175462,12.8760746],[77.6175881,12.8767878],[77.6178518,12.8776251],[77.6182807,12.8788035],[77.6178835,12.8789655],[77.6186742,12.8812418],[77.6176189,12.8816897],[77.6178498,12.8847467],[77.6182147,12.8847487],[77.6192464,12.8881151],[77.6160071,12.8886032],[77.6156948,12.8889489],[77.6160514,12.8929591],[77.6143597,12.8933386],[77.6145981,12.895107],[77.6134723,12.8951242],[77.61291,12.8951684],[77.612902,12.8946864],[77.6110102,12.894819],[77.6110403,12.8957985],[77.6097316,12.8959301],[77.6092072,12.8949066],[77.6082684,12.8953922],[77.6078488,12.8955311],[77.6073162,12.8939201],[77.6053277,12.8943627],[77.6058034,12.8962132],[77.6049026,12.8965797],[77.6052558,12.8981385]]]},"properties":{"ward_key":"ward_369_final.69","ward_no":59,"ward_name":"Vijaya Bank Layout","ward_name_kn":"ವಿಜಯ ಬ್ಯಾಂಕ್ ಲೇಔಟ್","corporation":"South"}},{"type":"Feature","geometry":{"type":"Polygon","coordinates":[[[77.4971512,12.9606624],[77.4973077,12.961647],[77.4961817,12.9618567],[77.4962865,12.9623212],[77.4952814,12.9625243],[77.4951114,12.9622236],[77.4929931,12.9628482],[77.4925999,12.9627866],[77.4922422,12.9608599],[77.4882039,12.9610965],[77.4881272,12.9607911],[77.4865282,12.9614759],[77.4861096,12.9603998],[77.4855209,12.959099],[77.4850165,12.9578738],[77.4846852,12.9574445],[77.4847171,12.9571178],[77.4844473,12.9567883],[77.4845396,12.9554186],[77.4856263,12.9548627],[77.4854504,12.9529772],[77.4851031,12.9525615],[77.4849744,12.9514266],[77.4860812,12.9512094],[77.4888136,12.9494638],[77.4886162,12.9490698],[77.4905981,12.9473455],[77.4907174,12.9475906],[77.4938996,12.9476042],[77.4967262,12.947288],[77.4967689,12.9474403],[77.4993153,12.9470995],[77.5007391,12.9466477],[77.5003081,12.9443151],[77.4999304,12.9444551],[77.4997703,12.9439805],[77.4995266,12.9439881],[77.4972791,12.9402603],[77.4972594,12.9399013],[77.499684,12.9380259],[77.4991428,12.9357114],[77.500079,12.9353659],[77.4991597,12.930873],[77.4986247,12.9309075],[77.4987849,12.926472],[77.4992055,12.9252347],[77.5027955,12.9281277],[77.503822,12.9291935],[77.5056278,12.9298992],[77.506271,12.931112],[77.5091044,12.933252],[77.511611,12.9350947],[77.513832,12.9357882],[77.5127705,12.9375915],[77.512794,12.938363],[77.5139483,12.9388815],[77.5146375,12.9398664],[77.5144536,12.9407028],[77.5147072,12.9415417],[77.514656,12.942056],[77.5154947,12.9421265],[77.5158534,12.9428565],[77.5161393,12.9439809],[77.5169438,12.9442306],[77.5167957,12.9449017],[77.5151272,12.9466773],[77.5126886,12.948011],[77.5127865,12.948498],[77.5110577,12.9500426],[77.5112434,12.9512808],[77.5114425,12.9519542],[77.5111935,12.9533997],[77.5112857,12.9538305],[77.5121852,12.9546553],[77.5120508,12.9550527],[77.5117423,12.9554035],[77.5078459,12.956634],[77.5045167,12.9577129],[77.5032795,12.9578347],[77.5031838,12.9576111],[77.5005563,12.9588174],[77.5000399,12.9576234],[77.4974951,12.9585898],[77.4970218,12.958468],[77.497075,12.9588382],[77.4960103,12.9590206],[77.4963298,12.9608315],[77.4971512,12.9606624]]]},"properties":{"ward_key":"ward_369_final.7","ward_no":24,"ward_name":"Jnana Bharathi Ward","ward_name_kn":"ಜ್ಞಾನ ಭಾರತಿ ವಾರ್ಡ್","corporation":"West"}},{"type":"Feature","geometry":{"type":"GeometryCollection","geometries":[{"type":"LineString","coordinates":[[77.544091,12.8801436],[77.5440275,12.8800025]]},{"type":"Polygon","coordinates":[[[77.574328,12.8373387],[77.5747871,12.8374917],[77.5751627,12.8386542],[77.574325,12.8390845],[77.5743403,12.8395681],[77.5734449,12.839879],[77.5760246,12.846866],[77.5765937,12.8499052],[77.5790415,12.8505403],[77.5808015,12.8549453],[77.5803304,12.8552548],[77.5800588,12.8562794],[77.5800619,12.8583748],[77.5777981,12.8587287],[77.5778304,12.8596193],[77.5759584,12.8601718],[77.5756136,12.8588144],[77.5739207,12.8592073],[77.5740899,12.8603448],[77.5719772,12.8607831],[77.5718374,12.8604726],[77.5709783,12.8607155],[77.5712388,12.8623083],[77.5716168,12.8622737],[77.5716731,12.8636151],[77.5692978,12.8639974],[77.5691379,12.8633895],[77.5669293,12.8637036],[77.5662525,12.8624306],[77.5654284,12.8626314],[77.5652458,12.8623052],[77.5644047,12.8625106],[77.5656724,12.8645457],[77.565521,12.8658351],[77.5652219,12.8666686],[77.566187,12.8690193],[77.5661616,12.8694405],[77.5650879,12.8696356],[77.5651399,12.8700059],[77.5643355,12.8704837],[77.5644804,12.8714234],[77.5630394,12.8718009],[77.5626119,12.8698859],[77.5621328,12.8699541],[77.5620181,12.8695553],[77.5583872,12.8702291],[77.5583628,12.8698857],[77.5560931,12.8701968],[77.5576439,12.8722079],[77.5593613,12.8743404],[77.5612127,12.8751716],[77.562902,12.8767935],[77.5636517,12.8778952],[77.5620665,12.878241],[77.5624432,12.8798331],[77.5614949,12.8798868],[77.5615856,12.8803409],[77.5645043,12.8800032],[77.5648829,12.8828034],[77.5629652,12.883213],[77.5624705,12.884435],[77.5638262,12.884077],[77.5643787,12.8846281],[77.5655692,12.8868314],[77.5646313,12.8875374],[77.5634993,12.8896243],[77.5620886,12.8882287],[77.5599084,12.8857103],[77.5594548,12.8855326],[77.5589389,12.8848054],[77.557326,12.8837739],[77.556811,12.8821889],[77.5567749,12.8813803],[77.5553104,12.8815095],[77.5546185,12.8837212],[77.5516271,12.883904],[77.5509551,12.8840279],[77.5566626,12.8859147],[77.5574604,12.8889649],[77.5559575,12.8895054],[77.5558797,12.8892716],[77.555238,12.8894848],[77.5545759,12.8868966],[77.553583,12.88742],[77.5518751,12.8875505],[77.5523489,12.8895108],[77.5509312,12.8899613],[77.5530533,12.8924109],[77.5513618,12.8928261],[77.5509588,12.8916839],[77.5502765,12.8920144],[77.5501403,12.8917577],[77.5498959,12.8918332],[77.5488957,12.8904272],[77.5486844,12.88954],[77.5479689,12.8885797],[77.5476264,12.8886084],[77.547521,12.8882771],[77.5487267,12.8876163],[77.5459448,12.8847789],[77.5453302,12.8848159],[77.545418,12.8860128],[77.5452517,12.8860775],[77.5453203,12.8878977],[77.5454999,12.8887251],[77.5453637,12.8890245],[77.5455775,12.8889956],[77.5456237,12.8893716],[77.5448182,12.8895379],[77.5440771,12.8899706],[77.5443347,12.890839],[77.5436995,12.8920227],[77.5433816,12.8931328],[77.5431203,12.8929997],[77.5425394,12.8932577],[77.5428021,12.8939251],[77.5389013,12.8950764],[77.5387735,12.8948756],[77.5370502,12.8954118],[77.5364549,12.8941666],[77.5410908,12.8925095],[77.5426703,12.8920157],[77.5414562,12.8897315],[77.5412611,12.8878629],[77.5417657,12.8859773],[77.5412978,12.8839726],[77.544091,12.8801436],[77.5455978,12.8835938],[77.5466155,12.8844896],[77.5473412,12.8843322],[77.5477971,12.8839145],[77.5477296,12.8834367],[77.5480519,12.88344],[77.5483158,12.883308],[77.5482694,12.882741],[77.5491609,12.8826716],[77.5492696,12.8823383],[77.5491755,12.8816346],[77.5508947,12.8811232],[77.5514531,12.8791978],[77.5512028,12.8773233],[77.5513956,12.8768189],[77.552006,12.8767603],[77.551659,12.8765069],[77.5515524,12.875446],[77.5509206,12.8753449],[77.550966,12.8744628],[77.5509572,12.873973],[77.5509052,12.872827],[77.5500733,12.8714945],[77.5501075,12.8698714],[77.5505261,12.8689728],[77.5502256,12.8676624],[77.5482574,12.8669282],[77.5480064,12.865214],[77.5481091,12.8648415],[77.5483479,12.8644981],[77.5477445,12.8636706],[77.5463445,12.8625593],[77.5459985,12.8612888],[77.5452747,12.8599373],[77.5449695,12.8592886],[77.5452855,12.8587784],[77.5456527,12.8592458],[77.5464151,12.858091],[77.5459192,12.8569676],[77.5462562,12.8558576],[77.5464103,12.8553829],[77.545755,12.8541459],[77.5458597,12.8530629],[77.5451807,12.851921],[77.5451655,12.8515574],[77.5447898,12.8511681],[77.5452168,12.8506501],[77.5455665,12.8504014],[77.5456481,12.8496532],[77.5451456,12.8491804],[77.5450926,12.8487755],[77.5443189,12.8485209],[77.5445164,12.8479461],[77.5450605,12.8476089],[77.5514942,12.8480051],[77.5519935,12.847565],[77.553021,12.8471569],[77.5532317,12.8477325],[77.5544912,12.8480269],[77.5548793,12.8478492],[77.5566302,12.8448774],[77.5573468,12.8441897],[77.5574056,12.841844],[77.5603599,12.8412089],[77.5626756,12.8402747],[77.5624649,12.8395221],[77.5625374,12.8390885],[77.5655317,12.8396528],[77.5718742,12.839196],[77.574328,12.8373387]]]}]},"properties":{"ward_key":"ward_369_final.70","ward_no":40,"ward_name":"Anjanapura","ward_name_kn":"ಅಂಜನಾಪುರ","corporation":"South"}},{"type":"Feature","geometry":{"type":"Polygon","coordinates":[[[77.5726494,12.8830183],[77.5713354,12.8831392],[77.5713739,12.8834524],[77.5699364,12.8837001],[77.5674106,12.8790429],[77.5676219,12.8789456],[77.5669771,12.8764539],[77.5660461,12.8698007],[77.5661616,12.8694405],[77.5674529,12.8689931],[77.5697162,12.86794],[77.5698105,12.8682621],[77.5722082,12.8678991],[77.5737182,12.8674261],[77.5743661,12.8698843],[77.5750873,12.869698],[77.5753069,12.8708026],[77.5794588,12.8711485],[77.5795065,12.8719284],[77.5807154,12.8741023],[77.5811513,12.8741078],[77.5814684,12.8752217],[77.579382,12.8750466],[77.5781753,12.8758452],[77.5781595,12.8761528],[77.5774086,12.8760896],[77.5770279,12.8773027],[77.5764393,12.8784849],[77.5763501,12.8799671],[77.5755945,12.8819428],[77.5728594,12.8822062],[77.5729169,12.8826773],[77.5726448,12.882699],[77.5726494,12.8830183]]]},"properties":{"ward_key":"ward_369_final.71","ward_no":44,"ward_name":"Harinagar","ward_name_kn":"ಹರಿನಗರ","corporation":"South"}},{"type":"Feature","geometry":{"type":"Polygon","coordinates":[[[77.61277,13.0148138],[77.612488,13.015226],[77.6118119,13.0157815],[77.6126427,13.0172745],[77.6129506,13.0172134],[77.6134328,13.019773],[77.6127588,13.0198608],[77.6126927,13.0188742],[77.6121192,13.0190824],[77.6118393,13.0180452],[77.6109779,13.018351],[77.6105919,13.0175415],[77.6091707,13.0181628],[77.6084117,13.0174614],[77.6068446,13.0171297],[77.6066788,13.0155608],[77.6072467,13.0155262],[77.6072908,13.0152176],[77.6057521,13.0151908],[77.6059792,13.014629],[77.6074144,13.0143762],[77.6071403,13.0134687],[77.6078809,13.0131599],[77.6075535,13.0124161],[77.608469,13.0119996],[77.6081373,13.0111777],[77.6094839,13.0109456],[77.6100972,13.0122066],[77.6101163,13.0128996],[77.6112114,13.014785],[77.6120735,13.0140672],[77.61277,13.0148138]]]},"properties":{"ward_key":"ward_369_final.72","ward_no":42,"ward_name":"Aruna Asif Ali Ward","ward_name_kn":"ಅರುಣಾ ಆಸಿಫ್ ಅಲಿ ವಾರ್ಡ್","corporation":"North"}},{"type":"Feature","geometry":{"type":"GeometryCollection","geometries":[{"type":"LineString","coordinates":[[77.5447234,12.8477352],[77.5448713,12.8476156]]},{"type":"Polygon","coordinates":[[[77.5143407,12.89405],[77.5134692,12.8932573],[77.5097297,12.8885396],[77.5072574,12.886948],[77.5011181,12.8837562],[77.4978458,12.8814005],[77.4941351,12.877884],[77.489303,12.8719911],[77.4918034,12.8708609],[77.492712,12.8722643],[77.4929425,12.8719031],[77.4947409,12.8718002],[77.4951738,12.8729559],[77.4963816,12.8729037],[77.497026,12.8723759],[77.4981157,12.873312],[77.5019714,12.8756851],[77.5045467,12.8770092],[77.5054161,12.8765897],[77.5070594,12.8732079],[77.5101148,12.8690308],[77.5105211,12.8689574],[77.5115925,12.8680622],[77.5126138,12.8682358],[77.5154419,12.8678777],[77.5194367,12.8717899],[77.5202052,12.8721493],[77.522919,12.8705588],[77.5202205,12.8663431],[77.5194482,12.8620432],[77.5184197,12.8610615],[77.5192801,12.8546754],[77.5216167,12.8486222],[77.5235185,12.8399451],[77.5260566,12.8406419],[77.5334342,12.8397015],[77.5351081,12.8409542],[77.5375745,12.8417374],[77.5378768,12.8424683],[77.538348,12.8453043],[77.5404916,12.8449616],[77.541265,12.8442732],[77.5416765,12.843325],[77.5427857,12.8433785],[77.5443141,12.8443686],[77.5444951,12.8467286],[77.5444483,12.8471168],[77.5447234,12.8477352],[77.5443342,12.8482386],[77.5443189,12.8485209],[77.5450926,12.8487755],[77.5452077,12.8493503],[77.5456481,12.8496532],[77.5455665,12.8504014],[77.5448069,12.8509805],[77.5449801,12.8514362],[77.5452442,12.8517137],[77.5455105,12.8526191],[77.5458597,12.8530629],[77.5458018,12.8545056],[77.5464482,12.8555439],[77.5459151,12.8565543],[77.5461902,12.8576679],[77.5464151,12.858091],[77.5456527,12.8592458],[77.5452855,12.8587784],[77.5449695,12.8592886],[77.5454532,12.8601716],[77.5459985,12.8612888],[77.5465843,12.8628179],[77.5479937,12.8637901],[77.5483332,12.8646361],[77.547915,12.8651111],[77.5482755,12.8665012],[77.5482574,12.8669282],[77.5502256,12.8676624],[77.5505261,12.8689728],[77.5499668,12.8704103],[77.5500343,12.8716812],[77.5509052,12.872827],[77.5509572,12.873973],[77.5509206,12.8753449],[77.5515524,12.875446],[77.551659,12.8765069],[77.552006,12.8767603],[77.5513956,12.8768189],[77.5512028,12.8773233],[77.5514531,12.8791978],[77.5508947,12.8811232],[77.5491755,12.8816346],[77.5491609,12.8826716],[77.5482694,12.882741],[77.5483158,12.883308],[77.5477296,12.8834367],[77.5477971,12.8839145],[77.5468987,12.8845478],[77.5455978,12.8835938],[77.5437089,12.8791863],[77.5411725,12.8797055],[77.5399293,12.8801038],[77.5386955,12.87996],[77.5375181,12.8802639],[77.537564,12.8832799],[77.5358421,12.8846134],[77.5325803,12.8852989],[77.5303962,12.8847954],[77.5279146,12.883965],[77.5202533,12.8833555],[77.5190338,12.8831924],[77.5166548,12.8873848],[77.5157231,12.8900579],[77.5161816,12.8916471],[77.5158887,12.8936771],[77.5157322,12.8935532],[77.515785,12.892507],[77.5152445,12.8925652],[77.515169,12.892959],[77.5139696,12.8929686],[77.5143407,12.89405]]]}]},"properties":{"ward_key":"ward_369_final.73","ward_no":52,"ward_name":"Talagattapura","ward_name_kn":"ತಲಘಟ್ಟಪುರ","corporation":"South"}},{"type":"Feature","geometry":{"type":"Polygon","coordinates":[[[77.6179582,12.9449636],[77.6171101,12.9453181],[77.6169652,12.9449966],[77.6177701,12.9446536],[77.6174587,12.9426239],[77.6174235,12.9422204],[77.6187133,12.9420998],[77.6187087,12.9423009],[77.6196853,12.9421963],[77.6212443,12.9414522],[77.6224105,12.9423128],[77.6228719,12.9418777],[77.6219352,12.9411811],[77.6228532,12.9401966],[77.6222484,12.9396141],[77.6238016,12.9379543],[77.6219773,12.9357539],[77.6238009,12.9346283],[77.627526,12.9377501],[77.6286854,12.9383579],[77.6288634,12.937687],[77.6291763,12.9375767],[77.6301706,12.934865],[77.6305582,12.9351348],[77.6303339,12.9361245],[77.6309155,12.9368254],[77.630798,12.9370814],[77.6315935,12.9378557],[77.6316689,12.9382838],[77.6328903,12.9379815],[77.6305669,12.9430982],[77.6295026,12.9429894],[77.6292969,12.9424389],[77.6289493,12.9425068],[77.6290159,12.9422504],[77.6281801,12.9424724],[77.6279432,12.9418414],[77.6263096,12.9416647],[77.6269855,12.9411201],[77.6270048,12.9407617],[77.6256968,12.9401261],[77.6254229,12.9398762],[77.6201821,12.9446978],[77.6184806,12.9459138],[77.6182683,12.945987],[77.6179582,12.9449636]]]},"properties":{"ward_key":"ward_369_final.74","ward_no":27,"ward_name":"Sri Lakshmi Devi Ward","ward_name_kn":"ಶ್ರೀ ಲಕ್ಷ್ಮೀದೇವಿ ವಾರ್ಡ್","corporation":"South"}},{"type":"Feature","geometry":{"type":"Polygon","coordinates":[[[77.6274915,13.0062325],[77.632521,13.0044145],[77.6353116,13.0039887],[77.6361777,13.0041553],[77.6360371,13.0062213],[77.6355907,13.0080574],[77.6351245,13.0111573],[77.6352138,13.0118672],[77.6328992,13.0117493],[77.6329954,13.0107325],[77.6318733,13.0105516],[77.6317085,13.012979],[77.6302668,13.0129218],[77.6303797,13.0117092],[77.6296373,13.0116487],[77.6296758,13.011372],[77.6300691,13.0112611],[77.6301036,13.0100158],[77.6314546,13.0091821],[77.6304705,13.0076393],[77.6290539,13.007787],[77.6289603,13.0073862],[77.6298269,13.007137],[77.6294942,13.0064137],[77.6277489,13.0069347],[77.6274915,13.0062325]]]},"properties":{"ward_key":"ward_369_final.75","ward_no":35,"ward_name":"Kammanahalli","ward_name_kn":"ಕಮ್ಮನಹಳ್ಳಿ","corporation":"North"}},{"type":"Feature","geometry":{"type":"Polygon","coordinates":[[[77.6130961,12.9094864],[77.6150207,12.9089177],[77.6162278,12.9139085],[77.6164421,12.9151971],[77.6193125,12.9126387],[77.6210382,12.9127027],[77.6214551,12.913209],[77.6209058,12.9136324],[77.6221457,12.9144736],[77.6221816,12.9163648],[77.6226229,12.9172693],[77.6193574,12.9162636],[77.5999931,12.9167278],[77.5999275,12.9117281],[77.602862,12.9117111],[77.6037272,12.9117263],[77.6037556,12.9109337],[77.6059932,12.9109229],[77.6059648,12.9116876],[77.6063885,12.9116839],[77.6064887,12.9103788],[77.6069579,12.9103583],[77.6069699,12.9105136],[77.6082231,12.9104553],[77.6081841,12.9094175],[77.6101982,12.9092016],[77.6101099,12.9094901],[77.6105557,12.9094627],[77.6106793,12.9100777],[77.613183,12.9099479],[77.6130961,12.9094864]]]},"properties":{"ward_key":"ward_369_final.76","ward_no":18,"ward_name":"Viswamanava Kuvempu Ward","ward_name_kn":"ವಿಶ್ವಮಾನವ ಕುವೆಂಪು ವಾರ್ಡ್","corporation":"South"}},{"type":"Feature","geometry":{"type":"Polygon","coordinates":[[[77.5615926,13.0221764],[77.561493,13.0214308],[77.5602705,13.0218167],[77.560188,13.0215531],[77.5589376,13.0220185],[77.5606613,13.0263433],[77.5583997,13.0272092],[77.5554861,13.0198421],[77.5543736,13.0197966],[77.5538883,13.0191904],[77.5558685,13.0157998],[77.5577053,13.0186183],[77.5588813,13.0181339],[77.5605694,13.0170775],[77.5620379,13.0194639],[77.562772,13.0207375],[77.5631909,13.0218029],[77.5631191,13.0224877],[77.5615926,13.0221764]]]},"properties":{"ward_key":"ward_369_final.77","ward_no":54,"ward_name":"Subedarpalya","ward_name_kn":"ಸುಬೇದಾರಪಾಳ್ಯ","corporation":"West"}},{"type":"Feature","geometry":{"type":"Polygon","coordinates":[[[77.4959724,13.0233018],[77.4987021,13.0249204],[77.4990297,13.0241304],[77.4995157,13.024219],[77.4995117,13.0240435],[77.5004573,13.0235869],[77.5000835,13.0223977],[77.5027501,13.0208099],[77.5040834,13.0227573],[77.5046121,13.023521],[77.5042327,13.0259783],[77.505737,13.0269531],[77.5077078,13.026949],[77.5077453,13.026011],[77.5096028,13.0258452],[77.5093803,13.0244975],[77.5197453,13.0285198],[77.5178591,13.033461],[77.5180705,13.0351191],[77.5150614,13.0355339],[77.5147649,13.0384518],[77.5145848,13.0384468],[77.5146209,13.0381319],[77.5143613,13.0381367],[77.5142101,13.0375063],[77.5135264,13.037647],[77.5130996,13.0359255],[77.5103387,13.0363796],[77.5104358,13.0339924],[77.5085249,13.0339145],[77.5084408,13.0345993],[77.5080105,13.0343034],[77.5076017,13.034502],[77.5071855,13.0334018],[77.5076255,13.0333138],[77.5073858,13.0320297],[77.506247,13.0322183],[77.5058041,13.0315472],[77.5051224,13.0316918],[77.5050942,13.0314092],[77.5037146,13.0316033],[77.5016239,13.0305419],[77.4963155,13.0282486],[77.4951354,13.0236742],[77.4959724,13.0233018]]]},"properties":{"ward_key":"ward_369_final.78","ward_no":3,"ward_name":"Nelagadaranahalli","ward_name_kn":"ನೆಲಗದರನಹಳ್ಳಿ","corporation":"West"}},{"type":"Feature","geometry":{"type":"Polygon","coordinates":[[[77.6121734,13.008169],[77.6128796,13.007897],[77.6125098,13.0068471],[77.6134488,13.0064762],[77.613689,13.0069867],[77.6145084,13.0066089],[77.614664,13.0069233],[77.6149902,13.0067558],[77.6158311,13.0084493],[77.6162241,13.008217],[77.6165692,13.0093914],[77.614711,13.0100533],[77.6163553,13.0124806],[77.6171074,13.014403],[77.6142488,13.0153134],[77.6140244,13.0146805],[77.6133098,13.0147913],[77.6134,13.0100874],[77.6131978,13.0084932],[77.612264,13.0086502],[77.6121734,13.008169]]]},"properties":{"ward_key":"ward_369_final.79","ward_no":45,"ward_name":"Kushal Nagar","ward_name_kn":"ಕುಶಾಲ್ ನಗರ","corporation":"North"}},{"type":"Feature","geometry":{"type":"Polygon","coordinates":[[[77.5661738,12.9628355],[77.568217,12.963782],[77.5683497,12.9636427],[77.5700336,12.9642628],[77.5701015,12.965596],[77.5702213,12.9679558],[77.5679068,12.9682111],[77.5679403,12.9671845],[77.5673611,12.9669647],[77.5664247,12.9671365],[77.5662035,12.9667583],[77.5654945,12.9667354],[77.5651984,12.9651523],[77.5656618,12.9651254],[77.5655257,12.9641102],[77.5661336,12.9640743],[77.5661738,12.9628355]]]},"properties":{"ward_key":"ward_369_final.8","ward_no":46,"ward_name":"Cheluvadi Palya","ward_name_kn":"ಚೆಲುವಾದಿ ಪಾಳ್ಯ","corporation":"Central"}},{"type":"Feature","geometry":{"type":"Polygon","coordinates":[[[77.6162151,12.9616379],[77.6127101,12.9616311],[77.6124672,12.9617817],[77.611622,12.9555561],[77.611354,12.954555],[77.6128019,12.9538668],[77.6128257,12.9540577],[77.613191,12.954002],[77.6131483,12.9538168],[77.6136987,12.9536009],[77.614099,12.9550785],[77.6175647,12.9537449],[77.6173186,12.9557699],[77.616656,12.9576067],[77.6162151,12.9616379]]]},"properties":{"ward_key":"ward_369_final.80","ward_no":29,"ward_name":"Austin Town","ward_name_kn":"ಆಸ್ಟಿನ್ ಟೌನ್","corporation":"Central"}},{"type":"Feature","geometry":{"type":"Polygon","coordinates":[[[77.6135745,12.9320797],[77.613402,12.9319331],[77.6096793,12.9347647],[77.6100724,12.9327845],[77.6084593,12.9328484],[77.6083797,12.9322241],[77.6073451,12.9321319],[77.60738,12.9313657],[77.6081206,12.931333],[77.6081014,12.9289496],[77.6079567,12.9275735],[77.6091363,12.9275726],[77.608742,12.9254084],[77.6089583,12.9249345],[77.610242,12.9249127],[77.6123122,12.9241548],[77.6133836,12.9238564],[77.614195,12.9234415],[77.6146373,12.9233949],[77.6154146,12.923164],[77.6146897,12.9217366],[77.6152288,12.9213015],[77.6162187,12.9224525],[77.6162208,12.9230336],[77.6147512,12.9237707],[77.6152239,12.9251903],[77.6148335,12.9252884],[77.6150542,12.9260537],[77.6154996,12.9259242],[77.6157015,12.9267276],[77.6152573,12.9268466],[77.6154406,12.927407],[77.6158994,12.9272876],[77.6161393,12.9277601],[77.6135745,12.9320797]]]},"properties":{"ward_key":"ward_369_final.81","ward_no":21,"ward_name":"Chikka Adugodi","ward_name_kn":"ಚಿಕ್ಕ ಆಡುಗೋಡಿ","corporation":"South"}},{"type":"Feature","geometry":{"type":"Polygon","coordinates":[[[77.5338573,13.010754],[77.5335237,13.0106938],[77.5336241,13.0123716],[77.5342516,13.0135593],[77.5347268,13.0132358],[77.5353065,13.0136887],[77.5346648,13.0145489],[77.5355081,13.0150425],[77.5366627,13.0152606],[77.5369406,13.0158422],[77.5375601,13.0164644],[77.5375527,13.0171489],[77.5372041,13.0175016],[77.5371577,13.0176683],[77.5357836,13.0179227],[77.5355912,13.0174113],[77.5332933,13.0178094],[77.5315962,13.017938],[77.5304683,13.0142779],[77.5310739,13.0141051],[77.5330412,13.0134524],[77.533001,13.0116075],[77.5330793,13.0112568],[77.5326575,13.0111154],[77.5327975,13.0106955],[77.5318813,13.0098406],[77.5320468,13.0095428],[77.5316009,13.0087144],[77.5344366,13.0076028],[77.5352843,13.0091701],[77.5336317,13.0102495],[77.5338573,13.010754]]]},"properties":{"ward_key":"ward_369_final.82","ward_no":38,"ward_name":"Nandini Layout","ward_name_kn":"ನಂದಿನಿ ಲೇಔಟ್","corporation":"West"}},{"type":"Feature","geometry":{"type":"Polygon","coordinates":[[[77.515785,12.892507],[77.5157403,12.8937294],[77.5168174,12.8936025],[77.517504,12.8931613],[77.5185026,12.8933865],[77.5188709,12.8929188],[77.5201094,12.8932457],[77.5209444,12.8936872],[77.5209324,12.8954197],[77.5204963,12.8969349],[77.5212838,12.8978647],[77.5225079,12.8973809],[77.5234204,12.8976216],[77.5243236,12.8974684],[77.525059,12.8988482],[77.5260812,12.9012112],[77.5263438,12.9023799],[77.525907,12.9024676],[77.5258723,12.9042578],[77.5301277,12.9109967],[77.5312432,12.9137522],[77.531782,12.9177925],[77.5344274,12.9183597],[77.5364294,12.9192493],[77.5382883,12.9181483],[77.5387868,12.9187881],[77.5385583,12.9196384],[77.5390495,12.920911],[77.5393843,12.9219151],[77.5398263,12.9221344],[77.5402721,12.9238026],[77.5401258,12.9242513],[77.538771,12.9246789],[77.5374907,12.9234785],[77.5369015,12.9235068],[77.5367191,12.9242596],[77.5367538,12.9261543],[77.5368912,12.926765],[77.5350696,12.9273192],[77.5349562,12.9288374],[77.5350516,12.9292347],[77.5341672,12.9308198],[77.5340979,12.9330736],[77.5336607,12.9336233],[77.5330958,12.935089],[77.5336498,12.9350565],[77.5339033,12.9359585],[77.5342956,12.9364664],[77.5324803,12.9397839],[77.5294443,12.9446855],[77.5278903,12.9451851],[77.5261057,12.9432611],[77.523455,12.9395813],[77.5203553,12.9369901],[77.5183388,12.9363852],[77.5178238,12.9347366],[77.5180782,12.9344076],[77.5180283,12.9336748],[77.517549,12.9326117],[77.5176914,12.9322231],[77.5187666,12.931715],[77.5209041,12.9299252],[77.5200345,12.9265822],[77.5231179,12.9252915],[77.5222316,12.9220526],[77.5240095,12.9216394],[77.5239833,12.9212989],[77.5247055,12.9212918],[77.5245649,12.9192267],[77.5240311,12.919225],[77.5241101,12.9184868],[77.523793,12.9177984],[77.5234064,12.9178276],[77.5232246,12.9171322],[77.5235404,12.9170129],[77.5229609,12.9147561],[77.5206958,12.9148783],[77.5210752,12.9082071],[77.5210938,12.9038407],[77.5213111,12.90285],[77.5198177,12.9026304],[77.5120226,12.9040387],[77.5110743,12.9039272],[77.5113372,12.9027569],[77.5109705,12.9025854],[77.511773,12.9021812],[77.5141548,12.902059],[77.5141322,12.9015272],[77.5133131,12.9010376],[77.5126312,12.9001684],[77.5137419,12.898724],[77.5134893,12.8980765],[77.514185,12.8971347],[77.514543,12.8953965],[77.5141094,12.8950946],[77.5143407,12.89405],[77.5139696,12.8929686],[77.5145787,12.8928698],[77.515169,12.892959],[77.5154053,12.8924654],[77.515785,12.892507]]]},"properties":{"ward_key":"ward_369_final.83","ward_no":22,"ward_name":"Bangarappa Nagara","ward_name_kn":"ಬಂಗಾರಪ್ಪ ನಗರ","corporation":"West"}},{"type":"Feature","geometry":{"type":"Polygon","coordinates":[[[77.5772787,13.1052039],[77.5753165,13.1055106],[77.5751246,13.1038468],[77.5756,13.1038093],[77.5759508,13.1034961],[77.5759291,13.1025372],[77.5747282,13.1027093],[77.5743078,13.1010876],[77.5735929,13.1015998],[77.5728101,13.1016728],[77.5720676,13.1010049],[77.571613,13.1010747],[77.5708203,13.1004087],[77.5707682,13.1000839],[77.5704428,13.1004321],[77.5701873,13.1001013],[77.5709075,13.0990551],[77.5709783,13.0981791],[77.569932,13.0980647],[77.5695355,13.0943807],[77.5702942,13.0923086],[77.5741745,13.0904375],[77.5802058,13.0890924],[77.5807592,13.0913869],[77.5797317,13.092109],[77.5791905,13.0923819],[77.5792971,13.0925306],[77.5789089,13.0927097],[77.5789363,13.0936032],[77.5785494,13.0935682],[77.578398,13.0939247],[77.5787134,13.0942371],[77.5784622,13.0944644],[77.5794771,13.095496],[77.5818831,13.0937881],[77.5858341,13.0927189],[77.5875375,13.0927666],[77.5889321,13.0930564],[77.5897496,13.0934772],[77.5901464,13.0925401],[77.5909551,13.0931281],[77.591718,13.0949905],[77.5923182,13.0971885],[77.5906305,13.0986801],[77.5833945,13.1047809],[77.5810041,13.107679],[77.580737,13.1084938],[77.5797264,13.1083438],[77.5796655,13.1086741],[77.5778538,13.1064192],[77.5772787,13.1052039]]]},"properties":{"ward_key":"ward_369_final.84","ward_no":5,"ward_name":"Yelahanka Satellite Town","ward_name_kn":"ಯಲಹಂಕ ಸ್ಯಾಟಲೈಟ್‌ ಟೌನ್‌","corporation":"North"}},{"type":"Feature","geometry":{"type":"Polygon","coordinates":[[[77.5614474,12.9985965],[77.561546,12.9983087],[77.5614671,12.9979408],[77.5610845,12.9980214],[77.5605762,12.9971794],[77.559854,12.9966766],[77.5591505,12.9949857],[77.5603842,12.9944563],[77.5601254,12.9939778],[77.5620467,12.9938151],[77.5683095,12.9933946],[77.5662619,12.9963396],[77.5633168,13.0007513],[77.5614412,13.0039601],[77.5607233,13.001135],[77.5623157,13.0008397],[77.5622924,13.000349],[77.5621324,13.0003606],[77.5619381,12.9990512],[77.5616732,12.99908],[77.5614474,12.9985965]]]},"properties":{"ward_key":"ward_369_final.85","ward_no":57,"ward_name":"Kuvempu Ward","ward_name_kn":"ಕುವೆಂಪು ವಾರ್ಡ್","corporation":"West"}},{"type":"Feature","geometry":{"type":"Polygon","coordinates":[[[77.5327807,12.9704316],[77.5362305,12.9694356],[77.5355545,12.967696],[77.536194,12.9675188],[77.5380051,12.9724111],[77.5391468,12.9731419],[77.5422068,12.973812],[77.5419825,12.9746648],[77.5402943,12.9742892],[77.5404275,12.975555],[77.5373962,12.9756727],[77.5346422,12.9756246],[77.5334025,12.9758072],[77.5342394,12.9782978],[77.5339117,12.9783837],[77.5341805,12.9792565],[77.5305996,12.9805489],[77.5295155,12.9778962],[77.5291744,12.9778626],[77.5291036,12.9767474],[77.5287398,12.9766347],[77.5287167,12.9763754],[77.5265781,12.9762487],[77.526541,12.9743848],[77.5271304,12.9743579],[77.5270629,12.9729159],[77.529747,12.9729034],[77.5337999,12.9720866],[77.5333414,12.9705442],[77.5328246,12.9706492],[77.5327807,12.9704316]]]},"properties":{"ward_key":"ward_369_final.86","ward_no":73,"ward_name":"Dr. Vishnuvardhan Ward","ward_name_kn":"ಡಾII ವಿಷ್ಣುವರ್ಧನ್ ವಾರ್ಡ್","corporation":"West"}},{"type":"Feature","geometry":{"type":"Polygon","coordinates":[[[77.5657258,12.9209945],[77.5644736,12.9177047],[77.5648509,12.9167614],[77.5657307,12.9179133],[77.5660655,12.9187964],[77.5687144,12.9181502],[77.5688588,12.9169671],[77.5695604,12.9155151],[77.5701272,12.9159032],[77.570649,12.9164018],[77.5731036,12.9167503],[77.5735342,12.9169787],[77.5736493,12.918213],[77.5742925,12.920253],[77.5744021,12.920838],[77.5735613,12.9210258],[77.5735747,12.9253042],[77.5713963,12.9256134],[77.5714333,12.9243567],[77.5704692,12.9246076],[77.5695787,12.9210524],[77.5690624,12.9211953],[77.5692564,12.921877],[77.5656496,12.92259],[77.5652175,12.9211354],[77.5657258,12.9209945]]]},"properties":{"ward_key":"ward_369_final.87","ward_no":107,"ward_name":"Dharmagiri Ward","ward_name_kn":"ಧರ್ಮಗಿರಿ ವಾರ್ಡ್","corporation":"West"}},{"type":"Feature","geometry":{"type":"Polygon","coordinates":[[[77.5052594,12.9937503],[77.5065172,12.9935897],[77.5064387,12.993143],[77.5058449,12.9932346],[77.5057979,12.9928021],[77.5052013,12.9928689],[77.5051457,12.9919786],[77.5046961,12.991765],[77.505094,12.9907232],[77.5057249,12.9896702],[77.5042438,12.9902447],[77.5017807,12.989636],[77.4997597,12.9888999],[77.4975593,12.9887133],[77.4958806,12.9864481],[77.4954229,12.9849063],[77.4938917,12.9815092],[77.4934497,12.9798985],[77.4957514,12.9791735],[77.4969959,12.9817738],[77.5020717,12.9798202],[77.5015867,12.9782839],[77.5040404,12.9777678],[77.5038313,12.9770172],[77.5061795,12.9761025],[77.5069836,12.9759093],[77.5070891,12.9757351],[77.5076008,12.9756233],[77.5077252,12.9758301],[77.5095455,12.975259],[77.5109903,12.9810244],[77.5109528,12.9830785],[77.5107668,12.9846733],[77.5120595,12.9870877],[77.5122839,12.9879015],[77.5108476,12.9883583],[77.5101778,12.9881302],[77.5092502,12.9882006],[77.5086058,12.9889163],[77.5076475,12.9891281],[77.5084218,12.9947116],[77.5071917,12.9950928],[77.5069185,12.9940278],[77.5052863,12.9941914],[77.5052594,12.9937503]]]},"properties":{"ward_key":"ward_369_final.88","ward_no":27,"ward_name":"Srigandada Kaval","ward_name_kn":"ಶ್ರೀಗಂಧದ ಕಾವಲ್","corporation":"West"}},{"type":"Feature","geometry":{"type":"Polygon","coordinates":[[[77.6120608,13.0334091],[77.6167995,13.0276988],[77.6200462,13.0262079],[77.6210739,13.0303502],[77.6218212,13.0320336],[77.6144856,13.0343005],[77.6139927,13.0331168],[77.6131483,13.0333994],[77.6136988,13.035808],[77.6119166,13.0361477],[77.61187,13.0359313],[77.6116724,13.0361374],[77.6117468,13.0364915],[77.6108268,13.0366816],[77.6107722,13.0361252],[77.6118215,13.0337099],[77.6120608,13.0334091]]]},"properties":{"ward_key":"ward_369_final.89","ward_no":25,"ward_name":"Govindapura","ward_name_kn":"ಗೋವಿಂದಪುರ","corporation":"North"}},{"type":"Feature","geometry":{"type":"Polygon","coordinates":[[[77.5629673,12.9490469],[77.5642394,12.9485194],[77.5642173,12.9472872],[77.5677688,12.9473333],[77.5676811,12.9503242],[77.5676715,12.9506414],[77.56636,12.9507714],[77.566608,12.9527889],[77.5675856,12.9528215],[77.5674047,12.9570948],[77.5633548,12.9569867],[77.563429,12.9539459],[77.5618285,12.9533744],[77.5618969,12.9514505],[77.5622927,12.9508096],[77.5621206,12.949909],[77.5614955,12.9493561],[77.5623542,12.9489389],[77.5629673,12.9490469]]]},"properties":{"ward_key":"ward_369_final.9","ward_no":43,"ward_name":"Devaraj Urs Ward","ward_name_kn":"ದೇವರಾಜ ಅರಸು ವಾರ್ಡ್‌","corporation":"Central"}},{"type":"Feature","geometry":{"type":"Polygon","coordinates":[[[77.5184121,12.9441758],[77.519963,12.9439037],[77.5199955,12.9428341],[77.5204934,12.9428482],[77.5205902,12.9420412],[77.5213242,12.9421295],[77.5214278,12.9418334],[77.5184903,12.9406382],[77.5177882,12.9363792],[77.5199717,12.9368364],[77.5211192,12.937708],[77.523455,12.9395813],[77.5247414,12.9412143],[77.5269398,12.9442705],[77.5279754,12.9452721],[77.527733,12.9455143],[77.5263891,12.9458759],[77.5266557,12.9485492],[77.5238539,12.9495714],[77.5225344,12.9493961],[77.5221815,12.9499036],[77.5219784,12.9493606],[77.5205811,12.9495732],[77.5200706,12.9465766],[77.5197282,12.9466113],[77.5196779,12.9461625],[77.5186614,12.9463494],[77.5186085,12.9459113],[77.5188237,12.9458949],[77.5186884,12.9449141],[77.5184808,12.9449233],[77.5184121,12.9441758]]]},"properties":{"ward_key":"ward_369_final.90","ward_no":81,"ward_name":"Nayanda Halli","ward_name_kn":"ನಾಯಂಡ ಹಳ್ಳಿ","corporation":"West"}},{"type":"Feature","geometry":{"type":"Polygon","coordinates":[[[77.6060615,12.9217035],[77.6065774,12.9232516],[77.6073657,12.923044],[77.607893,12.92483],[77.6069354,12.9250831],[77.6069595,12.9254555],[77.6060723,12.9256101],[77.6053397,12.9251843],[77.6051128,12.925148],[77.6049049,12.9226814],[77.6020355,12.9226775],[77.6021611,12.9238022],[77.6010416,12.9241221],[77.5975254,12.9245066],[77.5974673,12.9231729],[77.5934558,12.9232381],[77.5934486,12.9216452],[77.5969878,12.9216019],[77.5969674,12.9205056],[77.6000527,12.9205715],[77.6001537,12.9209147],[77.6022993,12.9210673],[77.6025137,12.9214323],[77.6040037,12.9213584],[77.6040016,12.9215031],[77.6048319,12.921538],[77.6048438,12.9219381],[77.6060615,12.9217035]]]},"properties":{"ward_key":"ward_369_final.91","ward_no":10,"ward_name":"Abdul Kalam Nagar","ward_name_kn":"ಅಬ್ದುಲ್ ಕಲಾಂ ನಗರ","corporation":"South"}},{"type":"Feature","geometry":{"type":"GeometryCollection","geometries":[{"type":"LineString","coordinates":[[77.6651317,12.9205948],[77.6649775,12.9206043]]},{"type":"Polygon","coordinates":[[[77.696561,12.9161234],[77.6987111,12.9154858],[77.6990121,12.916837],[77.6964624,12.9198341],[77.6955049,12.9212999],[77.694829,12.9258938],[77.6947137,12.9291045],[77.6950704,12.9313203],[77.6931282,12.9313986],[77.6917527,12.9321568],[77.6903958,12.9347348],[77.6846376,12.9298373],[77.676169,12.9258022],[77.6755729,12.9225853],[77.6711192,12.9230684],[77.6710726,12.923425],[77.6695275,12.9227739],[77.6695798,12.9234162],[77.6680773,12.9232976],[77.6677816,12.9216607],[77.6665689,12.9210246],[77.6653824,12.9210941],[77.6651317,12.9205948],[77.6687247,12.9188607],[77.6723347,12.9175189],[77.6735151,12.9167354],[77.6738425,12.9159002],[77.676158,12.914396],[77.6787296,12.9135165],[77.6845168,12.9107436],[77.6863491,12.9100251],[77.686914,12.9116586],[77.6872651,12.9120716],[77.6871274,12.9121446],[77.6876477,12.9131888],[77.6879349,12.913351],[77.6884941,12.9154412],[77.6921173,12.9155719],[77.696561,12.9161234]]]}]},"properties":{"ward_key":"ward_369_final.92","ward_no":49,"ward_name":"Shivanasamudra Ward","ward_name_kn":"ಶಿವನಸಮುದ್ರ ವಾರ್ಡ್","corporation":"East"}},{"type":"Feature","geometry":{"type":"Polygon","coordinates":[[[77.6229728,12.8945478],[77.6226988,12.8945895],[77.6227716,12.8950061],[77.6253164,12.8945968],[77.6254665,12.8957073],[77.6253368,12.8959149],[77.6260472,12.8958294],[77.6261168,12.8966051],[77.6242172,12.8970113],[77.6239718,12.8965149],[77.6229152,12.8963918],[77.6230987,12.8973195],[77.6213643,12.8974084],[77.6214413,12.8976775],[77.6194839,12.898229],[77.6189161,12.8979698],[77.6180801,12.8979962],[77.6177559,12.8960273],[77.6171796,12.8959656],[77.6171977,12.894406],[77.6164687,12.8944891],[77.6165493,12.8952298],[77.6154922,12.8951594],[77.6154842,12.8948867],[77.6146469,12.8948857],[77.6143597,12.8933386],[77.6160514,12.8929591],[77.6156948,12.8889489],[77.616358,12.8885445],[77.6193163,12.8882172],[77.6198273,12.8887862],[77.6213887,12.8886312],[77.6214479,12.8887681],[77.6255553,12.8885546],[77.6255372,12.8883929],[77.6270519,12.8882647],[77.6286343,12.8881201],[77.6286092,12.8901327],[77.6292776,12.890973],[77.6294739,12.8918044],[77.6301955,12.8926543],[77.6287183,12.892835],[77.6287993,12.8932846],[77.6285846,12.8933089],[77.6285979,12.8937318],[77.6258128,12.8937068],[77.6258429,12.8933715],[77.6227372,12.8934615],[77.6227186,12.894019],[77.6230306,12.8940097],[77.6229728,12.8945478]]]},"properties":{"ward_key":"ward_369_final.93","ward_no":62,"ward_name":"Devarachikkanahalli","ward_name_kn":"ದೇವರಚಿಕ್ಕನಹಳ್ಳಿ","corporation":"South"}},{"type":"Feature","geometry":{"type":"Polygon","coordinates":[[[77.6677806,12.9815807],[77.6691387,12.9813849],[77.6690459,12.9806521],[77.670008,12.9803868],[77.6701349,12.9796024],[77.6710347,12.9791271],[77.6699481,12.9768736],[77.6706689,12.9765771],[77.6705002,12.9761886],[77.67112,12.9760928],[77.6717462,12.9764928],[77.6710499,12.9768206],[77.671291,12.9772023],[77.6720138,12.9769698],[77.6726862,12.9787317],[77.6741655,12.9782954],[77.6744008,12.978886],[77.6755103,12.978834],[77.6793379,12.9779756],[77.6804387,12.9827555],[77.6797134,12.983628],[77.6783568,12.9843579],[77.6749244,12.9863683],[77.6729329,12.9863696],[77.6717122,12.9858785],[77.6694798,12.9861216],[77.6667619,12.9851129],[77.6639287,12.9855366],[77.6635961,12.9837199],[77.6639814,12.9837284],[77.6644089,12.9832953],[77.664284,12.9826974],[77.6654164,12.9825639],[77.665727,12.9818048],[77.6656259,12.9815096],[77.6677806,12.9815807]]]},"properties":{"ward_key":"ward_369_final.94","ward_no":17,"ward_name":"Kaggadasapura","ward_name_kn":"ಕಗ್ಗದಾಸಪುರ","corporation":"Central"}},{"type":"Feature","geometry":{"type":"Polygon","coordinates":[[[77.5699364,12.8837001],[77.5743244,12.8830676],[77.5743495,12.8835643],[77.5755782,12.8835349],[77.5755468,12.88537],[77.5767458,12.8852151],[77.5775344,12.8856388],[77.5770886,12.8866102],[77.5766797,12.8865206],[77.5758265,12.8882576],[77.5756525,12.8895267],[77.5766824,12.889619],[77.5765194,12.891456],[77.5773286,12.8916169],[77.5772052,12.8925248],[77.5779712,12.8926852],[77.5775836,12.8941167],[77.5769237,12.8939391],[77.5767469,12.894767],[77.5757767,12.8944025],[77.5755625,12.8951273],[77.5742986,12.8945972],[77.5734846,12.8945803],[77.5735271,12.894345],[77.5733214,12.8942702],[77.5729043,12.8947972],[77.5718814,12.8944448],[77.5720013,12.8916967],[77.5717238,12.8907094],[77.5693423,12.890536],[77.5696334,12.8885353],[77.5687222,12.888597],[77.5688107,12.8863307],[77.5706313,12.8860239],[77.5699364,12.8837001]]]},"properties":{"ward_key":"ward_369_final.95","ward_no":43,"ward_name":"Bheereshwara Nagar","ward_name_kn":"ಭೀರೇಶ್ವರ ನಗರ","corporation":"South"}},{"type":"Feature","geometry":{"type":"GeometryCollection","geometries":[{"type":"LineString","coordinates":[[77.57967,12.8969617],[77.5798518,12.8971206]]},{"type":"Polygon","coordinates":[[[77.5852941,12.8775911],[77.5854349,12.8786071],[77.5906164,12.8814649],[77.5907272,12.8830674],[77.5916279,12.8858569],[77.5917963,12.8883001],[77.5847074,12.8897762],[77.5824464,12.8906072],[77.581856,12.8912849],[77.5818075,12.8921697],[77.5809775,12.8921118],[77.5795372,12.8967533],[77.57967,12.8969617],[77.579447,12.8968852],[77.5792257,12.8972454],[77.5754811,12.8952416],[77.5757767,12.8944025],[77.5767469,12.894767],[77.5769237,12.8939391],[77.5775836,12.8941167],[77.5779712,12.8926852],[77.5772052,12.8925248],[77.5773286,12.8916169],[77.5765194,12.891456],[77.5766824,12.889619],[77.5756525,12.8895267],[77.5758265,12.8882576],[77.5766797,12.8865206],[77.5770886,12.8866102],[77.5775344,12.8856388],[77.5767458,12.8852151],[77.5755468,12.88537],[77.5755782,12.8835349],[77.5743495,12.8835643],[77.5743244,12.8830676],[77.5713739,12.8834524],[77.5713354,12.8831392],[77.5726494,12.8830183],[77.5726448,12.882699],[77.5729169,12.8826773],[77.5728594,12.8822062],[77.5755945,12.8819428],[77.5757762,12.881422],[77.5763806,12.8814789],[77.5764397,12.8819265],[77.5790164,12.881909],[77.5794103,12.8808649],[77.5819799,12.8813675],[77.5837671,12.881496],[77.5842292,12.879819],[77.5839537,12.8776095],[77.5852941,12.8775911]]]}]},"properties":{"ward_key":"ward_369_final.96","ward_no":42,"ward_name":"RBI Layout","ward_name_kn":"ಆರ್‌ಬಿಐ ಲೇಔಟ್","corporation":"South"}},{"type":"Feature","geometry":{"type":"Polygon","coordinates":[[[77.5987801,13.0020735],[77.6000088,13.0046954],[77.6020055,13.0039424],[77.6035356,13.0031737],[77.6038699,13.003528],[77.6037969,13.0043158],[77.6047048,13.006065],[77.60494,13.0059813],[77.6052368,13.0066695],[77.5957681,13.0112172],[77.5949229,13.0091378],[77.5947787,13.0092181],[77.5933279,13.0055883],[77.596795,13.0031061],[77.5987801,13.0020735]]]},"properties":{"ward_key":"ward_369_final.97","ward_no":1,"ward_name":"Ramaswamy Palya","ward_name_kn":"ರಾಮಸ್ವಾಮಿ ಪಾಳ್ಯ","corporation":"Central"}},{"type":"Feature","geometry":{"type":"GeometryCollection","geometries":[{"type":"LineString","coordinates":[[77.6673226,13.0638422],[77.6672972,13.0640406]]},{"type":"MultiPolygon","coordinates":[[[[77.6886556,13.0220309],[77.6943795,13.0267388],[77.6909147,13.0324903],[77.6864656,13.0335482],[77.6836302,13.0332386],[77.6831768,13.0272161],[77.6839616,13.0228933],[77.6878576,13.0221437],[77.6886556,13.0220309]]],[[[77.6792392,13.0574838],[77.6789201,13.0577529],[77.6788848,13.058029],[77.6791946,13.0581162],[77.6794672,13.0585266],[77.6793768,13.0609776],[77.6796069,13.0619696],[77.6791335,13.0628712],[77.6766701,13.0628823],[77.6768407,13.0644208],[77.67712,13.0650551],[77.6753536,13.0649458],[77.6746325,13.0652074],[77.6709671,13.0657261],[77.6700267,13.0657819],[77.6673226,13.0638422],[77.6659651,13.0613817],[77.6656185,13.0606837],[77.6652667,13.0548991],[77.6642456,13.0508081],[77.665978,13.0500167],[77.6693681,13.0499788],[77.6700458,13.0502503],[77.6715555,13.0512386],[77.6724272,13.0511282],[77.6731816,13.0507859],[77.6739673,13.0509087],[77.6753413,13.0521333],[77.6758059,13.0525452],[77.6783971,13.0524432],[77.6792147,13.0555958],[77.6793709,13.0556927],[77.6792392,13.0574838]]],[[[77.65614,13.046842],[77.6561028,13.0481049],[77.6551183,13.04808],[77.6548465,13.0488913],[77.6555233,13.0527283],[77.6555195,13.0550715],[77.6551334,13.0551523],[77.655483,13.0566652],[77.6555316,13.0595985],[77.6563632,13.0670756],[77.6564534,13.0700956],[77.6563421,13.0752201],[77.6547211,13.0819932],[77.649586,13.0813628],[77.6506712,13.07761],[77.6516144,13.070205],[77.6519575,13.060845],[77.6516052,13.0586993],[77.6490817,13.0588308],[77.6488929,13.0577052],[77.6471281,13.0575146],[77.6469082,13.0572692],[77.6470928,13.0565955],[77.6470989,13.0556502],[77.647282,13.0557014],[77.6473238,13.0542747],[77.6471005,13.0542386],[77.6474761,13.0519752],[77.6479949,13.0507254],[77.6470456,13.0495133],[77.647424,13.0494101],[77.6472683,13.0490582],[77.6474689,13.0488698],[77.6472046,13.0483249],[77.6476864,13.0480443],[77.6505618,13.0474921],[77.6525333,13.0468089],[77.6530797,13.0465537],[77.65614,13.046842]]]]}]},"properties":{"ward_key":"ward_369_final.98","ward_no":28,"ward_name":"Byrathi","ward_name_kn":"ಬೈರತಿ","corporation":"East"}},{"type":"Feature","geometry":{"type":"Polygon","coordinates":[[[77.5480645,12.9082104],[77.5526261,12.9066732],[77.5535627,12.9063321],[77.5544383,12.9086686],[77.5519913,12.9092699],[77.5521629,12.9098139],[77.5512837,12.9100119],[77.5511251,12.9095061],[77.550223,12.9097797],[77.5492188,12.9091512],[77.5467705,12.9098254],[77.5468484,12.9107725],[77.5447198,12.9098451],[77.5443764,12.9098829],[77.5439558,12.9091059],[77.544201,12.9089812],[77.5439273,12.9084163],[77.54414,12.9083262],[77.5434127,12.9064721],[77.5428712,12.9066263],[77.5438229,12.9089072],[77.5435328,12.9089864],[77.5427705,12.9072757],[77.5420774,12.90739],[77.5429766,12.9086889],[77.542544,12.9091513],[77.5408677,12.9086565],[77.5398347,12.9081039],[77.5387474,12.9086559],[77.538465,12.9085305],[77.5393513,12.9103316],[77.5387072,12.9105161],[77.5388425,12.911083],[77.5393939,12.9109917],[77.5395423,12.9116879],[77.5423702,12.9108195],[77.54278,12.9122337],[77.5430467,12.9121612],[77.5437328,12.9139965],[77.5439658,12.9139362],[77.5448069,12.9161311],[77.5434993,12.9164627],[77.5436847,12.9158599],[77.5429412,12.9160817],[77.5424685,12.9170653],[77.5428765,12.9177758],[77.5420108,12.9181824],[77.5418616,12.9188124],[77.5393216,12.9175259],[77.5378497,12.9185623],[77.5364294,12.9192493],[77.5344274,12.9183597],[77.531782,12.9177925],[77.5310857,12.913104],[77.5294978,12.9099166],[77.5258723,12.9042578],[77.525907,12.9024676],[77.5263438,12.9023799],[77.5259413,12.9006921],[77.5247644,12.8980247],[77.5243236,12.8974684],[77.5229156,12.8975797],[77.522348,12.8973915],[77.5211293,12.897838],[77.5204841,12.8966324],[77.5209324,12.8954197],[77.5209444,12.8936872],[77.519243,12.8929503],[77.5187202,12.8929847],[77.5185026,12.8933865],[77.5173423,12.8931673],[77.5162398,12.8937788],[77.5158887,12.8936771],[77.5161246,12.8912081],[77.5157231,12.8900579],[77.5170761,12.8866298],[77.5190338,12.8831924],[77.5255458,12.8838208],[77.5279146,12.883965],[77.5315951,12.8851966],[77.5331097,12.8851639],[77.5360867,12.884436],[77.537564,12.8832799],[77.5375181,12.8802639],[77.539057,12.8799022],[77.5399293,12.8801038],[77.543213,12.8792137],[77.5437089,12.8791863],[77.5440274,12.8803747],[77.5412978,12.8839726],[77.5417657,12.8859773],[77.5412611,12.8878629],[77.5415484,12.8901287],[77.5426703,12.8920157],[77.5375532,12.8937042],[77.5364549,12.8941666],[77.5370502,12.8954118],[77.5387735,12.8948756],[77.5389013,12.8950764],[77.5428021,12.8939251],[77.5425394,12.8932577],[77.5431203,12.8929997],[77.5434337,12.8936941],[77.5436343,12.8953542],[77.5440184,12.8966017],[77.5439833,12.8976265],[77.5429497,12.8978634],[77.54252,12.8970091],[77.5412705,12.8971225],[77.540004,12.897723],[77.5394391,12.8984511],[77.5396384,12.899105],[77.5390775,12.8993376],[77.5392653,12.9000138],[77.5395954,12.9000005],[77.5398238,12.900395],[77.5405962,12.900366],[77.5414016,12.901643],[77.5407886,12.9020855],[77.5414501,12.9034619],[77.5409846,12.9037356],[77.541979,12.9058812],[77.5427135,12.905775],[77.5444773,12.9066337],[77.5462274,12.9070247],[77.5480645,12.9082104]]]},"properties":{"ward_key":"ward_369_final.99","ward_no":51,"ward_name":"Subramanyapura","ward_name_kn":"ಸುಬ್ರಹ್ಮಣ್ಯಪುರ","corporation":"South"}}]}